ISO-10303-21;
HEADER;
FILE_DESCRIPTION(('ViewDefinition[DesignTransferView]'),'2;1');
FILE_NAME('s05-activity.ifc','2026-10-07T15:22:45+08:00',(''),(''),'IfcOpenShell 0.8.5-post1','Bonsai 0.8.5-post1','Nobody');
FILE_SCHEMA(('IFC4'));
ENDSEC;
DATA;
#1=IFCPROJECT('3eTcZhpkr8vvmAideG4uKf',$,'My Project',$,$,$,$,(#10,#22),#5);
#2=IFCSIUNIT(*,.LENGTHUNIT.,$,.METRE.);
#3=IFCSIUNIT(*,.AREAUNIT.,$,.SQUARE_METRE.);
#4=IFCSIUNIT(*,.VOLUMEUNIT.,$,.CUBIC_METRE.);
#5=IFCUNITASSIGNMENT((#3,#4,#2));
#6=IFCCARTESIANPOINT((0.,0.,0.));
#7=IFCDIRECTION((0.,0.,1.));
#8=IFCDIRECTION((1.,0.,0.));
#9=IFCAXIS2PLACEMENT3D(#6,#7,#8);
#10=IFCGEOMETRICREPRESENTATIONCONTEXT($,'Model',3,1.0000000000000001E-05,#9,$);
#11=IFCGEOMETRICREPRESENTATIONSUBCONTEXT('Body','Model',*,*,*,*,#10,$,.MODEL_VIEW.,$);
#12=IFCGEOMETRICREPRESENTATIONSUBCONTEXT('Axis','Model',*,*,*,*,#10,$,.GRAPH_VIEW.,$);
#13=IFCGEOMETRICREPRESENTATIONSUBCONTEXT('Box','Model',*,*,*,*,#10,$,.MODEL_VIEW.,$);
#14=IFCGEOMETRICREPRESENTATIONSUBCONTEXT('Annotation','Model',*,*,*,*,#10,$,.SECTION_VIEW.,$);
#15=IFCGEOMETRICREPRESENTATIONSUBCONTEXT('Annotation','Model',*,*,*,*,#10,$,.ELEVATION_VIEW.,$);
#16=IFCGEOMETRICREPRESENTATIONSUBCONTEXT('Annotation','Model',*,*,*,*,#10,$,.MODEL_VIEW.,$);
#17=IFCGEOMETRICREPRESENTATIONSUBCONTEXT('Annotation','Model',*,*,*,*,#10,$,.PLAN_VIEW.,$);
#18=IFCGEOMETRICREPRESENTATIONSUBCONTEXT('Profile','Model',*,*,*,*,#10,$,.ELEVATION_VIEW.,$);
#19=IFCCARTESIANPOINT((0.,0.));
#20=IFCDIRECTION((1.,0.));
#21=IFCAXIS2PLACEMENT2D(#19,#20);
#22=IFCGEOMETRICREPRESENTATIONCONTEXT($,'Plan',2,1.0000000000000001E-05,#21,$);
#23=IFCGEOMETRICREPRESENTATIONSUBCONTEXT('Axis','Plan',*,*,*,*,#22,$,.GRAPH_VIEW.,$);
#24=IFCGEOMETRICREPRESENTATIONSUBCONTEXT('Body','Plan',*,*,*,*,#22,$,.PLAN_VIEW.,$);
#25=IFCGEOMETRICREPRESENTATIONSUBCONTEXT('Annotation','Plan',*,*,*,*,#22,$,.PLAN_VIEW.,$);
#26=IFCGEOMETRICREPRESENTATIONSUBCONTEXT('Annotation','Plan',*,*,*,*,#22,$,.REFLECTED_PLAN_VIEW.,$);
#27=IFCSITE('0MH7F$16v4PPazFfyZ_1Ny',$,'My Site',$,$,#50,$,$,$,$,$,$,$,$);
#33=IFCBUILDING('2RPunjw3T1fvB$yYqawGQD',$,'My Building',$,$,#56,$,$,$,$,$,$);
#39=IFCBUILDINGSTOREY('3cmKDwDQ93FAxOgC1_o4oJ',$,'GF',$,$,#62,$,$,$,$);
#45=IFCRELAGGREGATES('3V4cQDJKv7dxjCKPncQXtg',$,$,$,#1,(#27));
#46=IFCCARTESIANPOINT((0.,0.,0.));
#47=IFCDIRECTION((0.,0.,1.));
#48=IFCDIRECTION((1.,0.,0.));
#49=IFCAXIS2PLACEMENT3D(#46,#47,#48);
#50=IFCLOCALPLACEMENT($,#49);
#51=IFCRELAGGREGATES('1RPmd7w257EOg7nwJoK4n6',$,$,$,#27,(#33));
#52=IFCCARTESIANPOINT((0.,0.,0.));
#53=IFCDIRECTION((0.,0.,1.));
#54=IFCDIRECTION((1.,0.,0.));
#55=IFCAXIS2PLACEMENT3D(#52,#53,#54);
#56=IFCLOCALPLACEMENT(#50,#55);
#57=IFCRELAGGREGATES('3PC6jiEOn22gS3FHbG8NMl',$,$,$,#33,(#39,#63,#12960));
#58=IFCCARTESIANPOINT((0.,0.,0.));
#59=IFCDIRECTION((0.,0.,1.));
#60=IFCDIRECTION((1.,0.,0.));
#61=IFCAXIS2PLACEMENT3D(#58,#59,#60);
#62=IFCLOCALPLACEMENT(#56,#61);
#63=IFCBUILDINGSTOREY('1G1jYAsMvER8dLvHEnUWsm',$,'2F',$,$,#6235,$,$,$,$);
#80=IFCWALLTYPE('1Cwq9cC1fDKempdAKa3SfA',$,'Wall',$,$,(#85),$,$,$,.SOLIDWALL.);
#81=IFCMATERIAL('Unknown',$,$);
#82=IFCMATERIALLAYERSET((#84),$,$);
#83=IFCRELASSOCIATESMATERIAL('2TeenzhL9CgQ5tav1NR$Mk',$,$,$,(#80),#82);
#84=IFCMATERIALLAYER(#81,0.10000000000000001,$,$,$,$,$);
#85=IFCPROPERTYSET('1qnIyWgr596QWqRntv9hUC',$,'EPset_Parametric',$,(#86));
#86=IFCPROPERTYSINGLEVALUE('LayerSetDirection',$,IFCLABEL('AXIS2'),$);
#127=IFCWALL('3FSkA9N813WPYde_jNB1vH',$,'Wall',$,$,#1559,#135,$,$);
#128=IFCRELCONTAINEDINSPATIALSTRUCTURE('2IlWFernb1kRtw499L1HPH',$,$,$,(#18749,#18771,#292,#18837,#14917,#17855,#18903,#13997,#15678,#217,#13891,#18161,#1689,#17877,#18264,#4889,#18242,#5811,#14945,#15931,#5463,#3577,#2820,#16239,#267,#696,#192,#18550,#14216,#18881,#18859,#18036,#15732,#17832,#317,#1382,#242,#167,#761,#17992,#18058,#4036,#18080,#18639,#4276,#15021,#15985,#1065,#16260,#15483,#2110,#620,#18014,#18617,#127,#18102),#39);
#129=IFCRELDEFINESBYTYPE('2pISIPOAPAHwO4RXUcVAFz',$,$,$,(#6543,#761,#1065,#267,#6468,#7761,#6368,#8003,#192,#7556,#620,#696,#292,#127,#7786,#242,#6978,#7811,#13117,#217,#317,#7723,#8041,#1382,#7594,#6443,#167),#80);
#130=IFCMATERIALLAYERSETUSAGE(#82,.AXIS2.,.POSITIVE.,0.,$);
#131=IFCRELASSOCIATESMATERIAL('0MQEvlGRP5YAY8JIhh20yd',$,$,$,(#127),#130);
#135=IFCPRODUCTDEFINITIONSHAPE($,$,(#1618,#1615));
#151=IFCPROPERTYSET('2qLlw4uU914Po2ZCbTEZGD',$,'EPset_Parametric',$,(#153));
#152=IFCRELDEFINESBYPROPERTIES('351E_hG5j3vuKL$tP5FmXP',$,$,$,(#127),#151);
#153=IFCPROPERTYSINGLEVALUE('Engine',$,IFCLABEL('Bonsai.DumbLayer2'),$);
#167=IFCWALL('3L_iFz3jzDmw7yvQGFzpfw',$,'Wall',$,$,#1605,#173,$,$);
#168=IFCMATERIALLAYERSETUSAGE(#82,.AXIS2.,.POSITIVE.,0.,$);
#169=IFCRELASSOCIATESMATERIAL('1_Hv5G9bDAWha83bq7Tr66',$,$,$,(#167),#168);
#173=IFCPRODUCTDEFINITIONSHAPE($,$,(#1600,#1597));
#189=IFCPROPERTYSET('1aFV_qGYj3nhofMPUtGhT_',$,'EPset_Parametric',$,(#191));
#190=IFCRELDEFINESBYPROPERTIES('3jHyzU86T8WQvROopt_3ND',$,$,$,(#167),#189);
#191=IFCPROPERTYSINGLEVALUE('Engine',$,IFCLABEL('Bonsai.DumbLayer2'),$);
#192=IFCWALL('0JkSnVtHj79vkE1SY$FR6q',$,'Wall',$,$,#451,#198,$,$);
#193=IFCMATERIALLAYERSETUSAGE(#82,.AXIS2.,.POSITIVE.,0.,$);
#194=IFCRELASSOCIATESMATERIAL('3gUuqnn0fB4RiCBrlQKW7Z',$,$,$,(#192),#193);
#198=IFCPRODUCTDEFINITIONSHAPE($,$,(#496,#493));
#214=IFCPROPERTYSET('2GDxF_9hDC0BXYo$lj$$e1',$,'EPset_Parametric',$,(#216));
#215=IFCRELDEFINESBYPROPERTIES('2TvQhGhWrA_Rcftqt8Xspz',$,$,$,(#192),#214);
#216=IFCPROPERTYSINGLEVALUE('Engine',$,IFCLABEL('Bonsai.DumbLayer2'),$);
#217=IFCWALL('1sa0wP27r0lAnOS5p6OmyD',$,'Wall',$,$,#483,#223,$,$);
#218=IFCMATERIALLAYERSETUSAGE(#82,.AXIS2.,.POSITIVE.,0.,$);
#219=IFCRELASSOCIATESMATERIAL('0wLjU0RoH53eoUB2Zyr2im',$,$,$,(#217),#218);
#223=IFCPRODUCTDEFINITIONSHAPE($,$,(#1527,#1524));
#239=IFCPROPERTYSET('0RhlF8CrDFNPeShIN1HEZF',$,'EPset_Parametric',$,(#241));
#240=IFCRELDEFINESBYPROPERTIES('2KIWNu5nn07BEuo1ZBSHMK',$,$,$,(#217),#239);
#241=IFCPROPERTYSINGLEVALUE('Engine',$,IFCLABEL('Bonsai.DumbLayer2'),$);
#242=IFCWALL('3JhOHFTyP409NY6btmMduu',$,'Wall',$,$,#253,#248,$,$);
#243=IFCMATERIALLAYERSETUSAGE(#82,.AXIS2.,.POSITIVE.,0.,$);
#244=IFCRELASSOCIATESMATERIAL('1h8t5n1Tj9zwb1YdQ77SOs',$,$,$,(#242),#243);
#248=IFCPRODUCTDEFINITIONSHAPE($,$,(#1514,#1511));
#249=IFCCARTESIANPOINT((0.7757343053817749,5.0198554992675781,0.));
#250=IFCDIRECTION((0.,0.,1.));
#251=IFCDIRECTION((-0.99999999999992428,3.8941436741876494E-07,0.));
#252=IFCAXIS2PLACEMENT3D(#249,#250,#251);
#253=IFCLOCALPLACEMENT(#62,#252);
#264=IFCPROPERTYSET('2s$$LLLQbB5wfjH3dKMcTW',$,'EPset_Parametric',$,(#266));
#265=IFCRELDEFINESBYPROPERTIES('0PI1GSe_vAA9lGAkIqtf4J',$,$,$,(#242),#264);
#266=IFCPROPERTYSINGLEVALUE('Engine',$,IFCLABEL('Bonsai.DumbLayer2'),$);
#267=IFCWALL('3$pC_aHqD4Oeuu6aBLfDwJ',$,'Wall',$,$,#542,#273,$,$);
#268=IFCMATERIALLAYERSETUSAGE(#82,.AXIS2.,.POSITIVE.,0.,$);
#269=IFCRELASSOCIATESMATERIAL('093HMvocb80OKi_6lIeqLs',$,$,$,(#267),#268);
#273=IFCPRODUCTDEFINITIONSHAPE($,$,(#760,#757));
#289=IFCPROPERTYSET('1Z06W9dw1BYh2LAW5XMogB',$,'EPset_Parametric',$,(#291));
#290=IFCRELDEFINESBYPROPERTIES('3QzfE3Re10f8NzXBFeyQqj',$,$,$,(#267),#289);
#291=IFCPROPERTYSINGLEVALUE('Engine',$,IFCLABEL('Bonsai.DumbLayer2'),$);
#292=IFCWALL('2$MrX9uyH0HBykggAopJh4',$,'Wall',$,$,#574,#298,$,$);
#293=IFCMATERIALLAYERSETUSAGE(#82,.AXIS2.,.POSITIVE.,0.,$);
#294=IFCRELASSOCIATESMATERIAL('3gRdur2PzAMR0yD2m1jesj',$,$,$,(#292),#293);
#298=IFCPRODUCTDEFINITIONSHAPE($,$,(#619,#616));
#314=IFCPROPERTYSET('1jPk_TjLz5rebnr_cGwcn0',$,'EPset_Parametric',$,(#316));
#315=IFCRELDEFINESBYPROPERTIES('3cjBfYBnn3FuWsgK1z5UvQ',$,$,$,(#292),#314);
#316=IFCPROPERTYSINGLEVALUE('Engine',$,IFCLABEL('Bonsai.DumbLayer2'),$);
#317=IFCWALL('1mSQvaGBbC0PyTBNdVTojZ',$,'Wall',$,$,#606,#323,$,$);
#318=IFCMATERIALLAYERSETUSAGE(#82,.AXIS2.,.POSITIVE.,0.,$);
#319=IFCRELASSOCIATESMATERIAL('3T$1iFUmT7pAwB1ZbTrYBP',$,$,$,(#317),#318);
#323=IFCPRODUCTDEFINITIONSHAPE($,$,(#1573,#1570));
#339=IFCPROPERTYSET('0_O6EAYxb0y8$CdMeMW9pm',$,'EPset_Parametric',$,(#341));
#340=IFCRELDEFINESBYPROPERTIES('2otEzdU8v6Quil5ARqIs56',$,$,$,(#317),#339);
#341=IFCPROPERTYSINGLEVALUE('Engine',$,IFCLABEL('Bonsai.DumbLayer2'),$);
#433=IFCRELCONNECTSPATHELEMENTS('0J1oDmOej89xY2OLsmhrlw',$,$,$,$,#192,#167,(),(),.ATEND.,.ATSTART.);
#447=IFCCARTESIANPOINT((4.2257344365001552,6.4698557853699032,0.));
#448=IFCDIRECTION((0.,0.,1.));
#449=IFCDIRECTION((-0.99999999999998868,-1.5099580252808492E-07,0.));
#450=IFCAXIS2PLACEMENT3D(#447,#448,#449);
#451=IFCLOCALPLACEMENT(#62,#450);
#465=IFCRELCONNECTSPATHELEMENTS('0I8lg9XV92ge5CPiDyiRd3',$,$,$,$,#217,#192,(),(),.ATEND.,.ATSTART.);
#479=IFCCARTESIANPOINT((0.77573418617248868,6.4698552644343481,0.));
#480=IFCDIRECTION((0.,0.,1.));
#481=IFCDIRECTION((7.5497901264043123E-08,-0.99999999999999722,0.));
#482=IFCAXIS2PLACEMENT3D(#479,#480,#481);
#483=IFCLOCALPLACEMENT(#62,#482);
#484=IFCCARTESIANPOINTLIST2D(((0.,0.),(0.10000002264937295,0.10000000000000001),(3.3500002578774954,0.10000000000000001),(3.4500002503277054,0.)));
#485=IFCINDEXEDPOLYCURVE(#484,(IFCLINEINDEX((1,2,3,4,1))),$);
#486=IFCARBITRARYCLOSEDPROFILEDEF(.AREA.,$,#485);
#487=IFCCARTESIANPOINT((0.,0.,0.));
#488=IFCDIRECTION((0.,0.,1.));
#489=IFCDIRECTION((1.,0.,0.));
#490=IFCAXIS2PLACEMENT3D(#487,#488,#489);
#491=IFCDIRECTION((0.,0.,1.));
#492=IFCEXTRUDEDAREASOLID(#486,#490,#491,3.);
#493=IFCSHAPEREPRESENTATION(#11,'Body','SweptSolid',(#492));
#494=IFCCARTESIANPOINTLIST2D(((0.,0.),(3.4500002503277054,0.)));
#495=IFCINDEXEDPOLYCURVE(#494,$,$);
#496=IFCSHAPEREPRESENTATION(#23,'Axis','Curve2D',(#495));
#524=IFCRELCONNECTSPATHELEMENTS('2DUdmU5Hz9VQbUoqxZYeGV',$,$,$,$,#267,#242,(),(),.ATEND.,.ATSTART.);
#538=IFCCARTESIANPOINT((-2.774265289306709,5.0198568816884253,0.));
#539=IFCDIRECTION((0.,0.,1.));
#540=IFCDIRECTION((7.5497901264043123E-08,-0.99999999999999722,0.));
#541=IFCAXIS2PLACEMENT3D(#538,#539,#540);
#542=IFCLOCALPLACEMENT(#62,#541);
#556=IFCRELCONNECTSPATHELEMENTS('0Areif3$jFChWx2FwD02q8',$,$,$,$,#292,#267,(),(),.ATEND.,.ATSTART.);
#570=IFCCARTESIANPOINT((-2.774264900492442,-0.13014411926269531,0.));
#571=IFCDIRECTION((0.,0.,1.));
#572=IFCDIRECTION((1.,0.,0.));
#573=IFCAXIS2PLACEMENT3D(#570,#571,#572);
#574=IFCLOCALPLACEMENT(#62,#573);
#588=IFCRELCONNECTSPATHELEMENTS('12P2VMA9P0Q9mACIVY2YZ8',$,$,$,$,#317,#292,(),(),.ATEND.,.ATSTART.);
#602=IFCCARTESIANPOINT((0.22573518753037458,-0.13014411926269531,0.));
#603=IFCDIRECTION((0.,0.,1.));
#604=IFCDIRECTION((-6.3975784314594067E-07,-0.9999999999997955,0.));
#605=IFCAXIS2PLACEMENT3D(#602,#603,#604);
#606=IFCLOCALPLACEMENT(#62,#605);
#607=IFCCARTESIANPOINTLIST2D(((0.,0.),(0.099999992450210171,0.10000000000000001),(3.1000001519986213,0.10000000000000001),(3.0000000880228166,0.)));
#608=IFCINDEXEDPOLYCURVE(#607,(IFCLINEINDEX((1,2,3,4,1))),$);
#609=IFCARBITRARYCLOSEDPROFILEDEF(.AREA.,$,#608);
#610=IFCCARTESIANPOINT((0.,0.,0.));
#611=IFCDIRECTION((0.,0.,1.));
#612=IFCDIRECTION((1.,0.,0.));
#613=IFCAXIS2PLACEMENT3D(#610,#611,#612);
#614=IFCDIRECTION((0.,0.,1.));
#615=IFCEXTRUDEDAREASOLID(#609,#613,#614,3.);
#616=IFCSHAPEREPRESENTATION(#11,'Body','SweptSolid',(#615));
#617=IFCCARTESIANPOINTLIST2D(((0.,0.),(3.0000000880228166,0.)));
#618=IFCINDEXEDPOLYCURVE(#617,$,$);
#619=IFCSHAPEREPRESENTATION(#23,'Axis','Curve2D',(#618));
#620=IFCWALL('34ENpBSZTCl9oePi9y6eWF',$,'Wall',$,$,#631,#626,$,$);
#621=IFCMATERIALLAYERSETUSAGE(#82,.AXIS2.,.POSITIVE.,0.,$);
#622=IFCRELASSOCIATESMATERIAL('2hslmiH9b70eIin9YByefY',$,$,$,(#620),#621);
#626=IFCPRODUCTDEFINITIONSHAPE($,$,(#1650,#1647));
#627=IFCCARTESIANPOINT((0.32573524117469788,-0.030144121497869492,0.));
#628=IFCDIRECTION((0.,0.,1.));
#629=IFCDIRECTION((7.5497901264043109E-08,0.99999999999999711,0.));
#630=IFCAXIS2PLACEMENT3D(#627,#628,#629);
#631=IFCLOCALPLACEMENT(#62,#630);
#642=IFCPROPERTYSET('0xZMTLqd136OrNFZWO3t$K',$,'EPset_Parametric',$,(#644));
#643=IFCRELDEFINESBYPROPERTIES('3LbRuz839B9hMsxTjhOgXq',$,$,$,(#620),#642);
#644=IFCPROPERTYSINGLEVALUE('Engine',$,IFCLABEL('Bonsai.DumbLayer2'),$);
#696=IFCWALL('0JzJwo5Wj21fIwyPX4qB2x',$,'Wall',$,$,#1637,#702,$,$);
#697=IFCMATERIALLAYERSETUSAGE(#82,.AXIS2.,.POSITIVE.,0.,$);
#698=IFCRELASSOCIATESMATERIAL('34VdjhJLXCUeV9TAXo9bIL',$,$,$,(#696),#697);
#702=IFCPRODUCTDEFINITIONSHAPE($,$,(#1632,#1629));
#718=IFCPROPERTYSET('1IvChK7sf9jw$FyWZaCsXt',$,'EPset_Parametric',$,(#720));
#719=IFCRELDEFINESBYPROPERTIES('14Jr9okX16Rw8ftmsMJF3z',$,$,$,(#696),#718);
#720=IFCPROPERTYSINGLEVALUE('Engine',$,IFCLABEL('Bonsai.DumbLayer2'),$);
#734=IFCRELCONNECTSPATHELEMENTS('2Hzwu_zwbFQfw0EgL0IQ$$',$,$,$,$,#696,#267,(),(),.ATPATH.,.ATEND.);
#748=IFCCARTESIANPOINTLIST2D(((0.,0.),(0.10000004649123768,0.10000000000000001),(5.0500010085009244,0.10000000000000001),(5.1500010009511348,0.)));
#749=IFCINDEXEDPOLYCURVE(#748,(IFCLINEINDEX((1,2,3,4,1))),$);
#750=IFCARBITRARYCLOSEDPROFILEDEF(.AREA.,$,#749);
#751=IFCCARTESIANPOINT((0.,0.,0.));
#752=IFCDIRECTION((0.,0.,1.));
#753=IFCDIRECTION((1.,0.,0.));
#754=IFCAXIS2PLACEMENT3D(#751,#752,#753);
#755=IFCDIRECTION((0.,0.,1.));
#756=IFCEXTRUDEDAREASOLID(#750,#754,#755,3.);
#757=IFCSHAPEREPRESENTATION(#11,'Body','SweptSolid',(#756));
#758=IFCCARTESIANPOINTLIST2D(((0.,0.),(5.1500010009511348,0.)));
#759=IFCINDEXEDPOLYCURVE(#758,$,$);
#760=IFCSHAPEREPRESENTATION(#23,'Axis','Curve2D',(#759));
#761=IFCWALL('2Av3v13xjAmgQ_lG3o4bxU',$,'Wall',$,$,#803,#767,$,$);
#762=IFCMATERIALLAYERSETUSAGE(#82,.AXIS2.,.POSITIVE.,0.,$);
#763=IFCRELASSOCIATESMATERIAL('3NCwAfyqv9GhhCH$DrFGzj',$,$,$,(#761),#762);
#767=IFCPRODUCTDEFINITIONSHAPE($,$,(#817,#814));
#783=IFCPROPERTYSET('0K9IrTF3f6q89v3CcqZKnl',$,'EPset_Parametric',$,(#785));
#784=IFCRELDEFINESBYPROPERTIES('2R4G6YAUz2XB9EVd2lckJy',$,$,$,(#761),#783);
#785=IFCPROPERTYSINGLEVALUE('Engine',$,IFCLABEL('Bonsai.DumbLayer2'),$);
#799=IFCCARTESIANPOINT((-1.1677925586700439,2.6198558807373047,0.));
#800=IFCDIRECTION((0.,0.,1.));
#801=IFCDIRECTION((1.9470718370939353E-07,0.99999999999998113,0.));
#802=IFCAXIS2PLACEMENT3D(#799,#800,#801);
#803=IFCLOCALPLACEMENT(#62,#802);
#804=IFCRELCONNECTSPATHELEMENTS('3e$EcxbQ57fgm$ELryNrAU',$,$,$,$,#761,#242,(),(),.ATPATH.,.ATEND.);
#805=IFCCARTESIANPOINTLIST2D(((0.,0.),(0.,0.10000000000000001),(2.300000394838138,0.10000000000000001),(2.3000003753674196,0.)));
#806=IFCINDEXEDPOLYCURVE(#805,(IFCLINEINDEX((1,2,3,4,1))),$);
#807=IFCARBITRARYCLOSEDPROFILEDEF(.AREA.,$,#806);
#808=IFCCARTESIANPOINT((0.,0.,0.));
#809=IFCDIRECTION((0.,0.,1.));
#810=IFCDIRECTION((1.,0.,0.));
#811=IFCAXIS2PLACEMENT3D(#808,#809,#810);
#812=IFCDIRECTION((0.,0.,1.));
#813=IFCEXTRUDEDAREASOLID(#807,#811,#812,3.);
#814=IFCSHAPEREPRESENTATION(#11,'Body','SweptSolid',(#813));
#815=IFCCARTESIANPOINTLIST2D(((0.,0.),(2.4000003753674219,0.)));
#816=IFCINDEXEDPOLYCURVE(#815,$,$);
#817=IFCSHAPEREPRESENTATION(#23,'Axis','Curve2D',(#816));
#1065=IFCWALL('2ONCSR$253$OriuCi1deh7',$,'Wall',$,$,#1330,#1071,$,$);
#1066=IFCMATERIALLAYERSETUSAGE(#82,.AXIS2.,.POSITIVE.,0.,$);
#1067=IFCRELASSOCIATESMATERIAL('3OrDRPlDn07h4LuAWSMIv1',$,$,$,(#1065),#1066);
#1071=IFCPRODUCTDEFINITIONSHAPE($,$,(#1325,#1322));
#1087=IFCPROPERTYSET('1M7ow44hP7pub4n3MvoHxD',$,'EPset_Parametric',$,(#1089));
#1088=IFCRELDEFINESBYPROPERTIES('3ArwcNTuD2uPYPcHoqo9wp',$,$,$,(#1065),#1087);
#1089=IFCPROPERTYSINGLEVALUE('Engine',$,IFCLABEL('Bonsai.DumbLayer2'),$);
#1313=IFCCARTESIANPOINTLIST2D(((0.,0.),(-5.8412155112823505E-08,0.10000000000000001),(1.9700001739346569,0.10000000000000001),(1.9700001739346569,0.)));
#1314=IFCINDEXEDPOLYCURVE(#1313,(IFCLINEINDEX((1,2,3,4,1))),$);
#1315=IFCARBITRARYCLOSEDPROFILEDEF(.AREA.,$,#1314);
#1316=IFCCARTESIANPOINT((0.,0.,0.));
#1317=IFCDIRECTION((0.,0.,1.));
#1318=IFCDIRECTION((1.,0.,0.));
#1319=IFCAXIS2PLACEMENT3D(#1316,#1317,#1318);
#1320=IFCDIRECTION((0.,0.,1.));
#1321=IFCEXTRUDEDAREASOLID(#1315,#1319,#1320,3.);
#1322=IFCSHAPEREPRESENTATION(#11,'Body','SweptSolid',(#1321));
#1323=IFCCARTESIANPOINTLIST2D(((0.,0.),(1.9700001739346569,0.)));
#1324=IFCINDEXEDPOLYCURVE(#1323,$,$);
#1325=IFCSHAPEREPRESENTATION(#23,'Axis','Curve2D',(#1324));
#1326=IFCCARTESIANPOINT((0.77573475113727197,3.5488657951354403,0.));
#1327=IFCDIRECTION((0.,0.,1.));
#1328=IFCDIRECTION((-0.99999999999992428,3.8941436741876494E-07,0.));
#1329=IFCAXIS2PLACEMENT3D(#1326,#1327,#1328);
#1330=IFCLOCALPLACEMENT(#62,#1329);
#1382=IFCWALL('3xv8_w8qD8vh3zMXbiHq9E',$,'Wall',$,$,#1393,#1388,$,$);
#1383=IFCMATERIALLAYERSETUSAGE(#82,.AXIS2.,.POSITIVE.,0.,$);
#1384=IFCRELASSOCIATESMATERIAL('3OVee479n6sw56sDlpN7DB',$,$,$,(#1382),#1383);
#1388=IFCPRODUCTDEFINITIONSHAPE($,$,(#1419,#1416));
#1389=IFCCARTESIANPOINT((0.7757343053817749,5.0198554992675781,0.));
#1390=IFCDIRECTION((0.,0.,1.));
#1391=IFCDIRECTION((3.1391647326016301E-07,-0.99999999999995071,0.));
#1392=IFCAXIS2PLACEMENT3D(#1389,#1390,#1391);
#1393=IFCLOCALPLACEMENT(#62,#1392);
#1404=IFCPROPERTYSET('2qabTajxbBzuBHBsFunFrv',$,'EPset_Parametric',$,(#1406));
#1405=IFCRELDEFINESBYPROPERTIES('14s8l0dQ97iBPmUuP0NOQH',$,$,$,(#1382),#1404);
#1406=IFCPROPERTYSINGLEVALUE('Engine',$,IFCLABEL('Bonsai.DumbLayer2'),$);
#1407=IFCCARTESIANPOINTLIST2D(((0.,0.),(0.,0.10000000000000001),(1.5709895861528138,0.10000000000000001),(1.5709895861528138,0.)));
#1408=IFCINDEXEDPOLYCURVE(#1407,(IFCLINEINDEX((1,2,3,4,1))),$);
#1409=IFCARBITRARYCLOSEDPROFILEDEF(.AREA.,$,#1408);
#1410=IFCCARTESIANPOINT((0.,0.,0.));
#1411=IFCDIRECTION((0.,0.,1.));
#1412=IFCDIRECTION((1.,0.,0.));
#1413=IFCAXIS2PLACEMENT3D(#1410,#1411,#1412);
#1414=IFCDIRECTION((0.,0.,1.));
#1415=IFCEXTRUDEDAREASOLID(#1409,#1413,#1414,3.);
#1416=IFCSHAPEREPRESENTATION(#11,'Body','SweptSolid',(#1415));
#1417=IFCCARTESIANPOINTLIST2D(((0.,0.),(1.5709895861528138,0.)));
#1418=IFCINDEXEDPOLYCURVE(#1417,$,$);
#1419=IFCSHAPEREPRESENTATION(#23,'Axis','Curve2D',(#1418));
#1501=IFCRELCONNECTSPATHELEMENTS('2s8vIzRWjB$vKtMn3YYUtc',$,$,$,$,#242,#217,(),(),.ATEND.,.ATSTART.);
#1502=IFCCARTESIANPOINTLIST2D(((0.,0.),(-0.10000004649123767,0.10000000000000001),(3.4499995384601685,0.10000000000000001),(3.5499995849514061,0.)));
#1503=IFCINDEXEDPOLYCURVE(#1502,(IFCLINEINDEX((1,2,3,4,1))),$);
#1504=IFCARBITRARYCLOSEDPROFILEDEF(.AREA.,$,#1503);
#1505=IFCCARTESIANPOINT((0.,0.,0.));
#1506=IFCDIRECTION((0.,0.,1.));
#1507=IFCDIRECTION((1.,0.,0.));
#1508=IFCAXIS2PLACEMENT3D(#1505,#1506,#1507);
#1509=IFCDIRECTION((0.,0.,1.));
#1510=IFCEXTRUDEDAREASOLID(#1504,#1508,#1509,3.);
#1511=IFCSHAPEREPRESENTATION(#11,'Body','SweptSolid',(#1510));
#1512=IFCCARTESIANPOINTLIST2D(((0.,0.),(3.5499995849514061,0.)));
#1513=IFCINDEXEDPOLYCURVE(#1512,$,$);
#1514=IFCSHAPEREPRESENTATION(#23,'Axis','Curve2D',(#1513));
#1515=IFCCARTESIANPOINTLIST2D(((0.,0.),(0.099999992450210171,0.10000000000000001),(1.5499998116580065,0.10000000000000001),(1.4499997651667689,0.)));
#1516=IFCINDEXEDPOLYCURVE(#1515,(IFCLINEINDEX((1,2,3,4,1))),$);
#1517=IFCARBITRARYCLOSEDPROFILEDEF(.AREA.,$,#1516);
#1518=IFCCARTESIANPOINT((0.,0.,0.));
#1519=IFCDIRECTION((0.,0.,1.));
#1520=IFCDIRECTION((1.,0.,0.));
#1521=IFCAXIS2PLACEMENT3D(#1518,#1519,#1520);
#1522=IFCDIRECTION((0.,0.,1.));
#1523=IFCEXTRUDEDAREASOLID(#1517,#1521,#1522,3.);
#1524=IFCSHAPEREPRESENTATION(#11,'Body','SweptSolid',(#1523));
#1525=IFCCARTESIANPOINTLIST2D(((0.,0.),(1.4499997651667689,0.)));
#1526=IFCINDEXEDPOLYCURVE(#1525,$,$);
#1527=IFCSHAPEREPRESENTATION(#23,'Axis','Curve2D',(#1526));
#1555=IFCCARTESIANPOINT((0.22573362012362838,-2.5801441669464111,0.));
#1556=IFCDIRECTION((0.,0.,1.));
#1557=IFCDIRECTION((1.,0.,0.));
#1558=IFCAXIS2PLACEMENT3D(#1555,#1556,#1557);
#1559=IFCLOCALPLACEMENT(#62,#1558);
#1560=IFCRELCONNECTSPATHELEMENTS('2KKxl_SPf8Tv1d_t6G48Rc',$,$,$,$,#317,#127,(),(),.ATSTART.,.ATEND.);
#1561=IFCCARTESIANPOINTLIST2D(((0.,0.),(-0.10000006397580477,0.10000000000000001),(2.349999983708412,0.10000000000000001),(2.4500000476842168,0.)));
#1562=IFCINDEXEDPOLYCURVE(#1561,(IFCLINEINDEX((1,2,3,4,1))),$);
#1563=IFCARBITRARYCLOSEDPROFILEDEF(.AREA.,$,#1562);
#1564=IFCCARTESIANPOINT((0.,0.,0.));
#1565=IFCDIRECTION((0.,0.,1.));
#1566=IFCDIRECTION((1.,0.,0.));
#1567=IFCAXIS2PLACEMENT3D(#1564,#1565,#1566);
#1568=IFCDIRECTION((0.,0.,1.));
#1569=IFCEXTRUDEDAREASOLID(#1563,#1567,#1568,3.);
#1570=IFCSHAPEREPRESENTATION(#11,'Body','SweptSolid',(#1569));
#1571=IFCCARTESIANPOINTLIST2D(((0.,0.),(2.4500000476842168,0.)));
#1572=IFCINDEXEDPOLYCURVE(#1571,$,$);
#1573=IFCSHAPEREPRESENTATION(#23,'Axis','Curve2D',(#1572));
#1587=IFCRELCONNECTSPATHELEMENTS('2EFCU19Qn3GRJJCFu7J9YI',$,$,$,$,#167,#127,(),(),.ATEND.,.ATSTART.);
#1588=IFCCARTESIANPOINTLIST2D(((0.,0.),(0.099999992450210157,0.10000000000000001),(8.9499999296669657,0.10000000000000001),(9.0499999523163392,0.)));
#1589=IFCINDEXEDPOLYCURVE(#1588,(IFCLINEINDEX((1,2,3,4,1))),$);
#1590=IFCARBITRARYCLOSEDPROFILEDEF(.AREA.,$,#1589);
#1591=IFCCARTESIANPOINT((0.,0.,0.));
#1592=IFCDIRECTION((0.,0.,1.));
#1593=IFCDIRECTION((1.,0.,0.));
#1594=IFCAXIS2PLACEMENT3D(#1591,#1592,#1593);
#1595=IFCDIRECTION((0.,0.,1.));
#1596=IFCEXTRUDEDAREASOLID(#1590,#1594,#1595,3.);
#1597=IFCSHAPEREPRESENTATION(#11,'Body','SweptSolid',(#1596));
#1598=IFCCARTESIANPOINTLIST2D(((0.,0.),(9.0499999523163392,0.)));
#1599=IFCINDEXEDPOLYCURVE(#1598,$,$);
#1600=IFCSHAPEREPRESENTATION(#23,'Axis','Curve2D',(#1599));
#1601=IFCCARTESIANPOINT((4.2257337532441515,-2.5801441669464111,0.));
#1602=IFCDIRECTION((0.,0.,1.));
#1603=IFCDIRECTION((7.5497901264043123E-08,0.99999999999999722,0.));
#1604=IFCAXIS2PLACEMENT3D(#1601,#1602,#1603);
#1605=IFCLOCALPLACEMENT(#62,#1604);
#1606=IFCCARTESIANPOINTLIST2D(((0.,0.),(0.1000000639758048,0.10000000000000001),(3.9000001406703135,0.10000000000000001),(4.0000001331205235,0.)));
#1607=IFCINDEXEDPOLYCURVE(#1606,(IFCLINEINDEX((1,2,3,4,1))),$);
#1608=IFCARBITRARYCLOSEDPROFILEDEF(.AREA.,$,#1607);
#1609=IFCCARTESIANPOINT((0.,0.,0.));
#1610=IFCDIRECTION((0.,0.,1.));
#1611=IFCDIRECTION((1.,0.,0.));
#1612=IFCAXIS2PLACEMENT3D(#1609,#1610,#1611);
#1613=IFCDIRECTION((0.,0.,1.));
#1614=IFCEXTRUDEDAREASOLID(#1608,#1612,#1613,3.);
#1615=IFCSHAPEREPRESENTATION(#11,'Body','SweptSolid',(#1614));
#1616=IFCCARTESIANPOINTLIST2D(((0.,0.),(4.0000001331205235,0.)));
#1617=IFCINDEXEDPOLYCURVE(#1616,$,$);
#1618=IFCSHAPEREPRESENTATION(#23,'Axis','Curve2D',(#1617));
#1619=IFCRELCONNECTSPATHELEMENTS('3qwpK48ZD6aeQ8hIDs9Evf',$,$,$,$,#696,#620,(),(),.ATEND.,.ATSTART.);
#1620=IFCCARTESIANPOINTLIST2D(((0.,0.),(0.099999998807512466,0.10000000000000001),(3.0000005330637696,0.10000000000000001),(3.0000005493558373,0.)));
#1621=IFCINDEXEDPOLYCURVE(#1620,(IFCLINEINDEX((1,2,3,4,1))),$);
#1622=IFCARBITRARYCLOSEDPROFILEDEF(.AREA.,$,#1621);
#1623=IFCCARTESIANPOINT((0.,0.,0.));
#1624=IFCDIRECTION((0.,0.,1.));
#1625=IFCDIRECTION((1.,0.,0.));
#1626=IFCAXIS2PLACEMENT3D(#1623,#1624,#1625);
#1627=IFCDIRECTION((0.,0.,1.));
#1628=IFCEXTRUDEDAREASOLID(#1622,#1626,#1627,3.);
#1629=IFCSHAPEREPRESENTATION(#11,'Body','SweptSolid',(#1628));
#1630=IFCCARTESIANPOINTLIST2D(((0.,0.),(3.1000005493558387,0.)));
#1631=IFCINDEXEDPOLYCURVE(#1630,$,$);
#1632=IFCSHAPEREPRESENTATION(#23,'Axis','Curve2D',(#1631));
#1633=IFCCARTESIANPOINT((0.32573544124413639,2.6198558807373313,0.));
#1634=IFCDIRECTION((0.,0.,1.));
#1635=IFCDIRECTION((-0.99999999999999623,8.7422776573475527E-08,0.));
#1636=IFCAXIS2PLACEMENT3D(#1633,#1634,#1635);
#1637=IFCLOCALPLACEMENT(#62,#1636);
#1638=IFCCARTESIANPOINTLIST2D(((0.,0.),(0.,0.10000000000000001),(2.5500000034276957,0.10000000000000001),(2.6500000022352084,0.)));
#1639=IFCINDEXEDPOLYCURVE(#1638,(IFCLINEINDEX((1,2,3,4,1))),$);
#1640=IFCARBITRARYCLOSEDPROFILEDEF(.AREA.,$,#1639);
#1641=IFCCARTESIANPOINT((0.,0.,0.));
#1642=IFCDIRECTION((0.,0.,1.));
#1643=IFCDIRECTION((1.,0.,0.));
#1644=IFCAXIS2PLACEMENT3D(#1641,#1642,#1643);
#1645=IFCDIRECTION((0.,0.,1.));
#1646=IFCEXTRUDEDAREASOLID(#1640,#1644,#1645,3.);
#1647=IFCSHAPEREPRESENTATION(#11,'Body','SweptSolid',(#1646));
#1648=IFCCARTESIANPOINTLIST2D(((0.,0.),(2.6500000022352084,0.)));
#1649=IFCINDEXEDPOLYCURVE(#1648,$,$);
#1650=IFCSHAPEREPRESENTATION(#23,'Axis','Curve2D',(#1649));
#1683=IFCSLABTYPE('29B707ZxjCLentYLvVwUrE',$,'Slab',$,$,(#1687),$,$,$,.FLOOR.);
#1684=IFCMATERIALLAYERSET((#1686),$,$);
#1685=IFCRELASSOCIATESMATERIAL('3TPslcAHL0uxIW6O9dSHfd',$,$,$,(#1683),#1684);
#1686=IFCMATERIALLAYER(#81,0.10000000000000001,$,$,$,$,$);
#1687=IFCPROPERTYSET('35H56kvor8ChLYVuM77sX6',$,'EPset_Parametric',$,(#1688));
#1688=IFCPROPERTYSINGLEVALUE('LayerSetDirection',$,IFCLABEL('AXIS3'),$);
#1689=IFCSLAB('3IRuz8ZLvCg8B62XLZHjdO',$,'Slab',$,$,#1697,#1704,$,$);
#1690=IFCRELDEFINESBYTYPE('2gGN94RIH5zuJNknPhfJWj',$,$,$,(#1689,#7287,#12981),#1683);
#1691=IFCMATERIALLAYERSETUSAGE(#1684,.AXIS3.,.POSITIVE.,-0.10000000149011612,$);
#1692=IFCRELASSOCIATESMATERIAL('3LgeXaM519if_gAfnhwKFB',$,$,$,(#1689),#1691);
#1693=IFCCARTESIANPOINT((4.2257342338562012,6.469855785369873,0.));
#1694=IFCDIRECTION((0.,0.,1.));
#1695=IFCDIRECTION((1.,0.,0.));
#1696=IFCAXIS2PLACEMENT3D(#1693,#1694,#1695);
#1697=IFCLOCALPLACEMENT(#62,#1696);
#1698=IFCCARTESIANPOINTLIST2D(((0.,0.),(-3.4500000476837158,-4.76837158203125E-07),(-3.4499998092651367,-1.4500002861022949),(-6.9999995231628418,-1.4499988555908203),(-6.9999985694885254,-6.5999999046325684),(-3.9999990463256836,-6.5999999046325684),(-4.0000004768371582,-9.0500001907348633),(-4.76837158203125E-07,-9.0500001907348633),(0.,0.)));
#1699=IFCINDEXEDPOLYCURVE(#1698,$,$);
#1700=IFCDIRECTION((0.,0.,1.));
#1701=IFCARBITRARYCLOSEDPROFILEDEF(.AREA.,$,#1699);
#1702=IFCEXTRUDEDAREASOLID(#1701,#1711,#1700,0.10000000000000001);
#1703=IFCSHAPEREPRESENTATION(#11,'Body','SweptSolid',(#1702));
#1704=IFCPRODUCTDEFINITIONSHAPE($,$,(#1703));
#1705=IFCPROPERTYSET('2eCTGkkCT4RgUikwW$SFCu',$,'EPset_Parametric',$,(#1707));
#1706=IFCRELDEFINESBYPROPERTIES('3s5dqS5fnD8OwmiMvp6JGs',$,$,$,(#1689),#1705);
#1707=IFCPROPERTYSINGLEVALUE('Engine',$,IFCLABEL('Bonsai.DumbLayer3'),$);
#1708=IFCCARTESIANPOINT((-0.,-0.,-0.10000000149011612));
#1709=IFCDIRECTION((0.,0.,1.));
#1710=IFCDIRECTION((1.,0.,0.));
#1711=IFCAXIS2PLACEMENT3D(#1708,#1709,#1710);
#1712=IFCDOORTYPE('3Rdw5fHZP759e39rXe6CdQ',$,'Main-GF',$,$,(#1713),(#1722,#1800,#1819),$,$,.DOOR.,.SINGLE_SWING_LEFT.,$,$);
#1713=IFCPROPERTYSET('1CIYSC0wj3Th8hXKzCD0el',$,'BBIM_Door',$,(#1714));
#1714=IFCPROPERTYSINGLEVALUE('Data',$,IFCTEXT('{"door_type": "SINGLE_SWING_RIGHT", "overall_height": 2.0, "overall_width": 0.8617044687271118, "lining_properties": {"lining_depth": 0.05000000074505806, "lining_thickness": 0.05000000074505806, "lining_offset": 0.0, "lining_to_panel_offset_x": 0.02500000037252903, "lining_to_panel_offset_y": 0.02500000037252903, "transom_thickness": 0.02969539165496826, "transom_offset": 1.598587155342102, "casing_thickness": 0.07500000298023224, "casing_depth": 0.004999999888241291, "threshold_thickness": 0.02500000037252903, "threshold_depth": 0.10000000149011612, "threshold_offset": 0.0}, "panel_properties": {"panel_depth": 0.03500000014901161, "panel_width_ratio": 1.0, "frame_thickness": 0.03500000014901161, "frame_depth": 0.03500000014901161}}'),$);
#1718=IFCCARTESIANPOINT((0.,0.,0.));
#1719=IFCDIRECTION((1.,0.,0.));
#1720=IFCDIRECTION((0.,0.,1.));
#1721=IFCAXIS2PLACEMENT3D(#1718,#1720,#1719);
#1722=IFCREPRESENTATIONMAP(#1721,#10780);
#1796=IFCCARTESIANPOINT((0.,0.,0.));
#1797=IFCDIRECTION((1.,0.,0.));
#1798=IFCDIRECTION((0.,0.,1.));
#1799=IFCAXIS2PLACEMENT3D(#1796,#1798,#1797);
#1800=IFCREPRESENTATIONMAP(#1799,#10895);
#1815=IFCCARTESIANPOINT((0.,0.,0.));
#1816=IFCDIRECTION((1.,0.,0.));
#1817=IFCDIRECTION((0.,0.,1.));
#1818=IFCAXIS2PLACEMENT3D(#1815,#1817,#1816);
#1819=IFCREPRESENTATIONMAP(#1818,#10915);
#2110=IFCDOOR('0K1yAZuCDDP9c0E1ZXPbEa',$,'Door',$,$,#10940,#2119,$,2.,0.86170446872711182,$,.SINGLE_SWING_LEFT.,$);
#2111=IFCRELDEFINESBYTYPE('2o$ZbnARv3ABDx78DON92S',$,$,$,(#2110,#10714),#1712);
#2112=IFCCARTESIANPOINT((0.,0.,0.));
#2113=IFCDIRECTION((1.,0.,0.));
#2114=IFCDIRECTION((0.,1.,0.));
#2115=IFCDIRECTION((0.,0.,1.));
#2116=IFCCARTESIANTRANSFORMATIONOPERATOR3D(#2113,#2114,#2112,1.,#2115);
#2117=IFCMAPPEDITEM(#1722,#2116);
#2118=IFCSHAPEREPRESENTATION(#18,'Profile','MappedRepresentation',(#2117));
#2119=IFCPRODUCTDEFINITIONSHAPE($,$,(#2118,#2126,#2133));
#2120=IFCCARTESIANPOINT((0.,0.,0.));
#2121=IFCDIRECTION((1.,0.,0.));
#2122=IFCDIRECTION((0.,1.,0.));
#2123=IFCDIRECTION((0.,0.,1.));
#2124=IFCCARTESIANTRANSFORMATIONOPERATOR3D(#2121,#2122,#2120,1.,#2123);
#2125=IFCMAPPEDITEM(#1800,#2124);
#2126=IFCSHAPEREPRESENTATION(#11,'Body','MappedRepresentation',(#2125));
#2127=IFCCARTESIANPOINT((0.,0.,0.));
#2128=IFCDIRECTION((1.,0.,0.));
#2129=IFCDIRECTION((0.,1.,0.));
#2130=IFCDIRECTION((0.,0.,1.));
#2131=IFCCARTESIANTRANSFORMATIONOPERATOR3D(#2128,#2129,#2127,1.,#2130);
#2132=IFCMAPPEDITEM(#1819,#2131);
#2133=IFCSHAPEREPRESENTATION(#24,'Body','MappedRepresentation',(#2132));
#2134=IFCOPENINGELEMENT('28$RwmItzF4gEUxL5mklZh',$,'Opening',$,$,#10935,#2162,$,.OPENING.);
#2150=IFCCARTESIANPOINT((0.,0.,0.));
#2151=IFCDIRECTION((1.,0.,0.));
#2152=IFCDIRECTION((0.,0.,1.));
#2153=IFCAXIS2PLACEMENT3D(#2150,#2152,#2151);
#2154=IFCREPRESENTATIONMAP(#2153,#10925);
#2155=IFCCARTESIANPOINT((0.,0.,0.));
#2156=IFCDIRECTION((1.,0.,0.));
#2157=IFCDIRECTION((0.,1.,0.));
#2158=IFCDIRECTION((0.,0.,1.));
#2159=IFCCARTESIANTRANSFORMATIONOPERATOR3D(#2156,#2157,#2155,1.,#2158);
#2160=IFCMAPPEDITEM(#2154,#2159);
#2161=IFCSHAPEREPRESENTATION(#11,'Body','MappedRepresentation',(#2160));
#2162=IFCPRODUCTDEFINITIONSHAPE($,$,(#2161));
#2163=IFCRELVOIDSELEMENT('0uHmRykrn0CuolBs_1W4VU',$,$,$,#127,#2134);
#2169=IFCRELFILLSELEMENT('3w5EV8l2L3VuvX3td$86Aa',$,$,$,#2134,#2110);
#2178=IFCCARTESIANPOINTLIST2D(((0.,0.),(0.,2.),(0.89999997615814209,2.),(0.89999997615814209,0.),(0.87499997578561306,0.),(0.87499997578561306,1.974999999627471),(0.02500000037252903,1.974999999627471),(0.02500000037252903,0.)));
#2179=IFCINDEXEDPOLYCURVE(#2178,(IFCLINEINDEX((1,2,3,4,5,6,7,8,1))),$);
#2180=IFCARBITRARYCLOSEDPROFILEDEF(.AREA.,$,#2179);
#2181=IFCCARTESIANPOINT((0.,0.02500000037252903,0.));
#2182=IFCDIRECTION((0.,-1.,0.));
#2183=IFCDIRECTION((1.,0.,0.));
#2184=IFCAXIS2PLACEMENT3D(#2181,#2182,#2183);
#2185=IFCDIRECTION((0.,0.,-1.));
#2186=IFCEXTRUDEDAREASOLID(#2180,#2184,#2185,0.02500000037252903);
#2187=IFCCARTESIANPOINTLIST2D(((0.,0.),(0.,2.),(0.89999997615814209,2.),(0.89999997615814209,0.),(0.84999997541308403,0.),(0.84999997541308403,1.9499999992549419),(0.05000000074505806,1.9499999992549419),(0.05000000074505806,0.)));
#2188=IFCINDEXEDPOLYCURVE(#2187,(IFCLINEINDEX((1,2,3,4,5,6,7,8,1))),$);
#2189=IFCARBITRARYCLOSEDPROFILEDEF(.AREA.,$,#2188);
#2190=IFCCARTESIANPOINT((0.,0.,0.));
#2191=IFCDIRECTION((0.,-1.,0.));
#2192=IFCDIRECTION((1.,0.,0.));
#2193=IFCAXIS2PLACEMENT3D(#2190,#2191,#2192);
#2194=IFCDIRECTION((0.,0.,-1.));
#2195=IFCEXTRUDEDAREASOLID(#2189,#2193,#2194,0.02500000037252903);
#2196=IFCCARTESIANPOINTLIST2D(((0.,0.),(0.79999997466802597,0.),(0.79999997466802597,0.10000000149011612),(0.,0.10000000149011612)));
#2197=IFCINDEXEDPOLYCURVE(#2196,(IFCLINEINDEX((1,2,3,4,1))),$);
#2198=IFCARBITRARYCLOSEDPROFILEDEF(.AREA.,$,#2197);
#2199=IFCCARTESIANPOINT((0.05000000074505806,0.,0.));
#2200=IFCDIRECTION((0.,0.,1.));
#2201=IFCDIRECTION((1.,0.,0.));
#2202=IFCAXIS2PLACEMENT3D(#2199,#2200,#2201);
#2203=IFCDIRECTION((0.,0.,1.));
#2204=IFCEXTRUDEDAREASOLID(#2198,#2202,#2203,0.02500000037252903);
#2205=IFCCARTESIANPOINTLIST2D(((0.,0.),(0.,2.0250000022351742),(0.94999998062849045,2.0250000022351742),(0.94999998062849045,0.),(0.87499997764825821,0.),(0.87499997764825821,1.9499999992549419),(0.075000002980232239,1.9499999992549419),(0.075000002980232239,0.)));
#2206=IFCINDEXEDPOLYCURVE(#2205,(IFCLINEINDEX((1,2,3,4,5,6,7,8,1))),$);
#2207=IFCARBITRARYCLOSEDPROFILEDEF(.AREA.,$,#2206);
#2208=IFCCARTESIANPOINT((-0.025000002235174179,-0.004999999888241291,0.));
#2209=IFCDIRECTION((0.,-1.,0.));
#2210=IFCDIRECTION((1.,0.,0.));
#2211=IFCAXIS2PLACEMENT3D(#2208,#2209,#2210);
#2212=IFCDIRECTION((0.,0.,-1.));
#2213=IFCEXTRUDEDAREASOLID(#2207,#2211,#2212,0.004999999888241291);
#2214=IFCCARTESIANPOINTLIST2D(((0.,0.),(0.,2.0250000022351742),(0.94999998062849045,2.0250000022351742),(0.94999998062849045,0.),(0.89999997802078724,0.),(0.89999997802078724,1.974999999627471),(0.050000002607703209,1.974999999627471),(0.050000002607703209,0.)));
#2215=IFCINDEXEDPOLYCURVE(#2214,(IFCLINEINDEX((1,2,3,4,5,6,7,8,1))),$);
#2216=IFCARBITRARYCLOSEDPROFILEDEF(.AREA.,$,#2215);
#2217=IFCCARTESIANPOINT((-0.025000002235174179,0.05000000074505806,0.));
#2218=IFCDIRECTION((0.,-1.,0.));
#2219=IFCDIRECTION((1.,0.,0.));
#2220=IFCAXIS2PLACEMENT3D(#2217,#2218,#2219);
#2221=IFCDIRECTION((0.,0.,-1.));
#2222=IFCEXTRUDEDAREASOLID(#2216,#2220,#2221,0.004999999888241291);
#2223=IFCCARTESIANPOINTLIST2D(((0.,0.),(0.84999997541308403,0.),(0.84999997541308403,0.035000000149011612),(0.,0.035000000149011612)));
#2224=IFCINDEXEDPOLYCURVE(#2223,(IFCLINEINDEX((1,2,3,4,1))),$);
#2225=IFCARBITRARYCLOSEDPROFILEDEF(.AREA.,$,#2224);
#2226=IFCCARTESIANPOINT((0.02500000037252903,0.02500000037252903,0.02500000037252903));
#2227=IFCDIRECTION((0.,0.,1.));
#2228=IFCDIRECTION((1.,0.,0.));
#2229=IFCAXIS2PLACEMENT3D(#2226,#2227,#2228);
#2230=IFCDIRECTION((0.,0.,1.));
#2231=IFCEXTRUDEDAREASOLID(#2225,#2229,#2230,1.9499999992549419);
#2232=IFCCARTESIANPOINTLIST2D(((0.,0.),(0.,-0.040000000000000001),(-0.11999999999999988,-0.040000000000000001),(-0.11999999999999988,-0.02),(-0.020000000000000018,-0.02),(-0.020000000000000018,0.)));
#2233=IFCINDEXEDPOLYCURVE(#2232,(IFCLINEINDEX((1,2,3,4,5,6,1))),$);
#2234=IFCARBITRARYCLOSEDPROFILEDEF(.AREA.,$,#2233);
#2235=IFCCARTESIANPOINT((0.82499997578561302,0.02500000037252903,1.015000000372529));
#2236=IFCDIRECTION((0.,0.,1.));
#2237=IFCDIRECTION((1.,0.,0.));
#2238=IFCAXIS2PLACEMENT3D(#2235,#2236,#2237);
#2239=IFCDIRECTION((0.,0.,1.));
#2240=IFCEXTRUDEDAREASOLID(#2234,#2238,#2239,0.02);
#2241=IFCEXTRUDEDAREASOLID(#2242,#2245,#2249,0.02);
#2242=IFCARBITRARYCLOSEDPROFILEDEF(.AREA.,$,#2243);
#2243=IFCINDEXEDPOLYCURVE(#2244,(IFCLINEINDEX((1,2,3,4,5,6,1))),$);
#2244=IFCCARTESIANPOINTLIST2D(((0.,0.),(0.,0.040000000000000008),(-0.11999999999999988,0.040000000000000008),(-0.11999999999999988,0.020000000000000004),(-0.020000000000000018,0.020000000000000004),(-0.020000000000000018,0.)));
#2245=IFCAXIS2PLACEMENT3D(#2246,#2247,#2248);
#2246=IFCCARTESIANPOINT((0.82499997578561302,0.060000000521540642,1.015000000372529));
#2247=IFCDIRECTION((0.,0.,1.));
#2248=IFCDIRECTION((1.,0.,0.));
#2249=IFCDIRECTION((0.,0.,1.));
#2251=IFCSHAPEREPRESENTATION(#11,'Body','SweptSolid',(#2222,#2195,#2204,#2186,#2213));
#2252=IFCSHAPEASPECT((#2251),'Lining',$,.T.,#2119);
#2253=IFCSHAPEREPRESENTATION(#11,'Body','SweptSolid',(#2240,#2241,#2231));
#2254=IFCSHAPEASPECT((#2253),'Framing',$,.T.,#2119);
#2427=IFCSHAPEREPRESENTATION(#11,'Body','SweptSolid',());
#2428=IFCSHAPEASPECT((#2427),'Glazing',$,.T.,#2119);
#2670=IFCDOORTYPE('1FzZmXfr5DYPFvs5t2MwcM',$,'Guest-GF',$,$,$,(#2673,#2681,#2801),$,$,.DOOR.,.SINGLE_SWING_LEFT.,$,$);
#2673=IFCREPRESENTATIONMAP(#2674,#3207);
#2674=IFCAXIS2PLACEMENT3D(#2675,#2676,#2677);
#2675=IFCCARTESIANPOINT((0.,0.,0.));
#2676=IFCDIRECTION((0.,0.,1.));
#2677=IFCDIRECTION((1.,0.,0.));
#2681=IFCREPRESENTATIONMAP(#2682,#3322);
#2682=IFCAXIS2PLACEMENT3D(#2683,#2684,#2685);
#2683=IFCCARTESIANPOINT((0.,0.,0.));
#2684=IFCDIRECTION((0.,0.,1.));
#2685=IFCDIRECTION((1.,0.,0.));
#2801=IFCREPRESENTATIONMAP(#2802,#3336);
#2802=IFCAXIS2PLACEMENT3D(#2803,#2804,#2805);
#2803=IFCCARTESIANPOINT((0.,0.,0.));
#2804=IFCDIRECTION((0.,0.,1.));
#2805=IFCDIRECTION((1.,0.,0.));
#2820=IFCDOOR('2md6yACXLDph3b_0ZaURkF',$,'Door',$,$,#3361,#2829,$,2.,1.0423566102981567,$,.SINGLE_SWING_RIGHT.,$);
#2821=IFCRELDEFINESBYTYPE('3fFXwn8Gb2OPrdBgd6nvQB',$,$,$,(#2820),#2670);
#2822=IFCCARTESIANPOINT((0.,0.,0.));
#2823=IFCDIRECTION((1.,0.,0.));
#2824=IFCDIRECTION((0.,1.,0.));
#2825=IFCDIRECTION((0.,0.,1.));
#2826=IFCCARTESIANTRANSFORMATIONOPERATOR3D(#2823,#2824,#2822,1.,#2825);
#2827=IFCMAPPEDITEM(#2673,#2826);
#2828=IFCSHAPEREPRESENTATION(#18,'Profile','MappedRepresentation',(#2827));
#2829=IFCPRODUCTDEFINITIONSHAPE($,$,(#2828,#2836,#2843));
#2830=IFCCARTESIANPOINT((0.,0.,0.));
#2831=IFCDIRECTION((1.,0.,0.));
#2832=IFCDIRECTION((0.,1.,0.));
#2833=IFCDIRECTION((0.,0.,1.));
#2834=IFCCARTESIANTRANSFORMATIONOPERATOR3D(#2831,#2832,#2830,1.,#2833);
#2835=IFCMAPPEDITEM(#2681,#2834);
#2836=IFCSHAPEREPRESENTATION(#11,'Body','MappedRepresentation',(#2835));
#2837=IFCCARTESIANPOINT((0.,0.,0.));
#2838=IFCDIRECTION((1.,0.,0.));
#2839=IFCDIRECTION((0.,1.,0.));
#2840=IFCDIRECTION((0.,0.,1.));
#2841=IFCCARTESIANTRANSFORMATIONOPERATOR3D(#2838,#2839,#2837,1.,#2840);
#2842=IFCMAPPEDITEM(#2801,#2841);
#2843=IFCSHAPEREPRESENTATION(#24,'Body','MappedRepresentation',(#2842));
#2844=IFCOPENINGELEMENT('0eGyoFpqv8he1_2HqFt_nv',$,'Opening',$,$,#3356,#2872,$,.OPENING.);
#2860=IFCCARTESIANPOINT((0.,0.,0.));
#2861=IFCDIRECTION((1.,0.,0.));
#2862=IFCDIRECTION((0.,0.,1.));
#2863=IFCAXIS2PLACEMENT3D(#2860,#2862,#2861);
#2864=IFCREPRESENTATIONMAP(#2863,#3346);
#2865=IFCCARTESIANPOINT((0.,0.,0.));
#2866=IFCDIRECTION((1.,0.,0.));
#2867=IFCDIRECTION((0.,1.,0.));
#2868=IFCDIRECTION((0.,0.,1.));
#2869=IFCCARTESIANTRANSFORMATIONOPERATOR3D(#2866,#2867,#2865,1.,#2868);
#2870=IFCMAPPEDITEM(#2864,#2869);
#2871=IFCSHAPEREPRESENTATION(#11,'Body','MappedRepresentation',(#2870));
#2872=IFCPRODUCTDEFINITIONSHAPE($,$,(#2871));
#2873=IFCRELVOIDSELEMENT('1LozhrEbbBvO4U20CAKu36',$,$,$,#620,#2844);
#2879=IFCRELFILLSELEMENT('2mOadwXeD8qvkSzCpWt9Jk',$,$,$,#2844,#2820);
#3003=IFCSHAPEREPRESENTATION(#11,'Body','SweptSolid',(#3243,#3234,#3301,#3252,#3225,#3216,#3290));
#3004=IFCSHAPEASPECT((#3003),'Lining',$,.T.,#2829);
#3005=IFCSHAPEREPRESENTATION(#11,'Body','SweptSolid',(#3312,#3271,#3270,#3261));
#3006=IFCSHAPEASPECT((#3005),'Framing',$,.T.,#2829);
#3007=IFCSHAPEREPRESENTATION(#11,'Body','SweptSolid',(#3321));
#3008=IFCSHAPEASPECT((#3007),'Glazing',$,.T.,#2829);
#3205=IFCCARTESIANPOINTLIST3D(((0.,0.,0.),(1.0423566102981567,0.,0.),(1.0423566102981567,0.,2.),(0.,0.,2.)));
#3206=IFCINDEXEDPOLYCURVE(#3205,(IFCLINEINDEX((1,2,3,4,1))),$);
#3207=IFCSHAPEREPRESENTATION(#18,'Profile','Curve3D',(#3206));
#3208=IFCCARTESIANPOINTLIST2D(((0.,0.),(0.,1.6134348511695862),(1.0423566102981567,1.6134348511695862),(1.0423566102981567,0.),(1.0173566099256277,0.),(1.0173566099256277,1.5985871553421021),(0.02500000037252903,1.5985871553421021),(0.02500000037252903,0.)));
#3209=IFCINDEXEDPOLYCURVE(#3208,(IFCLINEINDEX((1,2,3,4,5,6,7,8,1))),$);
#3210=IFCARBITRARYCLOSEDPROFILEDEF(.AREA.,$,#3209);
#3211=IFCCARTESIANPOINT((0.,0.02500000037252903,0.));
#3212=IFCDIRECTION((0.,-1.,0.));
#3213=IFCDIRECTION((1.,0.,0.));
#3214=IFCAXIS2PLACEMENT3D(#3211,#3212,#3213);
#3215=IFCDIRECTION((0.,0.,-1.));
#3216=IFCEXTRUDEDAREASOLID(#3210,#3214,#3215,0.02500000037252903);
#3217=IFCCARTESIANPOINTLIST2D(((0.,0.),(0.,1.6134348511695862),(1.0423566102981567,1.6134348511695862),(1.0423566102981567,0.),(0.99235660955309868,0.),(0.99235660955309868,1.5985871553421021),(0.05000000074505806,1.5985871553421021),(0.05000000074505806,0.)));
#3218=IFCINDEXEDPOLYCURVE(#3217,(IFCLINEINDEX((1,2,3,4,5,6,7,8,1))),$);
#3219=IFCARBITRARYCLOSEDPROFILEDEF(.AREA.,$,#3218);
#3220=IFCCARTESIANPOINT((0.,0.,0.));
#3221=IFCDIRECTION((0.,-1.,0.));
#3222=IFCDIRECTION((1.,0.,0.));
#3223=IFCAXIS2PLACEMENT3D(#3220,#3221,#3222);
#3224=IFCDIRECTION((0.,0.,-1.));
#3225=IFCEXTRUDEDAREASOLID(#3219,#3223,#3224,0.02500000037252903);
#3226=IFCCARTESIANPOINTLIST2D(((0.,0.),(0.94235660880804062,0.),(0.94235660880804062,0.10000000149011612),(0.,0.10000000149011612)));
#3227=IFCINDEXEDPOLYCURVE(#3226,(IFCLINEINDEX((1,2,3,4,1))),$);
#3228=IFCARBITRARYCLOSEDPROFILEDEF(.AREA.,$,#3227);
#3229=IFCCARTESIANPOINT((0.05000000074505806,0.,0.));
#3230=IFCDIRECTION((0.,0.,1.));
#3231=IFCDIRECTION((1.,0.,0.));
#3232=IFCAXIS2PLACEMENT3D(#3229,#3230,#3231);
#3233=IFCDIRECTION((0.,0.,1.));
#3234=IFCEXTRUDEDAREASOLID(#3228,#3232,#3233,0.02500000037252903);
#3235=IFCCARTESIANPOINTLIST2D(((0.,0.),(0.,2.0250000022351742),(1.0923566147685051,2.0250000022351742),(1.0923566147685051,0.),(1.0173566117882729,0.),(1.0173566117882729,1.9499999992549419),(0.075000002980232239,1.9499999992549419),(0.075000002980232239,0.)));
#3236=IFCINDEXEDPOLYCURVE(#3235,(IFCLINEINDEX((1,2,3,4,5,6,7,8,1))),$);
#3237=IFCARBITRARYCLOSEDPROFILEDEF(.AREA.,$,#3236);
#3238=IFCCARTESIANPOINT((-0.025000002235174179,-0.004999999888241291,0.));
#3239=IFCDIRECTION((0.,-1.,0.));
#3240=IFCDIRECTION((1.,0.,0.));
#3241=IFCAXIS2PLACEMENT3D(#3238,#3239,#3240);
#3242=IFCDIRECTION((0.,0.,-1.));
#3243=IFCEXTRUDEDAREASOLID(#3237,#3241,#3242,0.004999999888241291);
#3244=IFCCARTESIANPOINTLIST2D(((0.,0.),(0.,2.0250000022351742),(1.0923566147685051,2.0250000022351742),(1.0923566147685051,0.),(1.0423566121608019,0.),(1.0423566121608019,1.9499999992549419),(0.050000002607703209,1.9499999992549419),(0.050000002607703209,0.)));
#3245=IFCINDEXEDPOLYCURVE(#3244,(IFCLINEINDEX((1,2,3,4,5,6,7,8,1))),$);
#3246=IFCARBITRARYCLOSEDPROFILEDEF(.AREA.,$,#3245);
#3247=IFCCARTESIANPOINT((-0.025000002235174179,0.05000000074505806,0.));
#3248=IFCDIRECTION((0.,-1.,0.));
#3249=IFCDIRECTION((1.,0.,0.));
#3250=IFCAXIS2PLACEMENT3D(#3247,#3248,#3249);
#3251=IFCDIRECTION((0.,0.,-1.));
#3252=IFCEXTRUDEDAREASOLID(#3246,#3250,#3251,0.004999999888241291);
#3253=IFCCARTESIANPOINTLIST2D(((0.,0.),(0.99235660955309868,0.),(0.99235660955309868,0.035000000149011612),(0.,0.035000000149011612)));
#3254=IFCINDEXEDPOLYCURVE(#3253,(IFCLINEINDEX((1,2,3,4,1))),$);
#3255=IFCARBITRARYCLOSEDPROFILEDEF(.AREA.,$,#3254);
#3256=IFCCARTESIANPOINT((0.02500000037252903,0.02500000037252903,0.02500000037252903));
#3257=IFCDIRECTION((0.,0.,1.));
#3258=IFCDIRECTION((1.,0.,0.));
#3259=IFCAXIS2PLACEMENT3D(#3256,#3257,#3258);
#3260=IFCDIRECTION((0.,0.,1.));
#3261=IFCEXTRUDEDAREASOLID(#3255,#3259,#3260,1.5634348504245281);
#3262=IFCCARTESIANPOINTLIST2D(((0.,0.),(0.,-0.040000000000000001),(0.12,-0.040000000000000001),(0.12,-0.02),(0.02,-0.02),(0.02,0.)));
#3263=IFCINDEXEDPOLYCURVE(#3262,(IFCLINEINDEX((1,2,3,4,5,6,1))),$);
#3264=IFCARBITRARYCLOSEDPROFILEDEF(.AREA.,$,#3263);
#3265=IFCCARTESIANPOINT((0.075000000372529033,0.02500000037252903,1.015000000372529));
#3266=IFCDIRECTION((0.,0.,1.));
#3267=IFCDIRECTION((1.,0.,0.));
#3268=IFCAXIS2PLACEMENT3D(#3265,#3266,#3267);
#3269=IFCDIRECTION((0.,0.,1.));
#3270=IFCEXTRUDEDAREASOLID(#3264,#3268,#3269,0.02);
#3271=IFCEXTRUDEDAREASOLID(#3272,#3275,#3279,0.02);
#3272=IFCARBITRARYCLOSEDPROFILEDEF(.AREA.,$,#3273);
#3273=IFCINDEXEDPOLYCURVE(#3274,(IFCLINEINDEX((1,2,3,4,5,6,1))),$);
#3274=IFCCARTESIANPOINTLIST2D(((0.,0.),(0.,0.040000000000000008),(0.11999999999999998,0.040000000000000008),(0.11999999999999998,0.020000000000000004),(0.020000000000000004,0.020000000000000004),(0.020000000000000004,0.)));
#3275=IFCAXIS2PLACEMENT3D(#3276,#3277,#3278);
#3276=IFCCARTESIANPOINT((0.075000000372529033,0.060000000521540642,1.015000000372529));
#3277=IFCDIRECTION((0.,0.,1.));
#3278=IFCDIRECTION((1.,0.,0.));
#3279=IFCDIRECTION((0.,0.,1.));
#3280=IFCCARTESIANPOINTLIST2D(((0.,0.),(1.0423566102981567,0.),(1.0423566102981567,0.38656514883041382),(0.,0.38656514883041382)));
#3281=IFCINDEXEDPOLYCURVE(#3280,(IFCLINEINDEX((1,2,3,4,1))),$);
#3282=IFCCARTESIANPOINTLIST2D(((0.02500000037252903,0.014847695827484131),(1.0173566099256277,0.014847695827484131),(1.0173566099256277,0.36156514845788479),(0.02500000037252903,0.36156514845788479)));
#3283=IFCINDEXEDPOLYCURVE(#3282,(IFCLINEINDEX((1,2,3,4,1))),$);
#3284=IFCARBITRARYPROFILEDEFWITHVOIDS(.AREA.,$,#3281,(#3283));
#3285=IFCCARTESIANPOINT((0.,0.02500000037252903,1.6134348511695862));
#3286=IFCDIRECTION((0.,-1.,0.));
#3287=IFCDIRECTION((1.,0.,0.));
#3288=IFCAXIS2PLACEMENT3D(#3285,#3286,#3287);
#3289=IFCDIRECTION((0.,0.,-1.));
#3290=IFCEXTRUDEDAREASOLID(#3284,#3288,#3289,0.02500000037252903);
#3291=IFCCARTESIANPOINTLIST2D(((0.,0.),(1.0423566102981567,0.),(1.0423566102981567,0.38656514883041382),(0.,0.38656514883041382)));
#3292=IFCINDEXEDPOLYCURVE(#3291,(IFCLINEINDEX((1,2,3,4,1))),$);
#3293=IFCCARTESIANPOINTLIST2D(((0.05000000074505806,0.014847695827484131),(0.99235660955309868,0.014847695827484131),(0.99235660955309868,0.33656514808535576),(0.05000000074505806,0.33656514808535576)));
#3294=IFCINDEXEDPOLYCURVE(#3293,(IFCLINEINDEX((1,2,3,4,1))),$);
#3295=IFCARBITRARYPROFILEDEFWITHVOIDS(.AREA.,$,#3292,(#3294));
#3296=IFCCARTESIANPOINT((0.,0.,1.6134348511695862));
#3297=IFCDIRECTION((0.,-1.,0.));
#3298=IFCDIRECTION((1.,0.,0.));
#3299=IFCAXIS2PLACEMENT3D(#3296,#3297,#3298);
#3300=IFCDIRECTION((0.,0.,-1.));
#3301=IFCEXTRUDEDAREASOLID(#3295,#3299,#3300,0.02500000037252903);
#3302=IFCCARTESIANPOINTLIST2D(((0.,0.),(0.99235660955309868,0.),(0.99235660955309868,0.33656514808535576),(0.,0.33656514808535576)));
#3303=IFCINDEXEDPOLYCURVE(#3302,(IFCLINEINDEX((1,2,3,4,1))),$);
#3304=IFCCARTESIANPOINTLIST2D(((0.035000000149011612,0.035000000149011612),(0.95735660940408707,0.035000000149011612),(0.95735660940408707,0.30156514793634415),(0.035000000149011612,0.30156514793634415)));
#3305=IFCINDEXEDPOLYCURVE(#3304,(IFCLINEINDEX((1,2,3,4,1))),$);
#3306=IFCARBITRARYPROFILEDEFWITHVOIDS(.AREA.,$,#3303,(#3305));
#3307=IFCCARTESIANPOINT((0.02500000037252903,0.02500000037252903,1.6384348515421152));
#3308=IFCDIRECTION((0.,-1.,0.));
#3309=IFCDIRECTION((1.,0.,0.));
#3310=IFCAXIS2PLACEMENT3D(#3307,#3308,#3309);
#3311=IFCDIRECTION((0.,0.,-1.));
#3312=IFCEXTRUDEDAREASOLID(#3306,#3310,#3311,0.035000000149011612);
#3313=IFCINDEXEDPOLYCURVE(#3314,(IFCLINEINDEX((1,2,3,4,1))),$);
#3314=IFCCARTESIANPOINTLIST2D(((0.035000000149011612,0.035000000149011612),(0.95735660940408707,0.035000000149011612),(0.95735660940408707,0.30156514793634415),(0.035000000149011612,0.30156514793634415)));
#3315=IFCARBITRARYCLOSEDPROFILEDEF(.AREA.,$,#3313);
#3316=IFCCARTESIANPOINT((0.02500000037252903,0.037500000447034831,1.6384348515421152));
#3317=IFCDIRECTION((0.,-1.,0.));
#3318=IFCDIRECTION((1.,0.,0.));
#3319=IFCAXIS2PLACEMENT3D(#3316,#3317,#3318);
#3320=IFCDIRECTION((0.,0.,-1.));
#3321=IFCEXTRUDEDAREASOLID(#3315,#3319,#3320,0.01);
#3322=IFCSHAPEREPRESENTATION(#11,'Body','SweptSolid',(#3216,#3225,#3261,#3270,#3271,#3290,#3301,#3312,#3321,#3234,#3243,#3252));
#3323=IFCCARTESIANPOINTLIST2D(((0.,0.),(0.,0.05000000074505806),(0.02500000037252903,0.05000000074505806),(0.02500000037252903,0.02500000037252903),(0.05000000074505806,0.02500000037252903),(0.05000000074505806,0.)));
#3324=IFCINDEXEDPOLYCURVE(#3323,(IFCLINEINDEX((1,2,3,4,5,6,1))),$);
#3325=IFCINDEXEDPOLYCURVE(#3326,(IFCLINEINDEX((1,2,3,4,5,6,1))),$);
#3326=IFCCARTESIANPOINTLIST2D(((1.0423566102981567,0.),(1.0423566102981567,0.05000000074505806),(1.0173566099256277,0.05000000074505806),(1.0173566099256277,0.02500000037252903),(0.99235660955309868,0.02500000037252903),(0.99235660955309868,0.)));
#3327=IFCDIRECTION((1.,0.));
#3328=IFCCARTESIANPOINT((0.9823566097766161,0.05000000074505806));
#3329=IFCAXIS2PLACEMENT2D(#3328,#3327);
#3330=IFCELLIPSE(#3329,0.95735660940408707,0.99235660955309868);
#3331=IFCCARTESIANPOINT((0.9823566097766161,1.0423566102981567));
#3332=IFCCARTESIANPOINT((0.02500000037252903,0.05000000074505806));
#3333=IFCTRIMMEDCURVE(#3330,(#3331),(#3332),.T.,.CARTESIAN.);
#3334=IFCCARTESIANPOINTLIST2D(((1.0173566099256277,0.05000000074505806),(0.9823566097766161,0.05000000074505806),(0.9823566097766161,1.0423566102981567),(1.0173566099256277,1.0423566102981567)));
#3335=IFCINDEXEDPOLYCURVE(#3334,(IFCLINEINDEX((1,2,3,4,1))),$);
#3336=IFCSHAPEREPRESENTATION(#24,'Body','Curve2D',(#3324,#3325,#3333,#3335));
#3337=IFCCARTESIANPOINTLIST2D(((0.,0.),(1.0423566102981567,0.),(1.0423566102981567,2.),(0.,2.)));
#3338=IFCINDEXEDPOLYCURVE(#3337,(IFCLINEINDEX((1,2,3,4,1))),$);
#3339=IFCARBITRARYCLOSEDPROFILEDEF(.AREA.,$,#3338);
#3340=IFCCARTESIANPOINT((0.,-0.60000002384185791,0.));
#3341=IFCDIRECTION((0.,-1.,0.));
#3342=IFCDIRECTION((1.,0.,0.));
#3343=IFCAXIS2PLACEMENT3D(#3340,#3341,#3342);
#3344=IFCDIRECTION((0.,0.,-1.));
#3345=IFCEXTRUDEDAREASOLID(#3339,#3343,#3344,1.2);
#3346=IFCSHAPEREPRESENTATION(#11,'Body','SweptSolid',(#3345));
#3352=IFCCARTESIANPOINT((1.393211985737109,0.01500000147249908,0.));
#3353=IFCDIRECTION((0.,0.,1.));
#3354=IFCDIRECTION((0.99999999999997147,-2.384185719961227E-07,0.));
#3355=IFCAXIS2PLACEMENT3D(#3352,#3353,#3354);
#3356=IFCLOCALPLACEMENT(#631,#3355);
#3357=IFCCARTESIANPOINT((-2.2204460492503131E-16,0.,0.));
#3358=IFCDIRECTION((0.,0.,1.));
#3359=IFCDIRECTION((1.,5.2939559203393771E-23,0.));
#3360=IFCAXIS2PLACEMENT3D(#3357,#3358,#3359);
#3361=IFCLOCALPLACEMENT(#3356,#3360);
#3362=IFCDOORTYPE('0YLjZoZir0CBGAiyw3Y6Ml',$,'Bathroom-GF',$,$,(#3363),(#3365,#3373,#3493),$,$,.DOOR.,.SINGLE_SWING_LEFT.,$,$);
#3363=IFCPROPERTYSET('1AXVkFqFzFBOQRh0OQhD2b',$,'BBIM_Door',$,(#3364));
#3364=IFCPROPERTYSINGLEVALUE('Data',$,IFCTEXT('{"door_type": "SINGLE_SWING_LEFT", "overall_height": 1.893837571144104, "overall_width": 0.7470191717147827, "lining_properties": {"lining_depth": 0.05000000074505806, "lining_thickness": 0.0010000000474974513, "lining_offset": 0.0, "lining_to_panel_offset_x": 0.02500000037252903, "lining_to_panel_offset_y": 0.02500000037252903, "transom_thickness": 0.0, "casing_thickness": 0.0438513308763504, "casing_depth": 0.0010000000474974513, "threshold_thickness": 0.02500000037252903, "threshold_depth": 0.10000000149011612, "threshold_offset": 0.0}, "panel_properties": {"panel_depth": 0.03500000014901161, "panel_width_ratio": 1.0}}'),$);
#3365=IFCREPRESENTATIONMAP(#3366,#13342);
#3366=IFCAXIS2PLACEMENT3D(#3367,#3368,#3369);
#3367=IFCCARTESIANPOINT((0.,0.,0.));
#3368=IFCDIRECTION((0.,0.,1.));
#3369=IFCDIRECTION((1.,0.,0.));
#3373=IFCREPRESENTATIONMAP(#3374,#13406);
#3374=IFCAXIS2PLACEMENT3D(#3375,#3376,#3377);
#3375=IFCCARTESIANPOINT((0.,0.,0.));
#3376=IFCDIRECTION((0.,0.,1.));
#3377=IFCDIRECTION((1.,0.,0.));
#3493=IFCREPRESENTATIONMAP(#3494,#13420);
#3494=IFCAXIS2PLACEMENT3D(#3495,#3496,#3497);
#3495=IFCCARTESIANPOINT((0.,0.,0.));
#3496=IFCDIRECTION((0.,0.,1.));
#3497=IFCDIRECTION((1.,0.,0.));
#3577=IFCDOOR('25k3ithIT3uhvFb57DCOSV',$,'Door',$,$,#13445,#3586,$,1.893837571144104,0.74701917171478271,$,.SINGLE_SWING_LEFT.,$);
#3578=IFCRELDEFINESBYTYPE('3v5zO9LE59uvCD5yta$PtQ',$,$,$,(#3577),#3362);
#3579=IFCCARTESIANPOINT((0.,0.,0.));
#3580=IFCDIRECTION((1.,0.,0.));
#3581=IFCDIRECTION((0.,1.,0.));
#3582=IFCDIRECTION((0.,0.,1.));
#3583=IFCCARTESIANTRANSFORMATIONOPERATOR3D(#3580,#3581,#3579,1.,#3582);
#3584=IFCMAPPEDITEM(#3365,#3583);
#3585=IFCSHAPEREPRESENTATION(#18,'Profile','MappedRepresentation',(#3584));
#3586=IFCPRODUCTDEFINITIONSHAPE($,$,(#3585,#3593,#3600));
#3587=IFCCARTESIANPOINT((0.,0.,0.));
#3588=IFCDIRECTION((1.,0.,0.));
#3589=IFCDIRECTION((0.,1.,0.));
#3590=IFCDIRECTION((0.,0.,1.));
#3591=IFCCARTESIANTRANSFORMATIONOPERATOR3D(#3588,#3589,#3587,1.,#3590);
#3592=IFCMAPPEDITEM(#3373,#3591);
#3593=IFCSHAPEREPRESENTATION(#11,'Body','MappedRepresentation',(#3592));
#3594=IFCCARTESIANPOINT((0.,0.,0.));
#3595=IFCDIRECTION((1.,0.,0.));
#3596=IFCDIRECTION((0.,1.,0.));
#3597=IFCDIRECTION((0.,0.,1.));
#3598=IFCCARTESIANTRANSFORMATIONOPERATOR3D(#3595,#3596,#3594,1.,#3597);
#3599=IFCMAPPEDITEM(#3493,#3598);
#3600=IFCSHAPEREPRESENTATION(#24,'Body','MappedRepresentation',(#3599));
#3601=IFCOPENINGELEMENT('0jXE4JNGT1w8V$NiRqnGGa',$,'Opening',$,$,#13440,#3629,$,.OPENING.);
#3617=IFCCARTESIANPOINT((0.,0.,0.));
#3618=IFCDIRECTION((1.,0.,0.));
#3619=IFCDIRECTION((0.,0.,1.));
#3620=IFCAXIS2PLACEMENT3D(#3617,#3619,#3618);
#3621=IFCREPRESENTATIONMAP(#3620,#13430);
#3622=IFCCARTESIANPOINT((0.,0.,0.));
#3623=IFCDIRECTION((1.,0.,0.));
#3624=IFCDIRECTION((0.,1.,0.));
#3625=IFCDIRECTION((0.,0.,1.));
#3626=IFCCARTESIANTRANSFORMATIONOPERATOR3D(#3623,#3624,#3622,1.,#3625);
#3627=IFCMAPPEDITEM(#3621,#3626);
#3628=IFCSHAPEREPRESENTATION(#11,'Body','MappedRepresentation',(#3627));
#3629=IFCPRODUCTDEFINITIONSHAPE($,$,(#3628));
#3630=IFCRELVOIDSELEMENT('0LqWWbSjz8Extm95ukxw_P',$,$,$,#761,#3601);
#3636=IFCRELFILLSELEMENT('16Btf1CdHBoRQOFqKg9vqx',$,$,$,#3601,#3577);
#3760=IFCSHAPEREPRESENTATION(#11,'Body','SweptSolid',(#12847,#13257,#13369,#12838,#13351,#13230,#12820,#13360,#13239,#12829,#13378,#13248));
#3761=IFCSHAPEASPECT((#3760),'Lining',$,.T.,#3586);
#3762=IFCSHAPEREPRESENTATION(#11,'Body','SweptSolid',(#13275,#12856,#13397,#12866,#13396,#12865,#13387,#13276,#13266));
#3763=IFCSHAPEASPECT((#3762),'Framing',$,.T.,#3586);
#3764=IFCSHAPEREPRESENTATION(#11,'Body','SweptSolid',());
#3765=IFCSHAPEASPECT((#3764),'Glazing',$,.T.,#3586);
#3805=IFCDOORTYPE('0vVIsmFEDDuxV1dMz4lZFA',$,'MaidsRoom-GF',$,$,(#3806),(#3808,#3816,#3936,#4461),$,$,.DOOR.,.SINGLE_SWING_LEFT.,$,$);
#3806=IFCPROPERTYSET('3XsQsXJczCD8p02y9gACEq',$,'BBIM_Door',$,(#3807));
#3807=IFCPROPERTYSINGLEVALUE('Data',$,IFCTEXT('{"door_type": "SLIDING_TO_RIGHT", "overall_height": 2.0, "overall_width": 1.782482624053955, "lining_properties": {"lining_depth": 0.05000000074505806, "lining_thickness": 0.05000000074505806, "lining_offset": 0.0, "transom_thickness": 0.02969539165496826, "transom_offset": 1.598587155342102, "casing_thickness": 0.07500000298023224, "casing_depth": 0.004999999888241291, "threshold_thickness": 0.02500000037252903, "threshold_depth": 0.10000000149011612, "threshold_offset": 0.0}, "panel_properties": {"panel_depth": 0.03500000014901161, "panel_width_ratio": 1.0, "frame_thickness": 0.03500000014901161, "frame_depth": 0.03500000014901161}}'),$);
#3808=IFCREPRESENTATIONMAP(#3809,#4541);
#3809=IFCAXIS2PLACEMENT3D(#3810,#3811,#3812);
#3810=IFCCARTESIANPOINT((0.,0.,0.));
#3811=IFCDIRECTION((0.,0.,1.));
#3812=IFCDIRECTION((1.,0.,0.));
#3816=IFCREPRESENTATIONMAP(#3817,#4636);
#3817=IFCAXIS2PLACEMENT3D(#3818,#3819,#3820);
#3818=IFCCARTESIANPOINT((0.,0.,0.));
#3819=IFCDIRECTION((0.,0.,1.));
#3820=IFCDIRECTION((1.,0.,0.));
#3936=IFCREPRESENTATIONMAP(#3937,#4643);
#3937=IFCAXIS2PLACEMENT3D(#3938,#3939,#3940);
#3938=IFCCARTESIANPOINT((0.,0.,0.));
#3939=IFCDIRECTION((0.,0.,1.));
#3940=IFCDIRECTION((1.,0.,0.));
#3955=IFCWINDOWTYPE('1yO4OgVmD8ZfnQVgbnc7BV',$,'Living-GF',$,$,(#3956),(#3965,#4013,#4035),$,$,.WINDOW.,.SINGLE_PANEL.,$,$);
#3956=IFCPROPERTYSET('3FamAemYX79heggN5Y4Tg7',$,'BBIM_Window',$,(#3957));
#3957=IFCPROPERTYSINGLEVALUE('Data',$,IFCTEXT('{"window_type": "SINGLE_PANEL", "overall_height": 0.8999999761581421, "overall_width": 0.8174973726272583, "lining_properties": {"lining_depth": 0.05000000074505806, "lining_thickness": 0.05000000074505806, "lining_offset": 0.05000000074505806, "lining_to_panel_offset_x": 0.02500000037252903, "lining_to_panel_offset_y": 0.02500000037252903}, "panel_properties": {"frame_depth": [0.03500000014901161, 0.03500000014901161, 0.03500000014901161], "frame_thickness": [0.03500000014901161, 0.03500000014901161, 0.03500000014901161]}}'),$);
#3961=IFCCARTESIANPOINT((0.,0.,0.));
#3962=IFCDIRECTION((1.,0.,0.));
#3963=IFCDIRECTION((0.,0.,1.));
#3964=IFCAXIS2PLACEMENT3D(#3961,#3963,#3962);
#3965=IFCREPRESENTATIONMAP(#3964,#5261);
#4009=IFCCARTESIANPOINT((0.,0.,0.));
#4010=IFCDIRECTION((1.,0.,0.));
#4011=IFCDIRECTION((0.,0.,1.));
#4012=IFCAXIS2PLACEMENT3D(#4009,#4011,#4010);
#4013=IFCREPRESENTATIONMAP(#4012,#5304);
#4031=IFCCARTESIANPOINT((0.,0.,0.));
#4032=IFCDIRECTION((1.,0.,0.));
#4033=IFCDIRECTION((0.,0.,1.));
#4034=IFCAXIS2PLACEMENT3D(#4031,#4033,#4032);
#4035=IFCREPRESENTATIONMAP(#4034,#5321);
#4036=IFCWINDOW('2NCIUsJMLEZRxIKhs5vNa$',$,'Window',$,$,#5346,#4045,$,0.89999997615814209,0.8174973726272583,$,.SINGLE_PANEL.,$);
#4037=IFCRELDEFINESBYTYPE('33WFBtKInFGA82Mmkr9A8I',$,$,$,(#4036),#3955);
#4038=IFCCARTESIANPOINT((0.,0.,0.));
#4039=IFCDIRECTION((1.,0.,0.));
#4040=IFCDIRECTION((0.,1.,0.));
#4041=IFCDIRECTION((0.,0.,1.));
#4042=IFCCARTESIANTRANSFORMATIONOPERATOR3D(#4039,#4040,#4038,1.,#4041);
#4043=IFCMAPPEDITEM(#3965,#4042);
#4044=IFCSHAPEREPRESENTATION(#18,'Profile','MappedRepresentation',(#4043));
#4045=IFCPRODUCTDEFINITIONSHAPE($,$,(#4044,#4052,#4059));
#4046=IFCCARTESIANPOINT((0.,0.,0.));
#4047=IFCDIRECTION((1.,0.,0.));
#4048=IFCDIRECTION((0.,1.,0.));
#4049=IFCDIRECTION((0.,0.,1.));
#4050=IFCCARTESIANTRANSFORMATIONOPERATOR3D(#4047,#4048,#4046,1.,#4049);
#4051=IFCMAPPEDITEM(#4013,#4050);
#4052=IFCSHAPEREPRESENTATION(#11,'Body','MappedRepresentation',(#4051));
#4053=IFCCARTESIANPOINT((0.,0.,0.));
#4054=IFCDIRECTION((1.,0.,0.));
#4055=IFCDIRECTION((0.,1.,0.));
#4056=IFCDIRECTION((0.,0.,1.));
#4057=IFCCARTESIANTRANSFORMATIONOPERATOR3D(#4054,#4055,#4053,1.,#4056);
#4058=IFCMAPPEDITEM(#4035,#4057);
#4059=IFCSHAPEREPRESENTATION(#24,'Body','MappedRepresentation',(#4058));
#4060=IFCOPENINGELEMENT('0zoHNV7vL7c97gDqK$AtTv',$,'Opening',$,$,#5341,#4088,$,.OPENING.);
#4076=IFCCARTESIANPOINT((0.,0.,0.));
#4077=IFCDIRECTION((1.,0.,0.));
#4078=IFCDIRECTION((0.,0.,1.));
#4079=IFCAXIS2PLACEMENT3D(#4076,#4078,#4077);
#4080=IFCREPRESENTATIONMAP(#4079,#5331);
#4081=IFCCARTESIANPOINT((0.,0.,0.));
#4082=IFCDIRECTION((1.,0.,0.));
#4083=IFCDIRECTION((0.,1.,0.));
#4084=IFCDIRECTION((0.,0.,1.));
#4085=IFCCARTESIANTRANSFORMATIONOPERATOR3D(#4082,#4083,#4081,1.,#4084);
#4086=IFCMAPPEDITEM(#4080,#4085);
#4087=IFCSHAPEREPRESENTATION(#11,'Body','MappedRepresentation',(#4086));
#4088=IFCPRODUCTDEFINITIONSHAPE($,$,(#4087));
#4089=IFCRELVOIDSELEMENT('3ZOIdcP8D0TfbcHUzQv4BE',$,$,$,#127,#4060);
#4095=IFCRELFILLSELEMENT('3IUGPvr8j2I9ojL2dFiMcV',$,$,$,#4060,#4036);
#4104=IFCCARTESIANPOINTLIST2D(((0.,0.),(0.90734255313873291,0.),(0.90734255313873291,0.89999997615814209),(0.,0.89999997615814209)));
#4105=IFCINDEXEDPOLYCURVE(#4104,(IFCLINEINDEX((1,2,3,4,1))),$);
#4106=IFCCARTESIANPOINTLIST2D(((0.02500000037252903,0.02500000037252903),(0.88234255276620388,0.02500000037252903),(0.88234255276620388,0.87499997578561306),(0.02500000037252903,0.87499997578561306)));
#4107=IFCINDEXEDPOLYCURVE(#4106,(IFCLINEINDEX((1,2,3,4,1))),$);
#4108=IFCARBITRARYPROFILEDEFWITHVOIDS(.AREA.,$,#4105,(#4107));
#4109=IFCCARTESIANPOINT((0.,0.090000001713633537,0.));
#4110=IFCDIRECTION((0.,-1.,0.));
#4111=IFCDIRECTION((1.,0.,0.));
#4112=IFCAXIS2PLACEMENT3D(#4109,#4110,#4111);
#4113=IFCDIRECTION((0.,0.,-1.));
#4114=IFCEXTRUDEDAREASOLID(#4108,#4112,#4113,0.0099999997764825821);
#4115=IFCCARTESIANPOINTLIST2D(((0.,0.),(0.90734255313873291,0.),(0.90734255313873291,0.89999997615814209),(0.,0.89999997615814209)));
#4116=IFCINDEXEDPOLYCURVE(#4115,(IFCLINEINDEX((1,2,3,4,1))),$);
#4117=IFCCARTESIANPOINTLIST2D(((0.05000000074505806,0.05000000074505806),(0.85734255239367485,0.05000000074505806),(0.85734255239367485,0.84999997541308403),(0.05000000074505806,0.84999997541308403)));
#4118=IFCINDEXEDPOLYCURVE(#4117,(IFCLINEINDEX((1,2,3,4,1))),$);
#4119=IFCARBITRARYPROFILEDEFWITHVOIDS(.AREA.,$,#4116,(#4118));
#4120=IFCCARTESIANPOINT((0.,0.05000000074505806,0.));
#4121=IFCDIRECTION((0.,-1.,0.));
#4122=IFCDIRECTION((1.,0.,0.));
#4123=IFCAXIS2PLACEMENT3D(#4120,#4121,#4122);
#4124=IFCDIRECTION((0.,0.,-1.));
#4125=IFCEXTRUDEDAREASOLID(#4119,#4123,#4124,0.040000000968575478);
#4126=IFCCARTESIANPOINTLIST2D(((0.,0.),(0.85734255239367485,0.),(0.85734255239367485,0.84999997541308403),(0.,0.84999997541308403)));
#4127=IFCINDEXEDPOLYCURVE(#4126,(IFCLINEINDEX((1,2,3,4,1))),$);
#4128=IFCCARTESIANPOINTLIST2D(((0.035000000149011612,0.035000000149011612),(0.82234255224466324,0.035000000149011612),(0.82234255224466324,0.81499997526407242),(0.035000000149011612,0.81499997526407242)));
#4129=IFCINDEXEDPOLYCURVE(#4128,(IFCLINEINDEX((1,2,3,4,1))),$);
#4130=IFCARBITRARYPROFILEDEFWITHVOIDS(.AREA.,$,#4127,(#4129));
#4131=IFCCARTESIANPOINT((0.02500000037252903,0.090000001713633537,0.02500000037252903));
#4132=IFCDIRECTION((0.,-1.,0.));
#4133=IFCDIRECTION((1.,0.,0.));
#4134=IFCAXIS2PLACEMENT3D(#4131,#4132,#4133);
#4135=IFCDIRECTION((0.,0.,-1.));
#4136=IFCEXTRUDEDAREASOLID(#4130,#4134,#4135,0.035000000149011612);
#4137=IFCINDEXEDPOLYCURVE(#4138,(IFCLINEINDEX((1,2,3,4,1))),$);
#4138=IFCCARTESIANPOINTLIST2D(((0.035000000149011612,0.035000000149011612),(0.82234255224466324,0.035000000149011612),(0.82234255224466324,0.81499997526407242),(0.035000000149011612,0.81499997526407242)));
#4139=IFCARBITRARYCLOSEDPROFILEDEF(.AREA.,$,#4137);
#4140=IFCCARTESIANPOINT((0.02500000037252903,0.10250000178813934,0.02500000037252903));
#4141=IFCDIRECTION((0.,-1.,0.));
#4142=IFCDIRECTION((1.,0.,0.));
#4143=IFCAXIS2PLACEMENT3D(#4140,#4141,#4142);
#4144=IFCDIRECTION((0.,0.,-1.));
#4145=IFCEXTRUDEDAREASOLID(#4139,#4143,#4144,0.01);
#4147=IFCSHAPEREPRESENTATION(#11,'Body','SweptSolid',(#5272,#5283,#4125,#4114));
#4148=IFCSHAPEASPECT((#4147),'Lining',$,.T.,#4045);
#4149=IFCSHAPEREPRESENTATION(#11,'Body','SweptSolid',(#5294,#4136));
#4150=IFCSHAPEASPECT((#4149),'Framing',$,.T.,#4045);
#4151=IFCSHAPEREPRESENTATION(#11,'Body','SweptSolid',(#4145,#5303));
#4152=IFCSHAPEASPECT((#4151),'Glazing',$,.T.,#4045);
#4195=IFCWINDOWTYPE('1WxjC$PlX1SuBmxYutdhff',$,'Guest-1-GF',$,$,(#4196),(#4198,#4206,#4254),$,$,.WINDOW.,.SINGLE_PANEL.,$,$);
#4196=IFCPROPERTYSET('3PI$T7sMH6ThN76HUUaXdJ',$,'BBIM_Window',$,(#4197));
#4197=IFCPROPERTYSINGLEVALUE('Data',$,IFCTEXT('{"window_type": "DOUBLE_PANEL_VERTICAL", "overall_height": 0.8999999761581421, "overall_width": 1.154848575592041, "lining_properties": {"lining_depth": 0.05000000074505806, "lining_thickness": 0.05000000074505806, "lining_offset": 0.05000000074505806, "lining_to_panel_offset_x": 0.02500000037252903, "lining_to_panel_offset_y": 0.02500000037252903, "mullion_thickness": 0.05000000074505806, "first_mullion_offset": 0.5686227679252625}, "panel_properties": {"frame_depth": [0.03500000014901161, 0.03500000014901161, 0.03500000014901161], "frame_thickness": [0.03500000014901161, 0.03500000014901161, 0.03500000014901161]}}'),$);
#4198=IFCREPRESENTATIONMAP(#4199,#19163);
#4199=IFCAXIS2PLACEMENT3D(#4200,#4201,#4202);
#4200=IFCCARTESIANPOINT((0.,0.,0.));
#4201=IFCDIRECTION((0.,0.,1.));
#4202=IFCDIRECTION((1.,0.,0.));
#4206=IFCREPRESENTATIONMAP(#4207,#19244);
#4207=IFCAXIS2PLACEMENT3D(#4208,#4209,#4210);
#4208=IFCCARTESIANPOINT((0.,0.,0.));
#4209=IFCDIRECTION((0.,0.,1.));
#4210=IFCDIRECTION((1.,0.,0.));
#4254=IFCREPRESENTATIONMAP(#4255,#19277);
#4255=IFCAXIS2PLACEMENT3D(#4256,#4257,#4258);
#4256=IFCCARTESIANPOINT((0.,0.,0.));
#4257=IFCDIRECTION((0.,0.,1.));
#4258=IFCDIRECTION((1.,0.,0.));
#4276=IFCDOOR('0gSNjzlULEtBemhxDW_I5o',$,'Door',$,$,#4693,#4285,$,2.,1.7824826240539551,$,.SLIDING_TO_RIGHT.,$);
#4277=IFCRELDEFINESBYTYPE('10p3FLslzEnOs5EWPRiJmu',$,$,$,(#4276),#3805);
#4278=IFCCARTESIANPOINT((0.,0.,0.));
#4279=IFCDIRECTION((1.,0.,0.));
#4280=IFCDIRECTION((0.,1.,0.));
#4281=IFCDIRECTION((0.,0.,1.));
#4282=IFCCARTESIANTRANSFORMATIONOPERATOR3D(#4279,#4280,#4278,1.,#4281);
#4283=IFCMAPPEDITEM(#3808,#4282);
#4284=IFCSHAPEREPRESENTATION(#18,'Profile','MappedRepresentation',(#4283));
#4285=IFCPRODUCTDEFINITIONSHAPE($,$,(#4284,#4292,#4299,#4468));
#4286=IFCCARTESIANPOINT((0.,0.,0.));
#4287=IFCDIRECTION((1.,0.,0.));
#4288=IFCDIRECTION((0.,1.,0.));
#4289=IFCDIRECTION((0.,0.,1.));
#4290=IFCCARTESIANTRANSFORMATIONOPERATOR3D(#4287,#4288,#4286,1.,#4289);
#4291=IFCMAPPEDITEM(#3816,#4290);
#4292=IFCSHAPEREPRESENTATION(#11,'Body','MappedRepresentation',(#4291));
#4293=IFCCARTESIANPOINT((0.,0.,0.));
#4294=IFCDIRECTION((1.,0.,0.));
#4295=IFCDIRECTION((0.,1.,0.));
#4296=IFCDIRECTION((0.,0.,1.));
#4297=IFCCARTESIANTRANSFORMATIONOPERATOR3D(#4294,#4295,#4293,1.,#4296);
#4298=IFCMAPPEDITEM(#3936,#4297);
#4299=IFCSHAPEREPRESENTATION(#24,'Body','MappedRepresentation',(#4298));
#4300=IFCOPENINGELEMENT('2jQ6$sAUDAqv6feRQNVu8x',$,'Opening',$,$,#4683,#4328,$,.OPENING.);
#4316=IFCCARTESIANPOINT((0.,0.,0.));
#4317=IFCDIRECTION((1.,0.,0.));
#4318=IFCDIRECTION((0.,0.,1.));
#4319=IFCAXIS2PLACEMENT3D(#4316,#4318,#4317);
#4320=IFCREPRESENTATIONMAP(#4319,#4658);
#4321=IFCCARTESIANPOINT((0.,0.,0.));
#4322=IFCDIRECTION((1.,0.,0.));
#4323=IFCDIRECTION((0.,1.,0.));
#4324=IFCDIRECTION((0.,0.,1.));
#4325=IFCCARTESIANTRANSFORMATIONOPERATOR3D(#4322,#4323,#4321,1.,#4324);
#4326=IFCMAPPEDITEM(#4320,#4325);
#4327=IFCSHAPEREPRESENTATION(#11,'Body','MappedRepresentation',(#4326));
#4328=IFCPRODUCTDEFINITIONSHAPE($,$,(#4327));
#4329=IFCRELVOIDSELEMENT('3OdFCJC393cvHY1h_BkzJ2',$,$,$,#1065,#4300);
#4335=IFCRELFILLSELEMENT('06jAF5PA9AuO4nRml4vqiJ',$,$,$,#4300,#4276);
#4344=IFCCARTESIANPOINTLIST2D(((0.,0.),(0.,1.6134348511695862),(1.0423566102981567,1.6134348511695862),(1.0423566102981567,0.),(0.99235660955309868,0.),(0.99235660955309868,1.5985871553421021),(0.05000000074505806,1.5985871553421021),(0.05000000074505806,0.)));
#4345=IFCINDEXEDPOLYCURVE(#4344,(IFCLINEINDEX((1,2,3,4,5,6,7,8,1))),$);
#4346=IFCARBITRARYCLOSEDPROFILEDEF(.AREA.,$,#4345);
#4347=IFCCARTESIANPOINT((0.,0.,0.));
#4348=IFCDIRECTION((0.,-1.,0.));
#4349=IFCDIRECTION((1.,0.,0.));
#4350=IFCAXIS2PLACEMENT3D(#4347,#4348,#4349);
#4351=IFCDIRECTION((0.,0.,-1.));
#4352=IFCEXTRUDEDAREASOLID(#4346,#4350,#4351,0.05000000074505806);
#4353=IFCCARTESIANPOINTLIST2D(((0.,0.),(0.94235660880804062,0.),(0.94235660880804062,0.10000000149011612),(0.,0.10000000149011612)));
#4354=IFCINDEXEDPOLYCURVE(#4353,(IFCLINEINDEX((1,2,3,4,1))),$);
#4355=IFCARBITRARYCLOSEDPROFILEDEF(.AREA.,$,#4354);
#4356=IFCCARTESIANPOINT((0.05000000074505806,0.,0.));
#4357=IFCDIRECTION((0.,0.,1.));
#4358=IFCDIRECTION((1.,0.,0.));
#4359=IFCAXIS2PLACEMENT3D(#4356,#4357,#4358);
#4360=IFCDIRECTION((0.,0.,1.));
#4361=IFCEXTRUDEDAREASOLID(#4355,#4359,#4360,0.02500000037252903);
#4362=IFCCARTESIANPOINTLIST2D(((0.,0.),(0.,2.0250000022351742),(1.0923566147685051,2.0250000022351742),(1.0923566147685051,0.),(1.0173566117882729,0.),(1.0173566117882729,1.9499999992549419),(0.075000002980232239,1.9499999992549419),(0.075000002980232239,0.)));
#4363=IFCINDEXEDPOLYCURVE(#4362,(IFCLINEINDEX((1,2,3,4,5,6,7,8,1))),$);
#4364=IFCARBITRARYCLOSEDPROFILEDEF(.AREA.,$,#4363);
#4365=IFCCARTESIANPOINT((-0.025000002235174179,-0.004999999888241291,0.));
#4366=IFCDIRECTION((0.,-1.,0.));
#4367=IFCDIRECTION((1.,0.,0.));
#4368=IFCAXIS2PLACEMENT3D(#4365,#4366,#4367);
#4369=IFCDIRECTION((0.,0.,-1.));
#4370=IFCEXTRUDEDAREASOLID(#4364,#4368,#4369,0.004999999888241291);
#4371=IFCCARTESIANPOINTLIST2D(((0.,0.),(0.,2.0250000022351742),(1.0923566147685051,2.0250000022351742),(1.0923566147685051,0.),(1.0173566117882729,0.),(1.0173566117882729,1.9499999992549419),(0.075000002980232239,1.9499999992549419),(0.075000002980232239,0.)));
#4372=IFCINDEXEDPOLYCURVE(#4371,(IFCLINEINDEX((1,2,3,4,5,6,7,8,1))),$);
#4373=IFCARBITRARYCLOSEDPROFILEDEF(.AREA.,$,#4372);
#4374=IFCCARTESIANPOINT((-0.025000002235174179,0.05000000074505806,0.));
#4375=IFCDIRECTION((0.,-1.,0.));
#4376=IFCDIRECTION((1.,0.,0.));
#4377=IFCAXIS2PLACEMENT3D(#4374,#4375,#4376);
#4378=IFCDIRECTION((0.,0.,-1.));
#4379=IFCEXTRUDEDAREASOLID(#4373,#4377,#4378,0.004999999888241291);
#4380=IFCCARTESIANPOINTLIST2D(((0.,0.),(0.94235660880804062,0.),(0.94235660880804062,0.035000000149011612),(0.,0.035000000149011612)));
#4381=IFCINDEXEDPOLYCURVE(#4380,(IFCLINEINDEX((1,2,3,4,1))),$);
#4382=IFCARBITRARYCLOSEDPROFILEDEF(.AREA.,$,#4381);
#4383=IFCCARTESIANPOINT((0.05000000074505806,-0.035000000149011612,0.02500000037252903));
#4384=IFCDIRECTION((0.,0.,1.));
#4385=IFCDIRECTION((1.,0.,0.));
#4386=IFCAXIS2PLACEMENT3D(#4383,#4384,#4385);
#4387=IFCDIRECTION((0.,0.,1.));
#4388=IFCEXTRUDEDAREASOLID(#4382,#4386,#4387,1.5384348500519991);
#4389=IFCCARTESIANPOINTLIST2D(((0.,0.),(0.,-0.040000000000000001),(0.12,-0.040000000000000001),(0.12,-0.02),(0.02,-0.02),(0.02,0.)));
#4390=IFCINDEXEDPOLYCURVE(#4389,(IFCLINEINDEX((1,2,3,4,5,6,1))),$);
#4391=IFCARBITRARYCLOSEDPROFILEDEF(.AREA.,$,#4390);
#4392=IFCCARTESIANPOINT((0.10000000074505806,-0.035000000149011612,1.015000000372529));
#4393=IFCDIRECTION((0.,0.,1.));
#4394=IFCDIRECTION((1.,0.,0.));
#4395=IFCAXIS2PLACEMENT3D(#4392,#4393,#4394);
#4396=IFCDIRECTION((0.,0.,1.));
#4397=IFCEXTRUDEDAREASOLID(#4391,#4395,#4396,0.02);
#4398=IFCEXTRUDEDAREASOLID(#4399,#4402,#4406,0.02);
#4399=IFCARBITRARYCLOSEDPROFILEDEF(.AREA.,$,#4400);
#4400=IFCINDEXEDPOLYCURVE(#4401,(IFCLINEINDEX((1,2,3,4,5,6,1))),$);
#4401=IFCCARTESIANPOINTLIST2D(((0.,0.),(0.,0.040000000000000008),(0.11999999999999998,0.040000000000000008),(0.11999999999999998,0.020000000000000004),(0.020000000000000004,0.020000000000000004),(0.020000000000000004,0.)));
#4402=IFCAXIS2PLACEMENT3D(#4403,#4404,#4405);
#4403=IFCCARTESIANPOINT((0.10000000074505806,0.,1.015000000372529));
#4404=IFCDIRECTION((0.,0.,1.));
#4405=IFCDIRECTION((1.,0.,0.));
#4406=IFCDIRECTION((0.,0.,1.));
#4407=IFCCARTESIANPOINTLIST2D(((0.,0.),(1.0423566102981567,0.),(1.0423566102981567,0.38656514883041382),(0.,0.38656514883041382)));
#4408=IFCINDEXEDPOLYCURVE(#4407,(IFCLINEINDEX((1,2,3,4,1))),$);
#4409=IFCCARTESIANPOINTLIST2D(((0.05000000074505806,0.014847695827484131),(0.99235660955309868,0.014847695827484131),(0.99235660955309868,0.33656514808535576),(0.05000000074505806,0.33656514808535576)));
#4410=IFCINDEXEDPOLYCURVE(#4409,(IFCLINEINDEX((1,2,3,4,1))),$);
#4411=IFCARBITRARYPROFILEDEFWITHVOIDS(.AREA.,$,#4408,(#4410));
#4412=IFCCARTESIANPOINT((0.,0.,1.6134348511695862));
#4413=IFCDIRECTION((0.,-1.,0.));
#4414=IFCDIRECTION((1.,0.,0.));
#4415=IFCAXIS2PLACEMENT3D(#4412,#4413,#4414);
#4416=IFCDIRECTION((0.,0.,-1.));
#4417=IFCEXTRUDEDAREASOLID(#4411,#4415,#4416,0.05000000074505806);
#4418=IFCCARTESIANPOINTLIST2D(((0.,0.),(0.94235660880804062,0.),(0.94235660880804062,0.2865651473402977),(0.,0.2865651473402977)));
#4419=IFCINDEXEDPOLYCURVE(#4418,(IFCLINEINDEX((1,2,3,4,1))),$);
#4420=IFCCARTESIANPOINTLIST2D(((0.035000000149011612,0.035000000149011612),(0.90735660865902901,0.035000000149011612),(0.90735660865902901,0.25156514719128609),(0.035000000149011612,0.25156514719128609)));
#4421=IFCINDEXEDPOLYCURVE(#4420,(IFCLINEINDEX((1,2,3,4,1))),$);
#4422=IFCARBITRARYPROFILEDEFWITHVOIDS(.AREA.,$,#4419,(#4421));
#4423=IFCCARTESIANPOINT((0.05000000074505806,-0.035000000149011612,1.6634348519146442));
#4424=IFCDIRECTION((0.,-1.,0.));
#4425=IFCDIRECTION((1.,0.,0.));
#4426=IFCAXIS2PLACEMENT3D(#4423,#4424,#4425);
#4427=IFCDIRECTION((0.,0.,-1.));
#4428=IFCEXTRUDEDAREASOLID(#4422,#4426,#4427,0.035000000149011612);
#4429=IFCINDEXEDPOLYCURVE(#4430,(IFCLINEINDEX((1,2,3,4,1))),$);
#4430=IFCCARTESIANPOINTLIST2D(((0.035000000149011612,0.035000000149011612),(0.90735660865902901,0.035000000149011612),(0.90735660865902901,0.25156514719128609),(0.035000000149011612,0.25156514719128609)));
#4431=IFCARBITRARYCLOSEDPROFILEDEF(.AREA.,$,#4429);
#4432=IFCCARTESIANPOINT((0.05000000074505806,-0.022500000074505807,1.6634348519146442));
#4433=IFCDIRECTION((0.,-1.,0.));
#4434=IFCDIRECTION((1.,0.,0.));
#4435=IFCAXIS2PLACEMENT3D(#4432,#4433,#4434);
#4436=IFCDIRECTION((0.,0.,-1.));
#4437=IFCEXTRUDEDAREASOLID(#4431,#4435,#4436,0.01);
#4439=IFCSHAPEREPRESENTATION(#11,'Body','SweptSolid',(#4568,#4417,#4352,#4379,#4615,#4559,#4370,#4550,#4577,#4361));
#4440=IFCSHAPEASPECT((#4439),'Lining',$,.T.,#4285);
#4441=IFCSHAPEREPRESENTATION(#11,'Body','SweptSolid',(#4626,#4595,#4397,#4596,#4586,#4428,#4398,#4388));
#4442=IFCSHAPEASPECT((#4441),'Framing',$,.T.,#4285);
#4443=IFCSHAPEREPRESENTATION(#11,'Body','SweptSolid',(#4437,#4635));
#4444=IFCSHAPEASPECT((#4443),'Glazing',$,.T.,#4285);
#4457=IFCCARTESIANPOINT((0.,0.,0.));
#4458=IFCDIRECTION((1.,0.,0.));
#4459=IFCDIRECTION((0.,0.,1.));
#4460=IFCAXIS2PLACEMENT3D(#4457,#4459,#4458);
#4461=IFCREPRESENTATIONMAP(#4460,#4648);
#4462=IFCCARTESIANPOINT((0.,0.,0.));
#4463=IFCDIRECTION((1.,0.,0.));
#4464=IFCDIRECTION((0.,1.,0.));
#4465=IFCDIRECTION((0.,0.,1.));
#4466=IFCCARTESIANTRANSFORMATIONOPERATOR3D(#4463,#4464,#4462,1.,#4465);
#4467=IFCMAPPEDITEM(#4461,#4466);
#4468=IFCSHAPEREPRESENTATION(#25,'Annotation','MappedRepresentation',(#4467));
#4539=IFCCARTESIANPOINTLIST3D(((0.,0.,0.),(1.7824826240539551,0.,0.),(1.7824826240539551,0.,2.),(0.,0.,2.)));
#4540=IFCINDEXEDPOLYCURVE(#4539,(IFCLINEINDEX((1,2,3,4,1))),$);
#4541=IFCSHAPEREPRESENTATION(#18,'Profile','Curve3D',(#4540));
#4542=IFCCARTESIANPOINTLIST2D(((0.,0.),(0.,1.6134348511695862),(1.7824826240539551,1.6134348511695862),(1.7824826240539551,0.),(1.732482623308897,0.),(1.732482623308897,1.5985871553421021),(0.05000000074505806,1.5985871553421021),(0.05000000074505806,0.)));
#4543=IFCINDEXEDPOLYCURVE(#4542,(IFCLINEINDEX((1,2,3,4,5,6,7,8,1))),$);
#4544=IFCARBITRARYCLOSEDPROFILEDEF(.AREA.,$,#4543);
#4545=IFCCARTESIANPOINT((0.,0.,0.));
#4546=IFCDIRECTION((0.,-1.,0.));
#4547=IFCDIRECTION((1.,0.,0.));
#4548=IFCAXIS2PLACEMENT3D(#4545,#4546,#4547);
#4549=IFCDIRECTION((0.,0.,-1.));
#4550=IFCEXTRUDEDAREASOLID(#4544,#4548,#4549,0.05000000074505806);
#4551=IFCCARTESIANPOINTLIST2D(((0.,0.),(1.682482622563839,0.),(1.682482622563839,0.10000000149011612),(0.,0.10000000149011612)));
#4552=IFCINDEXEDPOLYCURVE(#4551,(IFCLINEINDEX((1,2,3,4,1))),$);
#4553=IFCARBITRARYCLOSEDPROFILEDEF(.AREA.,$,#4552);
#4554=IFCCARTESIANPOINT((0.05000000074505806,0.,0.));
#4555=IFCDIRECTION((0.,0.,1.));
#4556=IFCDIRECTION((1.,0.,0.));
#4557=IFCAXIS2PLACEMENT3D(#4554,#4555,#4556);
#4558=IFCDIRECTION((0.,0.,1.));
#4559=IFCEXTRUDEDAREASOLID(#4553,#4557,#4558,0.02500000037252903);
#4560=IFCCARTESIANPOINTLIST2D(((0.,0.),(0.,2.0250000022351742),(1.8324826285243034,2.0250000022351742),(1.8324826285243034,0.),(1.7574826255440712,0.),(1.7574826255440712,1.9499999992549419),(0.075000002980232239,1.9499999992549419),(0.075000002980232239,0.)));
#4561=IFCINDEXEDPOLYCURVE(#4560,(IFCLINEINDEX((1,2,3,4,5,6,7,8,1))),$);
#4562=IFCARBITRARYCLOSEDPROFILEDEF(.AREA.,$,#4561);
#4563=IFCCARTESIANPOINT((-0.025000002235174179,-0.004999999888241291,0.));
#4564=IFCDIRECTION((0.,-1.,0.));
#4565=IFCDIRECTION((1.,0.,0.));
#4566=IFCAXIS2PLACEMENT3D(#4563,#4564,#4565);
#4567=IFCDIRECTION((0.,0.,-1.));
#4568=IFCEXTRUDEDAREASOLID(#4562,#4566,#4567,0.004999999888241291);
#4569=IFCCARTESIANPOINTLIST2D(((0.,0.),(0.,2.0250000022351742),(1.8324826285243034,2.0250000022351742),(1.8324826285243034,0.),(1.7574826255440712,0.),(1.7574826255440712,1.9499999992549419),(0.075000002980232239,1.9499999992549419),(0.075000002980232239,0.)));
#4570=IFCINDEXEDPOLYCURVE(#4569,(IFCLINEINDEX((1,2,3,4,5,6,7,8,1))),$);
#4571=IFCARBITRARYCLOSEDPROFILEDEF(.AREA.,$,#4570);
#4572=IFCCARTESIANPOINT((-0.025000002235174179,0.05000000074505806,0.));
#4573=IFCDIRECTION((0.,-1.,0.));
#4574=IFCDIRECTION((1.,0.,0.));
#4575=IFCAXIS2PLACEMENT3D(#4572,#4573,#4574);
#4576=IFCDIRECTION((0.,0.,-1.));
#4577=IFCEXTRUDEDAREASOLID(#4571,#4575,#4576,0.004999999888241291);
#4578=IFCCARTESIANPOINTLIST2D(((0.,0.),(1.682482622563839,0.),(1.682482622563839,0.035000000149011612),(0.,0.035000000149011612)));
#4579=IFCINDEXEDPOLYCURVE(#4578,(IFCLINEINDEX((1,2,3,4,1))),$);
#4580=IFCARBITRARYCLOSEDPROFILEDEF(.AREA.,$,#4579);
#4581=IFCCARTESIANPOINT((0.05000000074505806,-0.035000000149011612,0.02500000037252903));
#4582=IFCDIRECTION((0.,0.,1.));
#4583=IFCDIRECTION((1.,0.,0.));
#4584=IFCAXIS2PLACEMENT3D(#4581,#4582,#4583);
#4585=IFCDIRECTION((0.,0.,1.));
#4586=IFCEXTRUDEDAREASOLID(#4580,#4584,#4585,1.5384348500519991);
#4587=IFCCARTESIANPOINTLIST2D(((0.,0.),(0.,-0.040000000000000001),(0.12,-0.040000000000000001),(0.12,-0.02),(0.02,-0.02),(0.02,0.)));
#4588=IFCINDEXEDPOLYCURVE(#4587,(IFCLINEINDEX((1,2,3,4,5,6,1))),$);
#4589=IFCARBITRARYCLOSEDPROFILEDEF(.AREA.,$,#4588);
#4590=IFCCARTESIANPOINT((0.10000000074505806,-0.035000000149011612,1.015000000372529));
#4591=IFCDIRECTION((0.,0.,1.));
#4592=IFCDIRECTION((1.,0.,0.));
#4593=IFCAXIS2PLACEMENT3D(#4590,#4591,#4592);
#4594=IFCDIRECTION((0.,0.,1.));
#4595=IFCEXTRUDEDAREASOLID(#4589,#4593,#4594,0.02);
#4596=IFCEXTRUDEDAREASOLID(#4597,#4600,#4604,0.02);
#4597=IFCARBITRARYCLOSEDPROFILEDEF(.AREA.,$,#4598);
#4598=IFCINDEXEDPOLYCURVE(#4599,(IFCLINEINDEX((1,2,3,4,5,6,1))),$);
#4599=IFCCARTESIANPOINTLIST2D(((0.,0.),(0.,0.040000000000000008),(0.11999999999999998,0.040000000000000008),(0.11999999999999998,0.020000000000000004),(0.020000000000000004,0.020000000000000004),(0.020000000000000004,0.)));
#4600=IFCAXIS2PLACEMENT3D(#4601,#4602,#4603);
#4601=IFCCARTESIANPOINT((0.10000000074505806,0.,1.015000000372529));
#4602=IFCDIRECTION((0.,0.,1.));
#4603=IFCDIRECTION((1.,0.,0.));
#4604=IFCDIRECTION((0.,0.,1.));
#4605=IFCCARTESIANPOINTLIST2D(((0.,0.),(1.7824826240539551,0.),(1.7824826240539551,0.38656514883041382),(0.,0.38656514883041382)));
#4606=IFCINDEXEDPOLYCURVE(#4605,(IFCLINEINDEX((1,2,3,4,1))),$);
#4607=IFCCARTESIANPOINTLIST2D(((0.05000000074505806,0.014847695827484131),(1.732482623308897,0.014847695827484131),(1.732482623308897,0.33656514808535576),(0.05000000074505806,0.33656514808535576)));
#4608=IFCINDEXEDPOLYCURVE(#4607,(IFCLINEINDEX((1,2,3,4,1))),$);
#4609=IFCARBITRARYPROFILEDEFWITHVOIDS(.AREA.,$,#4606,(#4608));
#4610=IFCCARTESIANPOINT((0.,0.,1.6134348511695862));
#4611=IFCDIRECTION((0.,-1.,0.));
#4612=IFCDIRECTION((1.,0.,0.));
#4613=IFCAXIS2PLACEMENT3D(#4610,#4611,#4612);
#4614=IFCDIRECTION((0.,0.,-1.));
#4615=IFCEXTRUDEDAREASOLID(#4609,#4613,#4614,0.05000000074505806);
#4616=IFCCARTESIANPOINTLIST2D(((0.,0.),(1.682482622563839,0.),(1.682482622563839,0.2865651473402977),(0.,0.2865651473402977)));
#4617=IFCINDEXEDPOLYCURVE(#4616,(IFCLINEINDEX((1,2,3,4,1))),$);
#4618=IFCCARTESIANPOINTLIST2D(((0.035000000149011612,0.035000000149011612),(1.6474826224148273,0.035000000149011612),(1.6474826224148273,0.25156514719128609),(0.035000000149011612,0.25156514719128609)));
#4619=IFCINDEXEDPOLYCURVE(#4618,(IFCLINEINDEX((1,2,3,4,1))),$);
#4620=IFCARBITRARYPROFILEDEFWITHVOIDS(.AREA.,$,#4617,(#4619));
#4621=IFCCARTESIANPOINT((0.05000000074505806,-0.035000000149011612,1.6634348519146442));
#4622=IFCDIRECTION((0.,-1.,0.));
#4623=IFCDIRECTION((1.,0.,0.));
#4624=IFCAXIS2PLACEMENT3D(#4621,#4622,#4623);
#4625=IFCDIRECTION((0.,0.,-1.));
#4626=IFCEXTRUDEDAREASOLID(#4620,#4624,#4625,0.035000000149011612);
#4627=IFCINDEXEDPOLYCURVE(#4628,(IFCLINEINDEX((1,2,3,4,1))),$);
#4628=IFCCARTESIANPOINTLIST2D(((0.035000000149011612,0.035000000149011612),(1.6474826224148273,0.035000000149011612),(1.6474826224148273,0.25156514719128609),(0.035000000149011612,0.25156514719128609)));
#4629=IFCARBITRARYCLOSEDPROFILEDEF(.AREA.,$,#4627);
#4630=IFCCARTESIANPOINT((0.05000000074505806,-0.022500000074505807,1.6634348519146442));
#4631=IFCDIRECTION((0.,-1.,0.));
#4632=IFCDIRECTION((1.,0.,0.));
#4633=IFCAXIS2PLACEMENT3D(#4630,#4631,#4632);
#4634=IFCDIRECTION((0.,0.,-1.));
#4635=IFCEXTRUDEDAREASOLID(#4629,#4633,#4634,0.01);
#4636=IFCSHAPEREPRESENTATION(#11,'Body','SweptSolid',(#4550,#4586,#4595,#4596,#4615,#4626,#4635,#4559,#4568,#4577));
#4637=IFCCARTESIANPOINTLIST2D(((0.,0.),(0.05000000074505806,0.),(0.05000000074505806,0.05000000074505806),(0.,0.05000000074505806)));
#4638=IFCINDEXEDPOLYCURVE(#4637,(IFCLINEINDEX((1,2,3,4,1))),$);
#4639=IFCINDEXEDPOLYCURVE(#4640,(IFCLINEINDEX((1,2,3,4,1))),$);
#4640=IFCCARTESIANPOINTLIST2D(((1.7824826240539551,0.),(1.732482623308897,0.),(1.732482623308897,0.05000000074505806),(1.7824826240539551,0.05000000074505806)));
#4641=IFCCARTESIANPOINTLIST2D(((2.5737239345908165,-0.035000000149011612),(0.89124131202697754,-0.035000000149011612),(0.89124131202697754,0.),(2.5737239345908165,0.)));
#4642=IFCINDEXEDPOLYCURVE(#4641,(IFCLINEINDEX((1,2,3,4,1))),$);
#4643=IFCSHAPEREPRESENTATION(#24,'Body','Curve2D',(#4638,#4639,#4642));
#4644=IFCCARTESIANPOINTLIST2D(((0.6388689186424017,-0.081587428267465345),(1.1436137054115534,-0.081587428267465345)));
#4645=IFCINDEXEDPOLYCURVE(#4644,$,$);
#4646=IFCCARTESIANPOINTLIST2D(((0.66886891864240172,-0.050529142855162856),(0.6388689186424017,-0.081587428267465345),(0.66886891864240172,-0.11264571367976783)));
#4647=IFCINDEXEDPOLYCURVE(#4646,$,$);
#4648=IFCSHAPEREPRESENTATION(#25,'Annotation','Curve2D',(#4645,#4647));
#4649=IFCCARTESIANPOINTLIST2D(((0.,0.),(1.7824826240539551,0.),(1.7824826240539551,2.),(0.,2.)));
#4650=IFCINDEXEDPOLYCURVE(#4649,(IFCLINEINDEX((1,2,3,4,1))),$);
#4651=IFCARBITRARYCLOSEDPROFILEDEF(.AREA.,$,#4650);
#4652=IFCCARTESIANPOINT((0.,-0.60000002384185791,0.));
#4653=IFCDIRECTION((0.,-1.,0.));
#4654=IFCDIRECTION((1.,0.,0.));
#4655=IFCAXIS2PLACEMENT3D(#4652,#4653,#4654);
#4656=IFCDIRECTION((0.,0.,-1.));
#4657=IFCEXTRUDEDAREASOLID(#4651,#4655,#4656,1.2);
#4658=IFCSHAPEREPRESENTATION(#11,'Body','SweptSolid',(#4657));
#4679=IFCCARTESIANPOINT((0.050473768424351584,0.025002260789798392,0.));
#4680=IFCDIRECTION((0.,0.,1.));
#4681=IFCDIRECTION((0.99999999999974409,-7.1525573730419686E-07,0.));
#4682=IFCAXIS2PLACEMENT3D(#4679,#4680,#4681);
#4683=IFCLOCALPLACEMENT(#1330,#4682);
#4689=IFCCARTESIANPOINT((0.,0.,0.));
#4690=IFCDIRECTION((0.,0.,1.));
#4691=IFCDIRECTION((0.99999999999999989,2.1175823681357508E-22,0.));
#4692=IFCAXIS2PLACEMENT3D(#4689,#4690,#4691);
#4693=IFCLOCALPLACEMENT(#4683,#4692);
#4889=IFCWINDOW('2rkVEnvfDDOw21TjWICUi1',$,'Window',$,$,#19302,#4898,$,0.89999997615814209,1.154848575592041,$,.DOUBLE_PANEL_VERTICAL.,$);
#4890=IFCRELDEFINESBYTYPE('3NevvW2UT9Uw$lBUES$deE',$,$,$,(#4889),#4195);
#4891=IFCCARTESIANPOINT((0.,0.,0.));
#4892=IFCDIRECTION((1.,0.,0.));
#4893=IFCDIRECTION((0.,1.,0.));
#4894=IFCDIRECTION((0.,0.,1.));
#4895=IFCCARTESIANTRANSFORMATIONOPERATOR3D(#4892,#4893,#4891,1.,#4894);
#4896=IFCMAPPEDITEM(#4198,#4895);
#4897=IFCSHAPEREPRESENTATION(#18,'Profile','MappedRepresentation',(#4896));
#4898=IFCPRODUCTDEFINITIONSHAPE($,$,(#4897,#4905,#4912));
#4899=IFCCARTESIANPOINT((0.,0.,0.));
#4900=IFCDIRECTION((1.,0.,0.));
#4901=IFCDIRECTION((0.,1.,0.));
#4902=IFCDIRECTION((0.,0.,1.));
#4903=IFCCARTESIANTRANSFORMATIONOPERATOR3D(#4900,#4901,#4899,1.,#4902);
#4904=IFCMAPPEDITEM(#4206,#4903);
#4905=IFCSHAPEREPRESENTATION(#11,'Body','MappedRepresentation',(#4904));
#4906=IFCCARTESIANPOINT((0.,0.,0.));
#4907=IFCDIRECTION((1.,0.,0.));
#4908=IFCDIRECTION((0.,1.,0.));
#4909=IFCDIRECTION((0.,0.,1.));
#4910=IFCCARTESIANTRANSFORMATIONOPERATOR3D(#4907,#4908,#4906,1.,#4909);
#4911=IFCMAPPEDITEM(#4254,#4910);
#4912=IFCSHAPEREPRESENTATION(#24,'Body','MappedRepresentation',(#4911));
#4913=IFCOPENINGELEMENT('1XBsnxBsL4cAmDivSsrGrr',$,'Opening',$,$,#19297,#4941,$,.OPENING.);
#4929=IFCCARTESIANPOINT((0.,0.,0.));
#4930=IFCDIRECTION((1.,0.,0.));
#4931=IFCDIRECTION((0.,0.,1.));
#4932=IFCAXIS2PLACEMENT3D(#4929,#4931,#4930);
#4933=IFCREPRESENTATIONMAP(#4932,#19287);
#4934=IFCCARTESIANPOINT((0.,0.,0.));
#4935=IFCDIRECTION((1.,0.,0.));
#4936=IFCDIRECTION((0.,1.,0.));
#4937=IFCDIRECTION((0.,0.,1.));
#4938=IFCCARTESIANTRANSFORMATIONOPERATOR3D(#4935,#4936,#4934,1.,#4937);
#4939=IFCMAPPEDITEM(#4933,#4938);
#4940=IFCSHAPEREPRESENTATION(#11,'Body','MappedRepresentation',(#4939));
#4941=IFCPRODUCTDEFINITIONSHAPE($,$,(#4940));
#4942=IFCRELVOIDSELEMENT('0o5nsVHvn9FhHwItqC60QD',$,$,$,#292,#4913);
#4948=IFCRELFILLSELEMENT('3v_M_ylQr1A9hVtDFmyuPh',$,$,$,#4913,#4889);
#4957=IFCCARTESIANPOINTLIST2D(((0.30000001192092896,0.),(0.,0.),(0.,0.89999997615814209),(0.30000001192092896,0.89999997615814209),(0.30000001192092896,0.87499997578561306),(0.02500000037252903,0.87499997578561306),(0.02500000037252903,0.02500000037252903),(0.30000001192092896,0.02500000037252903)));
#4958=IFCINDEXEDPOLYCURVE(#4957,(IFCLINEINDEX((1,2,3,4,5,6,7,8,1))),$);
#4959=IFCARBITRARYCLOSEDPROFILEDEF(.AREA.,$,#4958);
#4960=IFCCARTESIANPOINT((0.,0.090000001713633537,0.));
#4961=IFCDIRECTION((0.,-1.,0.));
#4962=IFCDIRECTION((1.,0.,0.));
#4963=IFCAXIS2PLACEMENT3D(#4960,#4961,#4962);
#4964=IFCDIRECTION((0.,0.,-1.));
#4965=IFCEXTRUDEDAREASOLID(#4959,#4963,#4964,0.0099999997764825821);
#4966=IFCCARTESIANPOINTLIST2D(((0.,0.),(0.30000001192092896,0.),(0.30000001192092896,0.89999997615814209),(0.,0.89999997615814209)));
#4967=IFCINDEXEDPOLYCURVE(#4966,(IFCLINEINDEX((1,2,3,4,1))),$);
#4968=IFCCARTESIANPOINTLIST2D(((0.05000000074505806,0.05000000074505806),(0.27500001154839993,0.05000000074505806),(0.27500001154839993,0.84999997541308403),(0.05000000074505806,0.84999997541308403)));
#4969=IFCINDEXEDPOLYCURVE(#4968,(IFCLINEINDEX((1,2,3,4,1))),$);
#4970=IFCARBITRARYPROFILEDEFWITHVOIDS(.AREA.,$,#4967,(#4969));
#4971=IFCCARTESIANPOINT((0.,0.05000000074505806,0.));
#4972=IFCDIRECTION((0.,-1.,0.));
#4973=IFCDIRECTION((1.,0.,0.));
#4974=IFCAXIS2PLACEMENT3D(#4971,#4972,#4973);
#4975=IFCDIRECTION((0.,0.,-1.));
#4976=IFCEXTRUDEDAREASOLID(#4970,#4974,#4975,0.040000000968575478);
#4977=IFCCARTESIANPOINTLIST2D(((0.,0.),(0.27500001154839993,0.),(0.27500001154839993,0.84999997541308403),(0.,0.84999997541308403)));
#4978=IFCINDEXEDPOLYCURVE(#4977,(IFCLINEINDEX((1,2,3,4,1))),$);
#4979=IFCCARTESIANPOINTLIST2D(((0.035000000149011612,0.035000000149011612),(0.24000001139938831,0.035000000149011612),(0.24000001139938831,0.81499997526407242),(0.035000000149011612,0.81499997526407242)));
#4980=IFCINDEXEDPOLYCURVE(#4979,(IFCLINEINDEX((1,2,3,4,1))),$);
#4981=IFCARBITRARYPROFILEDEFWITHVOIDS(.AREA.,$,#4978,(#4980));
#4982=IFCCARTESIANPOINT((0.02500000037252903,0.090000001713633537,0.02500000037252903));
#4983=IFCDIRECTION((0.,-1.,0.));
#4984=IFCDIRECTION((1.,0.,0.));
#4985=IFCAXIS2PLACEMENT3D(#4982,#4983,#4984);
#4986=IFCDIRECTION((0.,0.,-1.));
#4987=IFCEXTRUDEDAREASOLID(#4981,#4985,#4986,0.035000000149011612);
#4988=IFCINDEXEDPOLYCURVE(#4989,(IFCLINEINDEX((1,2,3,4,1))),$);
#4989=IFCCARTESIANPOINTLIST2D(((0.035000000149011612,0.035000000149011612),(0.24000001139938831,0.035000000149011612),(0.24000001139938831,0.81499997526407242),(0.035000000149011612,0.81499997526407242)));
#4990=IFCARBITRARYCLOSEDPROFILEDEF(.AREA.,$,#4988);
#4991=IFCCARTESIANPOINT((0.02500000037252903,0.10250000178813934,0.02500000037252903));
#4992=IFCDIRECTION((0.,-1.,0.));
#4993=IFCDIRECTION((1.,0.,0.));
#4994=IFCAXIS2PLACEMENT3D(#4991,#4992,#4993);
#4995=IFCDIRECTION((0.,0.,-1.));
#4996=IFCEXTRUDEDAREASOLID(#4990,#4994,#4995,0.01);
#4997=IFCCARTESIANPOINTLIST2D(((0.,0.89999997615814209),(0.60734254121780396,0.89999997615814209),(0.60734254121780396,0.),(0.,0.),(0.,0.02500000037252903),(0.58234254084527493,0.02500000037252903),(0.58234254084527493,0.87499997578561306),(0.,0.87499997578561306)));
#4998=IFCINDEXEDPOLYCURVE(#4997,(IFCLINEINDEX((1,2,3,4,5,6,7,8,1))),$);
#4999=IFCARBITRARYCLOSEDPROFILEDEF(.AREA.,$,#4998);
#5000=IFCCARTESIANPOINT((0.30000001192092896,0.090000001713633537,0.));
#5001=IFCDIRECTION((0.,-1.,0.));
#5002=IFCDIRECTION((1.,0.,0.));
#5003=IFCAXIS2PLACEMENT3D(#5000,#5001,#5002);
#5004=IFCDIRECTION((0.,0.,-1.));
#5005=IFCEXTRUDEDAREASOLID(#4999,#5003,#5004,0.0099999997764825821);
#5006=IFCCARTESIANPOINTLIST2D(((0.,0.),(0.60734254121780396,0.),(0.60734254121780396,0.89999997615814209),(0.,0.89999997615814209)));
#5007=IFCINDEXEDPOLYCURVE(#5006,(IFCLINEINDEX((1,2,3,4,1))),$);
#5008=IFCCARTESIANPOINTLIST2D(((0.02500000037252903,0.05000000074505806),(0.5573425404727459,0.05000000074505806),(0.5573425404727459,0.84999997541308403),(0.02500000037252903,0.84999997541308403)));
#5009=IFCINDEXEDPOLYCURVE(#5008,(IFCLINEINDEX((1,2,3,4,1))),$);
#5010=IFCARBITRARYPROFILEDEFWITHVOIDS(.AREA.,$,#5007,(#5009));
#5011=IFCCARTESIANPOINT((0.30000001192092896,0.05000000074505806,0.));
#5012=IFCDIRECTION((0.,-1.,0.));
#5013=IFCDIRECTION((1.,0.,0.));
#5014=IFCAXIS2PLACEMENT3D(#5011,#5012,#5013);
#5015=IFCDIRECTION((0.,0.,-1.));
#5016=IFCEXTRUDEDAREASOLID(#5010,#5014,#5015,0.040000000968575478);
#5017=IFCCARTESIANPOINTLIST2D(((0.,0.),(0.58234254084527493,0.),(0.58234254084527493,0.84999997541308403),(0.,0.84999997541308403)));
#5018=IFCINDEXEDPOLYCURVE(#5017,(IFCLINEINDEX((1,2,3,4,1))),$);
#5019=IFCCARTESIANPOINTLIST2D(((0.035000000149011612,0.035000000149011612),(0.54734254069626331,0.035000000149011612),(0.54734254069626331,0.81499997526407242),(0.035000000149011612,0.81499997526407242)));
#5020=IFCINDEXEDPOLYCURVE(#5019,(IFCLINEINDEX((1,2,3,4,1))),$);
#5021=IFCARBITRARYPROFILEDEFWITHVOIDS(.AREA.,$,#5018,(#5020));
#5022=IFCCARTESIANPOINT((0.30000001192092896,0.090000001713633537,0.02500000037252903));
#5023=IFCDIRECTION((0.,-1.,0.));
#5024=IFCDIRECTION((1.,0.,0.));
#5025=IFCAXIS2PLACEMENT3D(#5022,#5023,#5024);
#5026=IFCDIRECTION((0.,0.,-1.));
#5027=IFCEXTRUDEDAREASOLID(#5021,#5025,#5026,0.035000000149011612);
#5028=IFCINDEXEDPOLYCURVE(#5029,(IFCLINEINDEX((1,2,3,4,1))),$);
#5029=IFCCARTESIANPOINTLIST2D(((0.035000000149011612,0.035000000149011612),(0.54734254069626331,0.035000000149011612),(0.54734254069626331,0.81499997526407242),(0.035000000149011612,0.81499997526407242)));
#5030=IFCARBITRARYCLOSEDPROFILEDEF(.AREA.,$,#5028);
#5031=IFCCARTESIANPOINT((0.30000001192092896,0.10250000178813934,0.02500000037252903));
#5032=IFCDIRECTION((0.,-1.,0.));
#5033=IFCDIRECTION((1.,0.,0.));
#5034=IFCAXIS2PLACEMENT3D(#5031,#5032,#5033);
#5035=IFCDIRECTION((0.,0.,-1.));
#5036=IFCEXTRUDEDAREASOLID(#5030,#5034,#5035,0.01);
#5038=IFCSHAPEREPRESENTATION(#11,'Body','SweptSolid',(#5153,#19172,#19223,#19212,#4965,#4976,#5164,#5113,#5124,#5005,#5016,#19183));
#5039=IFCSHAPEASPECT((#5038),'Lining',$,.T.,#4898);
#5040=IFCSHAPEREPRESENTATION(#11,'Body','SweptSolid',(#4987,#19234,#5175,#5135,#5027,#19194));
#5041=IFCSHAPEASPECT((#5040),'Framing',$,.T.,#4898);
#5042=IFCSHAPEREPRESENTATION(#11,'Body','SweptSolid',(#4996,#19243,#5184,#5144,#5036,#19203));
#5043=IFCSHAPEASPECT((#5042),'Glazing',$,.T.,#4898);
#5105=IFCCARTESIANPOINTLIST2D(((0.56862276792526245,0.),(0.,0.),(0.,0.89999997615814209),(0.56862276792526245,0.89999997615814209),(0.56862276792526245,0.87499997578561306),(0.02500000037252903,0.87499997578561306),(0.02500000037252903,0.02500000037252903),(0.56862276792526245,0.02500000037252903)));
#5106=IFCINDEXEDPOLYCURVE(#5105,(IFCLINEINDEX((1,2,3,4,5,6,7,8,1))),$);
#5107=IFCARBITRARYCLOSEDPROFILEDEF(.AREA.,$,#5106);
#5108=IFCCARTESIANPOINT((0.,0.090000001713633537,0.));
#5109=IFCDIRECTION((0.,-1.,0.));
#5110=IFCDIRECTION((1.,0.,0.));
#5111=IFCAXIS2PLACEMENT3D(#5108,#5109,#5110);
#5112=IFCDIRECTION((0.,0.,-1.));
#5113=IFCEXTRUDEDAREASOLID(#5107,#5111,#5112,0.0099999997764825821);
#5114=IFCCARTESIANPOINTLIST2D(((0.,0.),(0.56862276792526245,0.),(0.56862276792526245,0.89999997615814209),(0.,0.89999997615814209)));
#5115=IFCINDEXEDPOLYCURVE(#5114,(IFCLINEINDEX((1,2,3,4,1))),$);
#5116=IFCCARTESIANPOINTLIST2D(((0.05000000074505806,0.05000000074505806),(0.54362276755273342,0.05000000074505806),(0.54362276755273342,0.84999997541308403),(0.05000000074505806,0.84999997541308403)));
#5117=IFCINDEXEDPOLYCURVE(#5116,(IFCLINEINDEX((1,2,3,4,1))),$);
#5118=IFCARBITRARYPROFILEDEFWITHVOIDS(.AREA.,$,#5115,(#5117));
#5119=IFCCARTESIANPOINT((0.,0.05000000074505806,0.));
#5120=IFCDIRECTION((0.,-1.,0.));
#5121=IFCDIRECTION((1.,0.,0.));
#5122=IFCAXIS2PLACEMENT3D(#5119,#5120,#5121);
#5123=IFCDIRECTION((0.,0.,-1.));
#5124=IFCEXTRUDEDAREASOLID(#5118,#5122,#5123,0.040000000968575478);
#5125=IFCCARTESIANPOINTLIST2D(((0.,0.),(0.54362276755273342,0.),(0.54362276755273342,0.84999997541308403),(0.,0.84999997541308403)));
#5126=IFCINDEXEDPOLYCURVE(#5125,(IFCLINEINDEX((1,2,3,4,1))),$);
#5127=IFCCARTESIANPOINTLIST2D(((0.035000000149011612,0.035000000149011612),(0.50862276740372181,0.035000000149011612),(0.50862276740372181,0.81499997526407242),(0.035000000149011612,0.81499997526407242)));
#5128=IFCINDEXEDPOLYCURVE(#5127,(IFCLINEINDEX((1,2,3,4,1))),$);
#5129=IFCARBITRARYPROFILEDEFWITHVOIDS(.AREA.,$,#5126,(#5128));
#5130=IFCCARTESIANPOINT((0.02500000037252903,0.090000001713633537,0.02500000037252903));
#5131=IFCDIRECTION((0.,-1.,0.));
#5132=IFCDIRECTION((1.,0.,0.));
#5133=IFCAXIS2PLACEMENT3D(#5130,#5131,#5132);
#5134=IFCDIRECTION((0.,0.,-1.));
#5135=IFCEXTRUDEDAREASOLID(#5129,#5133,#5134,0.035000000149011612);
#5136=IFCINDEXEDPOLYCURVE(#5137,(IFCLINEINDEX((1,2,3,4,1))),$);
#5137=IFCCARTESIANPOINTLIST2D(((0.035000000149011612,0.035000000149011612),(0.50862276740372181,0.035000000149011612),(0.50862276740372181,0.81499997526407242),(0.035000000149011612,0.81499997526407242)));
#5138=IFCARBITRARYCLOSEDPROFILEDEF(.AREA.,$,#5136);
#5139=IFCCARTESIANPOINT((0.02500000037252903,0.10250000178813934,0.02500000037252903));
#5140=IFCDIRECTION((0.,-1.,0.));
#5141=IFCDIRECTION((1.,0.,0.));
#5142=IFCAXIS2PLACEMENT3D(#5139,#5140,#5141);
#5143=IFCDIRECTION((0.,0.,-1.));
#5144=IFCEXTRUDEDAREASOLID(#5138,#5142,#5143,0.01);
#5145=IFCCARTESIANPOINTLIST2D(((0.,0.89999997615814209),(0.58622580766677856,0.89999997615814209),(0.58622580766677856,0.),(0.,0.),(0.,0.02500000037252903),(0.56122580729424953,0.02500000037252903),(0.56122580729424953,0.87499997578561306),(0.,0.87499997578561306)));
#5146=IFCINDEXEDPOLYCURVE(#5145,(IFCLINEINDEX((1,2,3,4,5,6,7,8,1))),$);
#5147=IFCARBITRARYCLOSEDPROFILEDEF(.AREA.,$,#5146);
#5148=IFCCARTESIANPOINT((0.56862276792526245,0.090000001713633537,0.));
#5149=IFCDIRECTION((0.,-1.,0.));
#5150=IFCDIRECTION((1.,0.,0.));
#5151=IFCAXIS2PLACEMENT3D(#5148,#5149,#5150);
#5152=IFCDIRECTION((0.,0.,-1.));
#5153=IFCEXTRUDEDAREASOLID(#5147,#5151,#5152,0.0099999997764825821);
#5154=IFCCARTESIANPOINTLIST2D(((0.,0.),(0.58622580766677856,0.),(0.58622580766677856,0.89999997615814209),(0.,0.89999997615814209)));
#5155=IFCINDEXEDPOLYCURVE(#5154,(IFCLINEINDEX((1,2,3,4,1))),$);
#5156=IFCCARTESIANPOINTLIST2D(((0.02500000037252903,0.05000000074505806),(0.5362258069217205,0.05000000074505806),(0.5362258069217205,0.84999997541308403),(0.02500000037252903,0.84999997541308403)));
#5157=IFCINDEXEDPOLYCURVE(#5156,(IFCLINEINDEX((1,2,3,4,1))),$);
#5158=IFCARBITRARYPROFILEDEFWITHVOIDS(.AREA.,$,#5155,(#5157));
#5159=IFCCARTESIANPOINT((0.56862276792526245,0.05000000074505806,0.));
#5160=IFCDIRECTION((0.,-1.,0.));
#5161=IFCDIRECTION((1.,0.,0.));
#5162=IFCAXIS2PLACEMENT3D(#5159,#5160,#5161);
#5163=IFCDIRECTION((0.,0.,-1.));
#5164=IFCEXTRUDEDAREASOLID(#5158,#5162,#5163,0.040000000968575478);
#5165=IFCCARTESIANPOINTLIST2D(((0.,0.),(0.56122580729424953,0.),(0.56122580729424953,0.84999997541308403),(0.,0.84999997541308403)));
#5166=IFCINDEXEDPOLYCURVE(#5165,(IFCLINEINDEX((1,2,3,4,1))),$);
#5167=IFCCARTESIANPOINTLIST2D(((0.035000000149011612,0.035000000149011612),(0.52622580714523792,0.035000000149011612),(0.52622580714523792,0.81499997526407242),(0.035000000149011612,0.81499997526407242)));
#5168=IFCINDEXEDPOLYCURVE(#5167,(IFCLINEINDEX((1,2,3,4,1))),$);
#5169=IFCARBITRARYPROFILEDEFWITHVOIDS(.AREA.,$,#5166,(#5168));
#5170=IFCCARTESIANPOINT((0.56862276792526245,0.090000001713633537,0.02500000037252903));
#5171=IFCDIRECTION((0.,-1.,0.));
#5172=IFCDIRECTION((1.,0.,0.));
#5173=IFCAXIS2PLACEMENT3D(#5170,#5171,#5172);
#5174=IFCDIRECTION((0.,0.,-1.));
#5175=IFCEXTRUDEDAREASOLID(#5169,#5173,#5174,0.035000000149011612);
#5176=IFCINDEXEDPOLYCURVE(#5177,(IFCLINEINDEX((1,2,3,4,1))),$);
#5177=IFCCARTESIANPOINTLIST2D(((0.035000000149011612,0.035000000149011612),(0.52622580714523792,0.035000000149011612),(0.52622580714523792,0.81499997526407242),(0.035000000149011612,0.81499997526407242)));
#5178=IFCARBITRARYCLOSEDPROFILEDEF(.AREA.,$,#5176);
#5179=IFCCARTESIANPOINT((0.56862276792526245,0.10250000178813934,0.02500000037252903));
#5180=IFCDIRECTION((0.,-1.,0.));
#5181=IFCDIRECTION((1.,0.,0.));
#5182=IFCAXIS2PLACEMENT3D(#5179,#5180,#5181);
#5183=IFCDIRECTION((0.,0.,-1.));
#5184=IFCEXTRUDEDAREASOLID(#5178,#5182,#5183,0.01);
#5259=IFCCARTESIANPOINTLIST3D(((0.,0.,0.),(0.8174973726272583,0.,0.),(0.8174973726272583,0.,0.89999997615814209),(0.,0.,0.89999997615814209)));
#5260=IFCINDEXEDPOLYCURVE(#5259,(IFCLINEINDEX((1,2,3,4,1))),$);
#5261=IFCSHAPEREPRESENTATION(#18,'Profile','Curve3D',(#5260));
#5262=IFCCARTESIANPOINTLIST2D(((0.,0.),(0.8174973726272583,0.),(0.8174973726272583,0.89999997615814209),(0.,0.89999997615814209)));
#5263=IFCINDEXEDPOLYCURVE(#5262,(IFCLINEINDEX((1,2,3,4,1))),$);
#5264=IFCCARTESIANPOINTLIST2D(((0.02500000037252903,0.02500000037252903),(0.79249737225472927,0.02500000037252903),(0.79249737225472927,0.87499997578561306),(0.02500000037252903,0.87499997578561306)));
#5265=IFCINDEXEDPOLYCURVE(#5264,(IFCLINEINDEX((1,2,3,4,1))),$);
#5266=IFCARBITRARYPROFILEDEFWITHVOIDS(.AREA.,$,#5263,(#5265));
#5267=IFCCARTESIANPOINT((0.,0.090000001713633537,0.));
#5268=IFCDIRECTION((0.,-1.,0.));
#5269=IFCDIRECTION((1.,0.,0.));
#5270=IFCAXIS2PLACEMENT3D(#5267,#5268,#5269);
#5271=IFCDIRECTION((0.,0.,-1.));
#5272=IFCEXTRUDEDAREASOLID(#5266,#5270,#5271,0.0099999997764825821);
#5273=IFCCARTESIANPOINTLIST2D(((0.,0.),(0.8174973726272583,0.),(0.8174973726272583,0.89999997615814209),(0.,0.89999997615814209)));
#5274=IFCINDEXEDPOLYCURVE(#5273,(IFCLINEINDEX((1,2,3,4,1))),$);
#5275=IFCCARTESIANPOINTLIST2D(((0.05000000074505806,0.05000000074505806),(0.76749737188220024,0.05000000074505806),(0.76749737188220024,0.84999997541308403),(0.05000000074505806,0.84999997541308403)));
#5276=IFCINDEXEDPOLYCURVE(#5275,(IFCLINEINDEX((1,2,3,4,1))),$);
#5277=IFCARBITRARYPROFILEDEFWITHVOIDS(.AREA.,$,#5274,(#5276));
#5278=IFCCARTESIANPOINT((0.,0.05000000074505806,0.));
#5279=IFCDIRECTION((0.,-1.,0.));
#5280=IFCDIRECTION((1.,0.,0.));
#5281=IFCAXIS2PLACEMENT3D(#5278,#5279,#5280);
#5282=IFCDIRECTION((0.,0.,-1.));
#5283=IFCEXTRUDEDAREASOLID(#5277,#5281,#5282,0.040000000968575478);
#5284=IFCCARTESIANPOINTLIST2D(((0.,0.),(0.76749737188220024,0.),(0.76749737188220024,0.84999997541308403),(0.,0.84999997541308403)));
#5285=IFCINDEXEDPOLYCURVE(#5284,(IFCLINEINDEX((1,2,3,4,1))),$);
#5286=IFCCARTESIANPOINTLIST2D(((0.035000000149011612,0.035000000149011612),(0.73249737173318863,0.035000000149011612),(0.73249737173318863,0.81499997526407242),(0.035000000149011612,0.81499997526407242)));
#5287=IFCINDEXEDPOLYCURVE(#5286,(IFCLINEINDEX((1,2,3,4,1))),$);
#5288=IFCARBITRARYPROFILEDEFWITHVOIDS(.AREA.,$,#5285,(#5287));
#5289=IFCCARTESIANPOINT((0.02500000037252903,0.090000001713633537,0.02500000037252903));
#5290=IFCDIRECTION((0.,-1.,0.));
#5291=IFCDIRECTION((1.,0.,0.));
#5292=IFCAXIS2PLACEMENT3D(#5289,#5290,#5291);
#5293=IFCDIRECTION((0.,0.,-1.));
#5294=IFCEXTRUDEDAREASOLID(#5288,#5292,#5293,0.035000000149011612);
#5295=IFCINDEXEDPOLYCURVE(#5296,(IFCLINEINDEX((1,2,3,4,1))),$);
#5296=IFCCARTESIANPOINTLIST2D(((0.035000000149011612,0.035000000149011612),(0.73249737173318863,0.035000000149011612),(0.73249737173318863,0.81499997526407242),(0.035000000149011612,0.81499997526407242)));
#5297=IFCARBITRARYCLOSEDPROFILEDEF(.AREA.,$,#5295);
#5298=IFCCARTESIANPOINT((0.02500000037252903,0.10250000178813934,0.02500000037252903));
#5299=IFCDIRECTION((0.,-1.,0.));
#5300=IFCDIRECTION((1.,0.,0.));
#5301=IFCAXIS2PLACEMENT3D(#5298,#5299,#5300);
#5302=IFCDIRECTION((0.,0.,-1.));
#5303=IFCEXTRUDEDAREASOLID(#5297,#5301,#5302,0.01);
#5304=IFCSHAPEREPRESENTATION(#11,'Body','SweptSolid',(#5272,#5283,#5294,#5303));
#5305=IFCCARTESIANPOINTLIST2D(((0.05000000074505806,0.05000000074505806),(0.76749737188220024,0.05000000074505806)));
#5306=IFCINDEXEDPOLYCURVE(#5305,$,$);
#5307=IFCCARTESIANPOINTLIST2D(((0.,0.10000000149011612),(0.02500000037252903,0.10000000149011612),(0.02500000037252903,0.090000001713633537),(0.05000000074505806,0.090000001713633537),(0.05000000074505806,0.05000000074505806),(0.,0.05000000074505806)));
#5308=IFCINDEXEDPOLYCURVE(#5307,(IFCLINEINDEX((1,2,3,4,5,6,1))),$);
#5309=IFCCARTESIANPOINTLIST2D(((0.8174973726272583,0.10000000149011612),(0.79249737225472927,0.10000000149011612),(0.79249737225472927,0.090000001713633537),(0.76749737188220024,0.090000001713633537),(0.76749737188220024,0.05000000074505806),(0.8174973726272583,0.05000000074505806)));
#5310=IFCINDEXEDPOLYCURVE(#5309,(IFCLINEINDEX((1,2,3,4,5,6,1))),$);
#5311=IFCCARTESIANPOINTLIST2D(((0.02500000037252903,0.090000001713633537),(0.060000000521540642,0.090000001713633537),(0.060000000521540642,0.12500000186264515),(0.02500000037252903,0.12500000186264515)));
#5312=IFCINDEXEDPOLYCURVE(#5311,(IFCLINEINDEX((1,2,3,4,1))),$);
#5313=IFCINDEXEDPOLYCURVE(#5314,(IFCLINEINDEX((1,2,3,4,1))),$);
#5314=IFCCARTESIANPOINTLIST2D(((0.79249737225472927,0.090000001713633537),(0.75749737210571766,0.090000001713633537),(0.75749737210571766,0.12500000186264515),(0.79249737225472927,0.12500000186264515)));
#5315=IFCCARTESIANPOINTLIST2D(((0.060000000521540642,0.090000001713633537),(0.75749737210571766,0.090000001713633537)));
#5316=IFCINDEXEDPOLYCURVE(#5315,$,$);
#5317=IFCINDEXEDPOLYCURVE(#5318,$,$);
#5318=IFCCARTESIANPOINTLIST2D(((0.060000000521540642,0.12500000186264515),(0.75749737210571766,0.12500000186264515)));
#5319=IFCINDEXEDPOLYCURVE(#5320,$,$);
#5320=IFCCARTESIANPOINTLIST2D(((0.060000000521540642,0.10750000178813934),(0.75749737210571766,0.10750000178813934)));
#5321=IFCSHAPEREPRESENTATION(#24,'Body','Curve2D',(#5306,#5308,#5310,#5312,#5313,#5316,#5317,#5319));
#5322=IFCCARTESIANPOINTLIST2D(((0.,0.),(0.8174973726272583,0.),(0.8174973726272583,0.89999997615814209),(0.,0.89999997615814209)));
#5323=IFCINDEXEDPOLYCURVE(#5322,(IFCLINEINDEX((1,2,3,4,1))),$);
#5324=IFCARBITRARYCLOSEDPROFILEDEF(.AREA.,$,#5323);
#5325=IFCCARTESIANPOINT((0.,-0.60000002384185791,0.));
#5326=IFCDIRECTION((0.,-1.,0.));
#5327=IFCDIRECTION((1.,0.,0.));
#5328=IFCAXIS2PLACEMENT3D(#5325,#5326,#5327);
#5329=IFCDIRECTION((0.,0.,-1.));
#5330=IFCEXTRUDEDAREASOLID(#5324,#5328,#5329,1.2);
#5331=IFCSHAPEREPRESENTATION(#11,'Body','SweptSolid',(#5330));
#5337=IFCCARTESIANPOINT((1.7761198459103071,2.384185791015625E-07,1.));
#5338=IFCDIRECTION((0.,0.,1.));
#5339=IFCDIRECTION((0.99999999999997158,-2.3841857910155572E-07,0.));
#5340=IFCAXIS2PLACEMENT3D(#5337,#5338,#5339);
#5341=IFCLOCALPLACEMENT(#1559,#5340);
#5342=IFCCARTESIANPOINT((0.,0.,0.));
#5343=IFCDIRECTION((0.,0.,1.));
#5344=IFCDIRECTION((1.,0.,0.));
#5345=IFCAXIS2PLACEMENT3D(#5342,#5343,#5344);
#5346=IFCLOCALPLACEMENT(#5341,#5345);
#5382=IFCWINDOWTYPE('2xcTqs3bXFH9C$HzlCO0wk',$,'Guest-2-GF',$,$,(#5383),(#5385,#5393,#5441),$,$,.WINDOW.,.SINGLE_PANEL.,$,$);
#5383=IFCPROPERTYSET('3hD6J1vOD2jA_8d7NUP_W0',$,'BBIM_Window',$,(#5384));
#5384=IFCPROPERTYSINGLEVALUE('Data',$,IFCTEXT('{"window_type": "SINGLE_PANEL", "overall_height": 0.8999999761581421, "overall_width": 0.8028246164321899, "lining_properties": {"lining_depth": 0.05000000074505806, "lining_thickness": 0.05000000074505806, "lining_offset": 0.05000000074505806, "lining_to_panel_offset_x": 0.02500000037252903, "lining_to_panel_offset_y": 0.02500000037252903}, "panel_properties": {"frame_depth": [0.03500000014901161, 0.03500000014901161, 0.03500000014901161], "frame_thickness": [0.03500000014901161, 0.03500000014901161, 0.03500000014901161]}}'),$);
#5385=IFCREPRESENTATIONMAP(#5386,#5624);
#5386=IFCAXIS2PLACEMENT3D(#5387,#5388,#5389);
#5387=IFCCARTESIANPOINT((0.,0.,0.));
#5388=IFCDIRECTION((0.,0.,1.));
#5389=IFCDIRECTION((1.,0.,0.));
#5393=IFCREPRESENTATIONMAP(#5394,#5667);
#5394=IFCAXIS2PLACEMENT3D(#5395,#5396,#5397);
#5395=IFCCARTESIANPOINT((0.,0.,0.));
#5396=IFCDIRECTION((0.,0.,1.));
#5397=IFCDIRECTION((1.,0.,0.));
#5441=IFCREPRESENTATIONMAP(#5442,#5684);
#5442=IFCAXIS2PLACEMENT3D(#5443,#5444,#5445);
#5443=IFCCARTESIANPOINT((0.,0.,0.));
#5444=IFCDIRECTION((0.,0.,1.));
#5445=IFCDIRECTION((1.,0.,0.));
#5463=IFCWINDOW('0Lo8JUelrEvwfkrgJ6hAiw',$,'Window',$,$,#5729,#5472,$,0.89999997615814209,0.80282461643218994,$,.SINGLE_PANEL.,$);
#5464=IFCRELDEFINESBYTYPE('0__WYOT459BA$UWhAA8yiY',$,$,$,(#5463),#5382);
#5465=IFCCARTESIANPOINT((0.,0.,0.));
#5466=IFCDIRECTION((1.,0.,0.));
#5467=IFCDIRECTION((0.,1.,0.));
#5468=IFCDIRECTION((0.,0.,1.));
#5469=IFCCARTESIANTRANSFORMATIONOPERATOR3D(#5466,#5467,#5465,1.,#5468);
#5470=IFCMAPPEDITEM(#5385,#5469);
#5471=IFCSHAPEREPRESENTATION(#18,'Profile','MappedRepresentation',(#5470));
#5472=IFCPRODUCTDEFINITIONSHAPE($,$,(#5471,#5479,#5486));
#5473=IFCCARTESIANPOINT((0.,0.,0.));
#5474=IFCDIRECTION((1.,0.,0.));
#5475=IFCDIRECTION((0.,1.,0.));
#5476=IFCDIRECTION((0.,0.,1.));
#5477=IFCCARTESIANTRANSFORMATIONOPERATOR3D(#5474,#5475,#5473,1.,#5476);
#5478=IFCMAPPEDITEM(#5393,#5477);
#5479=IFCSHAPEREPRESENTATION(#11,'Body','MappedRepresentation',(#5478));
#5480=IFCCARTESIANPOINT((0.,0.,0.));
#5481=IFCDIRECTION((1.,0.,0.));
#5482=IFCDIRECTION((0.,1.,0.));
#5483=IFCDIRECTION((0.,0.,1.));
#5484=IFCCARTESIANTRANSFORMATIONOPERATOR3D(#5481,#5482,#5480,1.,#5483);
#5485=IFCMAPPEDITEM(#5441,#5484);
#5486=IFCSHAPEREPRESENTATION(#24,'Body','MappedRepresentation',(#5485));
#5487=IFCOPENINGELEMENT('2zmf74YGT7eQnyLdrpzsR2',$,'Opening',$,$,#5719,#5515,$,.OPENING.);
#5503=IFCCARTESIANPOINT((0.,0.,0.));
#5504=IFCDIRECTION((1.,0.,0.));
#5505=IFCDIRECTION((0.,0.,1.));
#5506=IFCAXIS2PLACEMENT3D(#5503,#5505,#5504);
#5507=IFCREPRESENTATIONMAP(#5506,#5694);
#5508=IFCCARTESIANPOINT((0.,0.,0.));
#5509=IFCDIRECTION((1.,0.,0.));
#5510=IFCDIRECTION((0.,1.,0.));
#5511=IFCDIRECTION((0.,0.,1.));
#5512=IFCCARTESIANTRANSFORMATIONOPERATOR3D(#5509,#5510,#5508,1.,#5511);
#5513=IFCMAPPEDITEM(#5507,#5512);
#5514=IFCSHAPEREPRESENTATION(#11,'Body','MappedRepresentation',(#5513));
#5515=IFCPRODUCTDEFINITIONSHAPE($,$,(#5514));
#5516=IFCRELVOIDSELEMENT('3xEW_l5151XAQ_KryAtbiU',$,$,$,#267,#5487);
#5522=IFCRELFILLSELEMENT('1sbdEp66H4HBZ9K3uCQBCK',$,$,$,#5487,#5463);
#5531=IFCCARTESIANPOINTLIST2D(((0.,0.),(0.75955104827880859,0.),(0.75955104827880859,0.89999997615814209),(0.,0.89999997615814209)));
#5532=IFCINDEXEDPOLYCURVE(#5531,(IFCLINEINDEX((1,2,3,4,1))),$);
#5533=IFCCARTESIANPOINTLIST2D(((0.02500000037252903,0.02500000037252903),(0.73455104790627956,0.02500000037252903),(0.73455104790627956,0.87499997578561306),(0.02500000037252903,0.87499997578561306)));
#5534=IFCINDEXEDPOLYCURVE(#5533,(IFCLINEINDEX((1,2,3,4,1))),$);
#5535=IFCARBITRARYPROFILEDEFWITHVOIDS(.AREA.,$,#5532,(#5534));
#5536=IFCCARTESIANPOINT((0.,0.090000001713633537,0.));
#5537=IFCDIRECTION((0.,-1.,0.));
#5538=IFCDIRECTION((1.,0.,0.));
#5539=IFCAXIS2PLACEMENT3D(#5536,#5537,#5538);
#5540=IFCDIRECTION((0.,0.,-1.));
#5541=IFCEXTRUDEDAREASOLID(#5535,#5539,#5540,0.0099999997764825821);
#5542=IFCCARTESIANPOINTLIST2D(((0.,0.),(0.75955104827880859,0.),(0.75955104827880859,0.89999997615814209),(0.,0.89999997615814209)));
#5543=IFCINDEXEDPOLYCURVE(#5542,(IFCLINEINDEX((1,2,3,4,1))),$);
#5544=IFCCARTESIANPOINTLIST2D(((0.05000000074505806,0.05000000074505806),(0.70955104753375053,0.05000000074505806),(0.70955104753375053,0.84999997541308403),(0.05000000074505806,0.84999997541308403)));
#5545=IFCINDEXEDPOLYCURVE(#5544,(IFCLINEINDEX((1,2,3,4,1))),$);
#5546=IFCARBITRARYPROFILEDEFWITHVOIDS(.AREA.,$,#5543,(#5545));
#5547=IFCCARTESIANPOINT((0.,0.05000000074505806,0.));
#5548=IFCDIRECTION((0.,-1.,0.));
#5549=IFCDIRECTION((1.,0.,0.));
#5550=IFCAXIS2PLACEMENT3D(#5547,#5548,#5549);
#5551=IFCDIRECTION((0.,0.,-1.));
#5552=IFCEXTRUDEDAREASOLID(#5546,#5550,#5551,0.040000000968575478);
#5553=IFCCARTESIANPOINTLIST2D(((0.,0.),(0.70955104753375053,0.),(0.70955104753375053,0.84999997541308403),(0.,0.84999997541308403)));
#5554=IFCINDEXEDPOLYCURVE(#5553,(IFCLINEINDEX((1,2,3,4,1))),$);
#5555=IFCCARTESIANPOINTLIST2D(((0.035000000149011612,0.035000000149011612),(0.67455104738473892,0.035000000149011612),(0.67455104738473892,0.81499997526407242),(0.035000000149011612,0.81499997526407242)));
#5556=IFCINDEXEDPOLYCURVE(#5555,(IFCLINEINDEX((1,2,3,4,1))),$);
#5557=IFCARBITRARYPROFILEDEFWITHVOIDS(.AREA.,$,#5554,(#5556));
#5558=IFCCARTESIANPOINT((0.02500000037252903,0.090000001713633537,0.02500000037252903));
#5559=IFCDIRECTION((0.,-1.,0.));
#5560=IFCDIRECTION((1.,0.,0.));
#5561=IFCAXIS2PLACEMENT3D(#5558,#5559,#5560);
#5562=IFCDIRECTION((0.,0.,-1.));
#5563=IFCEXTRUDEDAREASOLID(#5557,#5561,#5562,0.035000000149011612);
#5564=IFCINDEXEDPOLYCURVE(#5565,(IFCLINEINDEX((1,2,3,4,1))),$);
#5565=IFCCARTESIANPOINTLIST2D(((0.035000000149011612,0.035000000149011612),(0.67455104738473892,0.035000000149011612),(0.67455104738473892,0.81499997526407242),(0.035000000149011612,0.81499997526407242)));
#5566=IFCARBITRARYCLOSEDPROFILEDEF(.AREA.,$,#5564);
#5567=IFCCARTESIANPOINT((0.02500000037252903,0.10250000178813934,0.02500000037252903));
#5568=IFCDIRECTION((0.,-1.,0.));
#5569=IFCDIRECTION((1.,0.,0.));
#5570=IFCAXIS2PLACEMENT3D(#5567,#5568,#5569);
#5571=IFCDIRECTION((0.,0.,-1.));
#5572=IFCEXTRUDEDAREASOLID(#5566,#5570,#5571,0.01);
#5574=IFCSHAPEREPRESENTATION(#11,'Body','SweptSolid',(#5552,#5646,#5541,#5635));
#5575=IFCSHAPEASPECT((#5574),'Lining',$,.T.,#5472);
#5576=IFCSHAPEREPRESENTATION(#11,'Body','SweptSolid',(#5657,#5563));
#5577=IFCSHAPEASPECT((#5576),'Framing',$,.T.,#5472);
#5578=IFCSHAPEREPRESENTATION(#11,'Body','SweptSolid',(#5666,#5572));
#5579=IFCSHAPEASPECT((#5578),'Glazing',$,.T.,#5472);
#5622=IFCCARTESIANPOINTLIST3D(((0.,0.,0.),(0.80282461643218994,0.,0.),(0.80282461643218994,0.,0.89999997615814209),(0.,0.,0.89999997615814209)));
#5623=IFCINDEXEDPOLYCURVE(#5622,(IFCLINEINDEX((1,2,3,4,1))),$);
#5624=IFCSHAPEREPRESENTATION(#18,'Profile','Curve3D',(#5623));
#5625=IFCCARTESIANPOINTLIST2D(((0.,0.),(0.80282461643218994,0.),(0.80282461643218994,0.89999997615814209),(0.,0.89999997615814209)));
#5626=IFCINDEXEDPOLYCURVE(#5625,(IFCLINEINDEX((1,2,3,4,1))),$);
#5627=IFCCARTESIANPOINTLIST2D(((0.02500000037252903,0.02500000037252903),(0.77782461605966091,0.02500000037252903),(0.77782461605966091,0.87499997578561306),(0.02500000037252903,0.87499997578561306)));
#5628=IFCINDEXEDPOLYCURVE(#5627,(IFCLINEINDEX((1,2,3,4,1))),$);
#5629=IFCARBITRARYPROFILEDEFWITHVOIDS(.AREA.,$,#5626,(#5628));
#5630=IFCCARTESIANPOINT((0.,0.090000001713633537,0.));
#5631=IFCDIRECTION((0.,-1.,0.));
#5632=IFCDIRECTION((1.,0.,0.));
#5633=IFCAXIS2PLACEMENT3D(#5630,#5631,#5632);
#5634=IFCDIRECTION((0.,0.,-1.));
#5635=IFCEXTRUDEDAREASOLID(#5629,#5633,#5634,0.0099999997764825821);
#5636=IFCCARTESIANPOINTLIST2D(((0.,0.),(0.80282461643218994,0.),(0.80282461643218994,0.89999997615814209),(0.,0.89999997615814209)));
#5637=IFCINDEXEDPOLYCURVE(#5636,(IFCLINEINDEX((1,2,3,4,1))),$);
#5638=IFCCARTESIANPOINTLIST2D(((0.05000000074505806,0.05000000074505806),(0.75282461568713188,0.05000000074505806),(0.75282461568713188,0.84999997541308403),(0.05000000074505806,0.84999997541308403)));
#5639=IFCINDEXEDPOLYCURVE(#5638,(IFCLINEINDEX((1,2,3,4,1))),$);
#5640=IFCARBITRARYPROFILEDEFWITHVOIDS(.AREA.,$,#5637,(#5639));
#5641=IFCCARTESIANPOINT((0.,0.05000000074505806,0.));
#5642=IFCDIRECTION((0.,-1.,0.));
#5643=IFCDIRECTION((1.,0.,0.));
#5644=IFCAXIS2PLACEMENT3D(#5641,#5642,#5643);
#5645=IFCDIRECTION((0.,0.,-1.));
#5646=IFCEXTRUDEDAREASOLID(#5640,#5644,#5645,0.040000000968575478);
#5647=IFCCARTESIANPOINTLIST2D(((0.,0.),(0.75282461568713188,0.),(0.75282461568713188,0.84999997541308403),(0.,0.84999997541308403)));
#5648=IFCINDEXEDPOLYCURVE(#5647,(IFCLINEINDEX((1,2,3,4,1))),$);
#5649=IFCCARTESIANPOINTLIST2D(((0.035000000149011612,0.035000000149011612),(0.71782461553812027,0.035000000149011612),(0.71782461553812027,0.81499997526407242),(0.035000000149011612,0.81499997526407242)));
#5650=IFCINDEXEDPOLYCURVE(#5649,(IFCLINEINDEX((1,2,3,4,1))),$);
#5651=IFCARBITRARYPROFILEDEFWITHVOIDS(.AREA.,$,#5648,(#5650));
#5652=IFCCARTESIANPOINT((0.02500000037252903,0.090000001713633537,0.02500000037252903));
#5653=IFCDIRECTION((0.,-1.,0.));
#5654=IFCDIRECTION((1.,0.,0.));
#5655=IFCAXIS2PLACEMENT3D(#5652,#5653,#5654);
#5656=IFCDIRECTION((0.,0.,-1.));
#5657=IFCEXTRUDEDAREASOLID(#5651,#5655,#5656,0.035000000149011612);
#5658=IFCINDEXEDPOLYCURVE(#5659,(IFCLINEINDEX((1,2,3,4,1))),$);
#5659=IFCCARTESIANPOINTLIST2D(((0.035000000149011612,0.035000000149011612),(0.71782461553812027,0.035000000149011612),(0.71782461553812027,0.81499997526407242),(0.035000000149011612,0.81499997526407242)));
#5660=IFCARBITRARYCLOSEDPROFILEDEF(.AREA.,$,#5658);
#5661=IFCCARTESIANPOINT((0.02500000037252903,0.10250000178813934,0.02500000037252903));
#5662=IFCDIRECTION((0.,-1.,0.));
#5663=IFCDIRECTION((1.,0.,0.));
#5664=IFCAXIS2PLACEMENT3D(#5661,#5662,#5663);
#5665=IFCDIRECTION((0.,0.,-1.));
#5666=IFCEXTRUDEDAREASOLID(#5660,#5664,#5665,0.01);
#5667=IFCSHAPEREPRESENTATION(#11,'Body','SweptSolid',(#5635,#5646,#5657,#5666));
#5668=IFCCARTESIANPOINTLIST2D(((0.05000000074505806,0.05000000074505806),(0.75282461568713188,0.05000000074505806)));
#5669=IFCINDEXEDPOLYCURVE(#5668,$,$);
#5670=IFCCARTESIANPOINTLIST2D(((0.,0.10000000149011612),(0.02500000037252903,0.10000000149011612),(0.02500000037252903,0.090000001713633537),(0.05000000074505806,0.090000001713633537),(0.05000000074505806,0.05000000074505806),(0.,0.05000000074505806)));
#5671=IFCINDEXEDPOLYCURVE(#5670,(IFCLINEINDEX((1,2,3,4,5,6,1))),$);
#5672=IFCCARTESIANPOINTLIST2D(((0.80282461643218994,0.10000000149011612),(0.77782461605966091,0.10000000149011612),(0.77782461605966091,0.090000001713633537),(0.75282461568713188,0.090000001713633537),(0.75282461568713188,0.05000000074505806),(0.80282461643218994,0.05000000074505806)));
#5673=IFCINDEXEDPOLYCURVE(#5672,(IFCLINEINDEX((1,2,3,4,5,6,1))),$);
#5674=IFCCARTESIANPOINTLIST2D(((0.02500000037252903,0.090000001713633537),(0.060000000521540642,0.090000001713633537),(0.060000000521540642,0.12500000186264515),(0.02500000037252903,0.12500000186264515)));
#5675=IFCINDEXEDPOLYCURVE(#5674,(IFCLINEINDEX((1,2,3,4,1))),$);
#5676=IFCINDEXEDPOLYCURVE(#5677,(IFCLINEINDEX((1,2,3,4,1))),$);
#5677=IFCCARTESIANPOINTLIST2D(((0.77782461605966091,0.090000001713633537),(0.7428246159106493,0.090000001713633537),(0.7428246159106493,0.12500000186264515),(0.77782461605966091,0.12500000186264515)));
#5678=IFCCARTESIANPOINTLIST2D(((0.060000000521540642,0.090000001713633537),(0.7428246159106493,0.090000001713633537)));
#5679=IFCINDEXEDPOLYCURVE(#5678,$,$);
#5680=IFCINDEXEDPOLYCURVE(#5681,$,$);
#5681=IFCCARTESIANPOINTLIST2D(((0.060000000521540642,0.12500000186264515),(0.7428246159106493,0.12500000186264515)));
#5682=IFCINDEXEDPOLYCURVE(#5683,$,$);
#5683=IFCCARTESIANPOINTLIST2D(((0.060000000521540642,0.10750000178813934),(0.7428246159106493,0.10750000178813934)));
#5684=IFCSHAPEREPRESENTATION(#24,'Body','Curve2D',(#5669,#5671,#5673,#5675,#5676,#5679,#5680,#5682));
#5685=IFCCARTESIANPOINTLIST2D(((0.,0.),(0.80282461643218994,0.),(0.80282461643218994,0.89999997615814209),(0.,0.89999997615814209)));
#5686=IFCINDEXEDPOLYCURVE(#5685,(IFCLINEINDEX((1,2,3,4,1))),$);
#5687=IFCARBITRARYCLOSEDPROFILEDEF(.AREA.,$,#5686);
#5688=IFCCARTESIANPOINT((0.,-0.60000002384185791,0.));
#5689=IFCDIRECTION((0.,-1.,0.));
#5690=IFCDIRECTION((1.,0.,0.));
#5691=IFCAXIS2PLACEMENT3D(#5688,#5689,#5690);
#5692=IFCDIRECTION((0.,0.,-1.));
#5693=IFCEXTRUDEDAREASOLID(#5687,#5691,#5692,1.2);
#5694=IFCSHAPEREPRESENTATION(#11,'Body','SweptSolid',(#5693));
#5715=IFCCARTESIANPOINT((3.0103015418752559,7.2640293646841769E-07,1.));
#5716=IFCDIRECTION((0.,0.,1.));
#5717=IFCDIRECTION((0.99999999999999289,1.1920928244535129E-07,0.));
#5718=IFCAXIS2PLACEMENT3D(#5715,#5716,#5717);
#5719=IFCLOCALPLACEMENT(#542,#5718);
#5725=IFCCARTESIANPOINT((0.,-4.4408920985006262E-16,0.));
#5726=IFCDIRECTION((0.,0.,1.));
#5727=IFCDIRECTION((1.,0.,0.));
#5728=IFCAXIS2PLACEMENT3D(#5725,#5726,#5727);
#5729=IFCLOCALPLACEMENT(#5719,#5728);
#5730=IFCWINDOWTYPE('2Q0xThriz3kxrREwchEvSt',$,'MaidsRoom-GF',$,$,(#5731),(#5733,#5741,#5789),$,$,.WINDOW.,.SINGLE_PANEL.,$,$);
#5731=IFCPROPERTYSET('2Kzlukj0D7UfSVKrjoUX3O',$,'BBIM_Window',$,(#5732));
#5732=IFCPROPERTYSINGLEVALUE('Data',$,IFCTEXT('{"window_type": "SINGLE_PANEL", "overall_height": 0.8999999761581421, "overall_width": 0.7010279893875122, "lining_properties": {"lining_depth": 0.05000000074505806, "lining_thickness": 0.05000000074505806, "lining_offset": 0.05000000074505806, "lining_to_panel_offset_x": 0.02500000037252903, "lining_to_panel_offset_y": 0.02500000037252903}, "panel_properties": {"frame_depth": [0.03500000014901161, 0.03500000014901161, 0.03500000014901161], "frame_thickness": [0.03500000014901161, 0.03500000014901161, 0.03500000014901161]}}'),$);
#5733=IFCREPRESENTATIONMAP(#5734,#19060);
#5734=IFCAXIS2PLACEMENT3D(#5735,#5736,#5737);
#5735=IFCCARTESIANPOINT((0.,0.,0.));
#5736=IFCDIRECTION((0.,0.,1.));
#5737=IFCDIRECTION((1.,0.,0.));
#5741=IFCREPRESENTATIONMAP(#5742,#19103);
#5742=IFCAXIS2PLACEMENT3D(#5743,#5744,#5745);
#5743=IFCCARTESIANPOINT((0.,0.,0.));
#5744=IFCDIRECTION((0.,0.,1.));
#5745=IFCDIRECTION((1.,0.,0.));
#5789=IFCREPRESENTATIONMAP(#5790,#19120);
#5790=IFCAXIS2PLACEMENT3D(#5791,#5792,#5793);
#5791=IFCCARTESIANPOINT((0.,0.,0.));
#5792=IFCDIRECTION((0.,0.,1.));
#5793=IFCDIRECTION((1.,0.,0.));
#5811=IFCWINDOW('3F0yBZUEH2bPSQoYN70Ch3',$,'Window',$,$,#19145,#5820,$,0.89999997615814209,0.70102798938751221,$,.SINGLE_PANEL.,$);
#5812=IFCRELDEFINESBYTYPE('2ifyRT9V59Fgq7j1HlMF6t',$,$,$,(#5811),#5730);
#5813=IFCCARTESIANPOINT((0.,0.,0.));
#5814=IFCDIRECTION((1.,0.,0.));
#5815=IFCDIRECTION((0.,1.,0.));
#5816=IFCDIRECTION((0.,0.,1.));
#5817=IFCCARTESIANTRANSFORMATIONOPERATOR3D(#5814,#5815,#5813,1.,#5816);
#5818=IFCMAPPEDITEM(#5733,#5817);
#5819=IFCSHAPEREPRESENTATION(#18,'Profile','MappedRepresentation',(#5818));
#5820=IFCPRODUCTDEFINITIONSHAPE($,$,(#5819,#5827,#5834));
#5821=IFCCARTESIANPOINT((0.,0.,0.));
#5822=IFCDIRECTION((1.,0.,0.));
#5823=IFCDIRECTION((0.,1.,0.));
#5824=IFCDIRECTION((0.,0.,1.));
#5825=IFCCARTESIANTRANSFORMATIONOPERATOR3D(#5822,#5823,#5821,1.,#5824);
#5826=IFCMAPPEDITEM(#5741,#5825);
#5827=IFCSHAPEREPRESENTATION(#11,'Body','MappedRepresentation',(#5826));
#5828=IFCCARTESIANPOINT((0.,0.,0.));
#5829=IFCDIRECTION((1.,0.,0.));
#5830=IFCDIRECTION((0.,1.,0.));
#5831=IFCDIRECTION((0.,0.,1.));
#5832=IFCCARTESIANTRANSFORMATIONOPERATOR3D(#5829,#5830,#5828,1.,#5831);
#5833=IFCMAPPEDITEM(#5789,#5832);
#5834=IFCSHAPEREPRESENTATION(#24,'Body','MappedRepresentation',(#5833));
#5835=IFCOPENINGELEMENT('3vZ2zVTMX9FhQLrU_gXi51',$,'Opening',$,$,#19140,#5863,$,.OPENING.);
#5851=IFCCARTESIANPOINT((0.,0.,0.));
#5852=IFCDIRECTION((1.,0.,0.));
#5853=IFCDIRECTION((0.,0.,1.));
#5854=IFCAXIS2PLACEMENT3D(#5851,#5853,#5852);
#5855=IFCREPRESENTATIONMAP(#5854,#19130);
#5856=IFCCARTESIANPOINT((0.,0.,0.));
#5857=IFCDIRECTION((1.,0.,0.));
#5858=IFCDIRECTION((0.,1.,0.));
#5859=IFCDIRECTION((0.,0.,1.));
#5860=IFCCARTESIANTRANSFORMATIONOPERATOR3D(#5857,#5858,#5856,1.,#5859);
#5861=IFCMAPPEDITEM(#5855,#5860);
#5862=IFCSHAPEREPRESENTATION(#11,'Body','MappedRepresentation',(#5861));
#5863=IFCPRODUCTDEFINITIONSHAPE($,$,(#5862));
#5864=IFCRELVOIDSELEMENT('0WMYYjnu52cAzER$8LUwOk',$,$,$,#242,#5835);
#5870=IFCRELFILLSELEMENT('367ZypMj18WOkjCdtUhDaa',$,$,$,#5835,#5811);
#5879=IFCCARTESIANPOINTLIST2D(((0.,0.),(0.80893385410308838,0.),(0.80893385410308838,0.89999997615814209),(0.,0.89999997615814209)));
#5880=IFCINDEXEDPOLYCURVE(#5879,(IFCLINEINDEX((1,2,3,4,1))),$);
#5881=IFCCARTESIANPOINTLIST2D(((0.02500000037252903,0.02500000037252903),(0.78393385373055935,0.02500000037252903),(0.78393385373055935,0.87499997578561306),(0.02500000037252903,0.87499997578561306)));
#5882=IFCINDEXEDPOLYCURVE(#5881,(IFCLINEINDEX((1,2,3,4,1))),$);
#5883=IFCARBITRARYPROFILEDEFWITHVOIDS(.AREA.,$,#5880,(#5882));
#5884=IFCCARTESIANPOINT((0.,0.090000001713633537,0.));
#5885=IFCDIRECTION((0.,-1.,0.));
#5886=IFCDIRECTION((1.,0.,0.));
#5887=IFCAXIS2PLACEMENT3D(#5884,#5885,#5886);
#5888=IFCDIRECTION((0.,0.,-1.));
#5889=IFCEXTRUDEDAREASOLID(#5883,#5887,#5888,0.0099999997764825821);
#5890=IFCCARTESIANPOINTLIST2D(((0.,0.),(0.80893385410308838,0.),(0.80893385410308838,0.89999997615814209),(0.,0.89999997615814209)));
#5891=IFCINDEXEDPOLYCURVE(#5890,(IFCLINEINDEX((1,2,3,4,1))),$);
#5892=IFCCARTESIANPOINTLIST2D(((0.05000000074505806,0.05000000074505806),(0.75893385335803032,0.05000000074505806),(0.75893385335803032,0.84999997541308403),(0.05000000074505806,0.84999997541308403)));
#5893=IFCINDEXEDPOLYCURVE(#5892,(IFCLINEINDEX((1,2,3,4,1))),$);
#5894=IFCARBITRARYPROFILEDEFWITHVOIDS(.AREA.,$,#5891,(#5893));
#5895=IFCCARTESIANPOINT((0.,0.05000000074505806,0.));
#5896=IFCDIRECTION((0.,-1.,0.));
#5897=IFCDIRECTION((1.,0.,0.));
#5898=IFCAXIS2PLACEMENT3D(#5895,#5896,#5897);
#5899=IFCDIRECTION((0.,0.,-1.));
#5900=IFCEXTRUDEDAREASOLID(#5894,#5898,#5899,0.040000000968575478);
#5901=IFCCARTESIANPOINTLIST2D(((0.,0.),(0.75893385335803032,0.),(0.75893385335803032,0.84999997541308403),(0.,0.84999997541308403)));
#5902=IFCINDEXEDPOLYCURVE(#5901,(IFCLINEINDEX((1,2,3,4,1))),$);
#5903=IFCCARTESIANPOINTLIST2D(((0.035000000149011612,0.035000000149011612),(0.72393385320901871,0.035000000149011612),(0.72393385320901871,0.81499997526407242),(0.035000000149011612,0.81499997526407242)));
#5904=IFCINDEXEDPOLYCURVE(#5903,(IFCLINEINDEX((1,2,3,4,1))),$);
#5905=IFCARBITRARYPROFILEDEFWITHVOIDS(.AREA.,$,#5902,(#5904));
#5906=IFCCARTESIANPOINT((0.02500000037252903,0.090000001713633537,0.02500000037252903));
#5907=IFCDIRECTION((0.,-1.,0.));
#5908=IFCDIRECTION((1.,0.,0.));
#5909=IFCAXIS2PLACEMENT3D(#5906,#5907,#5908);
#5910=IFCDIRECTION((0.,0.,-1.));
#5911=IFCEXTRUDEDAREASOLID(#5905,#5909,#5910,0.035000000149011612);
#5912=IFCINDEXEDPOLYCURVE(#5913,(IFCLINEINDEX((1,2,3,4,1))),$);
#5913=IFCCARTESIANPOINTLIST2D(((0.035000000149011612,0.035000000149011612),(0.72393385320901871,0.035000000149011612),(0.72393385320901871,0.81499997526407242),(0.035000000149011612,0.81499997526407242)));
#5914=IFCARBITRARYCLOSEDPROFILEDEF(.AREA.,$,#5912);
#5915=IFCCARTESIANPOINT((0.02500000037252903,0.10250000178813934,0.02500000037252903));
#5916=IFCDIRECTION((0.,-1.,0.));
#5917=IFCDIRECTION((1.,0.,0.));
#5918=IFCAXIS2PLACEMENT3D(#5915,#5916,#5917);
#5919=IFCDIRECTION((0.,0.,-1.));
#5920=IFCEXTRUDEDAREASOLID(#5914,#5918,#5919,0.01);
#5922=IFCSHAPEREPRESENTATION(#11,'Body','SweptSolid',(#18968,#5900,#19082,#19071,#18979,#5889));
#5923=IFCSHAPEASPECT((#5922),'Lining',$,.T.,#5820);
#5924=IFCSHAPEREPRESENTATION(#11,'Body','SweptSolid',(#5911,#19093,#18990));
#5925=IFCSHAPEASPECT((#5924),'Framing',$,.T.,#5820);
#5926=IFCSHAPEREPRESENTATION(#11,'Body','SweptSolid',(#18999,#5920,#19102));
#5927=IFCSHAPEASPECT((#5926),'Glazing',$,.T.,#5820);
#6231=IFCCARTESIANPOINT((0.,0.,3.));
#6232=IFCDIRECTION((0.,0.,1.));
#6233=IFCDIRECTION((1.,0.,0.));
#6234=IFCAXIS2PLACEMENT3D(#6231,#6232,#6233);
#6235=IFCLOCALPLACEMENT(#56,#6234);
#6260=IFCRELCONTAINEDINSPATIALSTRUCTURE('3kuoQl_Jf0xBhAK$7ju2In',$,$,$,(#7786,#20186,#8041,#12203,#14723,#7594,#6978,#19347,#19413,#17635,#17472,#19435,#6443,#19787,#19809,#11089,#19875,#8602,#8230,#19369,#13585,#19897,#7761,#8003,#6368,#19831,#12581,#19853,#7556,#11795,#20159,#10714,#10164,#14482,#7723,#7811,#20213,#8165,#20235,#20323,#6543,#8887,#17499,#20257,#20279,#20345,#7287,#17206,#13117,#20369,#6468),#63);
#6282=IFCROOFTYPE('3HHBZpUwLBuA9U2k3Dz0Cg',$,'Unnamed',$,$,(#6283),(#6312,#6340),$,$,.HIP_ROOF.);
#6283=IFCPROPERTYSET('1JqWcQ9T5EzhMdsokNC6lm',$,'BBIM_Roof',$,(#6284));
#6284=IFCPROPERTYSINGLEVALUE('Data',$,IFCTEXT('{"roof_type": "HIP/GABLE ROOF", "generation_method": "ANGLE", "roof_thickness": 0.10000000149011612, "rafter_edge_angle": 1.5707963705062866, "angle": 0.1745329201221466, "percentage": 17.63269805908203, "path_data": {"edges": [[0, 1], [1, 2], [2, 3], [3, 0]], "verts": [[-5.0, -5.0, 0.0], [-5.0, 5.0, 0.0], [5.0, 5.0, 0.0], [5.0, -5.0, 0.0]]}}'),$);
#6308=IFCCARTESIANPOINT((0.,0.,0.));
#6309=IFCDIRECTION((1.,0.,0.));
#6310=IFCDIRECTION((0.,0.,1.));
#6311=IFCAXIS2PLACEMENT3D(#6308,#6310,#6309);
#6312=IFCREPRESENTATIONMAP(#6311,#6331);
#6313=IFCINDEXEDPOLYGONALFACE((3,1,2));
#6314=IFCINDEXEDPOLYGONALFACE((2,4,3));
#6315=IFCINDEXEDPOLYGONALFACE((1,3,5));
#6316=IFCINDEXEDPOLYGONALFACE((4,5,3));
#6317=IFCINDEXEDPOLYGONALFACE((6,7,8));
#6318=IFCINDEXEDPOLYGONALFACE((8,2,1));
#6319=IFCINDEXEDPOLYGONALFACE((8,1,6));
#6320=IFCINDEXEDPOLYGONALFACE((8,7,9));
#6321=IFCINDEXEDPOLYGONALFACE((2,8,9));
#6322=IFCINDEXEDPOLYGONALFACE((2,9,4));
#6323=IFCINDEXEDPOLYGONALFACE((10,7,6));
#6324=IFCINDEXEDPOLYGONALFACE((6,1,5));
#6325=IFCINDEXEDPOLYGONALFACE((6,5,10));
#6326=IFCINDEXEDPOLYGONALFACE((9,7,10));
#6327=IFCINDEXEDPOLYGONALFACE((4,9,10));
#6328=IFCINDEXEDPOLYGONALFACE((4,10,5));
#6329=IFCCARTESIANPOINTLIST3D(((-5.,-5.,0.),(5.,-5.,0.),(0.,0.,0.88163489103317261),(5.,5.,0.),(-5.,5.,0.),(-5.,-5.,-0.10154265910387039),(0.,0.,0.78009223937988281),(5.,-5.,-0.10154265910387039),(5.,5.,-0.10154265910387039),(-5.,5.,-0.10154265910387039)));
#6330=IFCPOLYGONALFACESET(#6329,.T.,(#6313,#6314,#6315,#6316,#6317,#6318,#6319,#6320,#6321,#6322,#6323,#6324,#6325,#6326,#6327,#6328),$);
#6331=IFCSHAPEREPRESENTATION(#11,'Body','Tessellation',(#6330));
#6333=IFCCARTESIANPOINT((-5.,-5.,-0.10154265910387039));
#6334=IFCBOUNDINGBOX(#6333,10.,10.,0.9831775426864624);
#6335=IFCSHAPEREPRESENTATION(#13,'Box','BoundingBox',(#6334));
#6336=IFCCARTESIANPOINT((0.,0.,0.));
#6337=IFCDIRECTION((1.,0.,0.));
#6338=IFCDIRECTION((0.,0.,1.));
#6339=IFCAXIS2PLACEMENT3D(#6336,#6338,#6337);
#6340=IFCREPRESENTATIONMAP(#6339,#6335);
#6368=IFCWALL('1OkCV_h$167g5fcXn2YPeA',$,'Wall',$,$,#6379,#6374,$,$);
#6369=IFCMATERIALLAYERSETUSAGE(#82,.AXIS2.,.POSITIVE.,0.,$);
#6370=IFCRELASSOCIATESMATERIAL('2YfknGc_X1iezncde$iupz',$,$,$,(#6368),#6369);
#6374=IFCPRODUCTDEFINITIONSHAPE($,$,(#7709,#7706));
#6375=IFCCARTESIANPOINT((4.2257342338562012,6.469855785369873,0.));
#6376=IFCDIRECTION((0.,0.,1.));
#6377=IFCDIRECTION((-0.99999999999999623,8.7422776573475527E-08,0.));
#6378=IFCAXIS2PLACEMENT3D(#6375,#6376,#6377);
#6379=IFCLOCALPLACEMENT(#6235,#6378);
#6390=IFCPROPERTYSET('0_ox8IhDTFHOLH1wlgqPH5',$,'EPset_Parametric',$,(#6392));
#6391=IFCRELDEFINESBYPROPERTIES('1izYLt1Lr1aAVGRwy1TWM6',$,$,$,(#6368),#6390);
#6392=IFCPROPERTYSINGLEVALUE('Engine',$,IFCLABEL('Bonsai.DumbLayer2'),$);
#6443=IFCWALL('2zrPrWL0H35wsO4QzAl$S3',$,'Wall',$,$,#7668,#6449,$,$);
#6444=IFCMATERIALLAYERSETUSAGE(#82,.AXIS2.,.POSITIVE.,0.,$);
#6445=IFCRELASSOCIATESMATERIAL('25E7BHI2PA6evqDWO2dPiO',$,$,$,(#6443),#6444);
#6449=IFCPRODUCTDEFINITIONSHAPE($,$,(#7663,#7660));
#6465=IFCPROPERTYSET('0s8oV1ZgD6CehUS_7o3GY6',$,'EPset_Parametric',$,(#6467));
#6466=IFCRELDEFINESBYPROPERTIES('1EnY6TNlb5uP9nASZXexq9',$,$,$,(#6443),#6465);
#6467=IFCPROPERTYSINGLEVALUE('Engine',$,IFCLABEL('Bonsai.DumbLayer2'),$);
#6468=IFCWALL('2Rt1v7JYD9YBD_LHihoxxv',$,'Wall',$,$,#6781,#6474,$,$);
#6469=IFCMATERIALLAYERSETUSAGE(#82,.AXIS2.,.POSITIVE.,0.,$);
#6470=IFCRELASSOCIATESMATERIAL('24eV3mSWv1D8c$qcVPFnxb',$,$,$,(#6468),#6469);
#6474=IFCPRODUCTDEFINITIONSHAPE($,$,(#7984,#7981));
#6490=IFCPROPERTYSET('3V8WfVH8r8Hg0z6WpI9qDF',$,'EPset_Parametric',$,(#6492));
#6491=IFCRELDEFINESBYPROPERTIES('0XEcJUVjH2XQwqCCpS2$89',$,$,$,(#6468),#6490);
#6492=IFCPROPERTYSINGLEVALUE('Engine',$,IFCLABEL('Bonsai.DumbLayer2'),$);
#6543=IFCWALL('1aGWuHaZX2jgQ6OOMgI$KG',$,'Wall',$,$,#13078,#6549,$,$);
#6544=IFCMATERIALLAYERSETUSAGE(#82,.AXIS2.,.POSITIVE.,0.,$);
#6545=IFCRELASSOCIATESMATERIAL('3uLb4me_r4yR9AtZA$exC$',$,$,$,(#6543),#6544);
#6549=IFCPRODUCTDEFINITIONSHAPE($,$,(#13073,#13070));
#6565=IFCPROPERTYSET('1fHsMZTeb6YP$E3OlfxHhh',$,'EPset_Parametric',$,(#6567));
#6566=IFCRELDEFINESBYPROPERTIES('2rhf0Q7wXEThV09VczRyQt',$,$,$,(#6543),#6565);
#6567=IFCPROPERTYSINGLEVALUE('Engine',$,IFCLABEL('Bonsai.DumbLayer2'),$);
#6763=IFCRELCONNECTSPATHELEMENTS('3oLPJEr4vAXwIoRmTEqSGw',$,$,$,$,#6468,#6443,(),(),.ATEND.,.ATSTART.);
#6777=IFCCARTESIANPOINT((-3.3242651786500819,-1.6301436425076332,0.));
#6778=IFCDIRECTION((0.,0.,1.));
#6779=IFCDIRECTION((0.99999915021874797,-0.0013036724213140211,0.));
#6780=IFCAXIS2PLACEMENT3D(#6777,#6778,#6779);
#6781=IFCLOCALPLACEMENT(#6235,#6780);
#6978=IFCWALL('2cm9yyekf5Igh71pqfUW6M',$,'Wall',$,$,#7970,#6984,$,$);
#6979=IFCMATERIALLAYERSETUSAGE(#82,.AXIS2.,.POSITIVE.,0.,$);
#6980=IFCRELASSOCIATESMATERIAL('23bPiDvsfFlALXBL5cpXf4',$,$,$,(#6978),#6979);
#6984=IFCPRODUCTDEFINITIONSHAPE($,$,(#13200,#13197));
#7000=IFCPROPERTYSET('14mfj1XST5IuX5LqePJ8yF',$,'EPset_Parametric',$,(#7002));
#7001=IFCRELDEFINESBYPROPERTIES('1MmQ0Wk194IR8$TiejDYHN',$,$,$,(#6978),#7000);
#7002=IFCPROPERTYSINGLEVALUE('Engine',$,IFCLABEL('Bonsai.DumbLayer2'),$);
#7287=IFCSLAB('05YbCRq11BMeyp2gVELWZb',$,'Slab',$,$,#7294,#7301,$,$);
#7288=IFCMATERIALLAYERSETUSAGE(#1684,.AXIS3.,.POSITIVE.,-0.10000000149011612,$);
#7289=IFCRELASSOCIATESMATERIAL('33d8j7LzL4Axs2wOzfGnjA',$,$,$,(#7287),#7288);
#7290=IFCCARTESIANPOINT((4.2257342338562012,6.469855785369873,0.));
#7291=IFCDIRECTION((0.,0.,1.));
#7292=IFCDIRECTION((1.,0.,0.));
#7293=IFCAXIS2PLACEMENT3D(#7290,#7291,#7292);
#7294=IFCLOCALPLACEMENT(#6235,#7293);
#7295=IFCCARTESIANPOINTLIST2D(((0.,0.),(-4.,4.76837158203125E-07),(-4.,-0.94999980926513672),(-7.5500001907348633,-0.94999837875366211),(-7.5499982833862305,-8.0999994277954102),(-7.5499982833862305,-9.5999994277954102),(-4.76837158203125E-07,-9.6000003814697266),(0.,0.)));
#7296=IFCINDEXEDPOLYCURVE(#7295,$,$);
#7297=IFCDIRECTION((0.,0.,1.));
#7298=IFCARBITRARYCLOSEDPROFILEDEF(.AREA.,$,#7296);
#7299=IFCEXTRUDEDAREASOLID(#7298,#7308,#7297,0.10000000000000001);
#7300=IFCSHAPEREPRESENTATION(#11,'Body','SweptSolid',(#7299));
#7301=IFCPRODUCTDEFINITIONSHAPE($,$,(#7300));
#7302=IFCPROPERTYSET('092Yn4RUTF9OWoG9$UOB7R',$,'EPset_Parametric',$,(#7304));
#7303=IFCRELDEFINESBYPROPERTIES('3VEU2pWs9AHwt0ihtwk$lO',$,$,$,(#7287),#7302);
#7304=IFCPROPERTYSINGLEVALUE('Engine',$,IFCLABEL('Bonsai.DumbLayer3'),$);
#7305=IFCCARTESIANPOINT((-0.,-0.,-0.10000000149011612));
#7306=IFCDIRECTION((0.,0.,1.));
#7307=IFCDIRECTION((1.,0.,0.));
#7308=IFCAXIS2PLACEMENT3D(#7305,#7306,#7307);
#7556=IFCWALL('0HNZQ83KL7I9eDkARt0RCa',$,'Wall',$,$,#7567,#7562,$,$);
#7557=IFCMATERIALLAYERSETUSAGE(#82,.AXIS2.,.POSITIVE.,0.,$);
#7558=IFCRELASSOCIATESMATERIAL('3kAAZCd798TxEpWyAF8Bte',$,$,$,(#7556),#7557);
#7562=IFCPRODUCTDEFINITIONSHAPE($,$,(#7722,#7719));
#7563=IFCCARTESIANPOINT((0.32573428750038147,-1.5349019765853882,0.));
#7564=IFCDIRECTION((0.,0.,1.));
#7565=IFCDIRECTION((7.5497901264043109E-08,0.99999999999999711,0.));
#7566=IFCAXIS2PLACEMENT3D(#7563,#7564,#7565);
#7567=IFCLOCALPLACEMENT(#6235,#7566);
#7578=IFCPROPERTYSET('0c4WhlhWXE4fkPeTDx551_',$,'EPset_Parametric',$,(#7580));
#7579=IFCRELDEFINESBYPROPERTIES('2UYARJkFf7Lu0SeBt_$Fnn',$,$,$,(#7556),#7578);
#7580=IFCPROPERTYSINGLEVALUE('Engine',$,IFCLABEL('Bonsai.DumbLayer2'),$);
#7594=IFCWALL('1bJD_pQNn2v8qvKZ3g_ITn',$,'Wall',$,$,#7650,#7600,$,$);
#7595=IFCMATERIALLAYERSETUSAGE(#82,.AXIS2.,.POSITIVE.,0.,$);
#7596=IFCRELASSOCIATESMATERIAL('2_DKdxKPD9F9QQFQfeCllL',$,$,$,(#7594),#7595);
#7600=IFCPRODUCTDEFINITIONSHAPE($,$,(#7645,#7642));
#7616=IFCPROPERTYSET('1aqJ_i_W92JR5J38NwvD1b',$,'EPset_Parametric',$,(#7618));
#7617=IFCRELDEFINESBYPROPERTIES('0whz8AaTf0DffuqiBzOjfH',$,$,$,(#7594),#7616);
#7618=IFCPROPERTYSINGLEVALUE('Engine',$,IFCLABEL('Bonsai.DumbLayer2'),$);
#7632=IFCRELCONNECTSPATHELEMENTS('2FY$QM0XT3eRJJNP_ADJSs',$,$,$,$,#7594,#6443,(),(),.ATSTART.,.ATSTART.);
#7633=IFCCARTESIANPOINTLIST2D(((0.10000000733352134,0.),(-3.829757587719973E-05,0.10000000000000001),(3.6419103647499682,0.10000000000000001),(3.6419103647499682,0.)));
#7634=IFCINDEXEDPOLYCURVE(#7633,(IFCLINEINDEX((1,2,3,4,1))),$);
#7635=IFCARBITRARYCLOSEDPROFILEDEF(.AREA.,$,#7634);
#7636=IFCCARTESIANPOINT((0.,0.,0.));
#7637=IFCDIRECTION((0.,0.,1.));
#7638=IFCDIRECTION((1.,0.,0.));
#7639=IFCAXIS2PLACEMENT3D(#7636,#7637,#7638);
#7640=IFCDIRECTION((0.,0.,1.));
#7641=IFCEXTRUDEDAREASOLID(#7635,#7639,#7640,3.);
#7642=IFCSHAPEREPRESENTATION(#11,'Body','SweptSolid',(#7641));
#7643=IFCCARTESIANPOINTLIST2D(((0.,0.),(3.6419103647499682,0.)));
#7644=IFCINDEXEDPOLYCURVE(#7643,$,$);
#7645=IFCSHAPEREPRESENTATION(#23,'Axis','Curve2D',(#7644));
#7646=IFCCARTESIANPOINT((-3.3242657109132625,5.4198957919703226,0.));
#7647=IFCDIRECTION((0.,0.,1.));
#7648=IFCDIRECTION((0.99999992669370319,-0.00038290023279074326,0.));
#7649=IFCAXIS2PLACEMENT3D(#7646,#7647,#7648);
#7650=IFCLOCALPLACEMENT(#6235,#7649);
#7651=IFCCARTESIANPOINTLIST2D(((-0.10000000733352132,0.),(3.8297575877213608E-05,0.10000000000000001),(6.9501697243926532,0.10000000000000001),(7.0500394344779753,0.)));
#7652=IFCINDEXEDPOLYCURVE(#7651,(IFCLINEINDEX((1,2,3,4,1))),$);
#7653=IFCARBITRARYCLOSEDPROFILEDEF(.AREA.,$,#7652);
#7654=IFCCARTESIANPOINT((0.,0.,0.));
#7655=IFCDIRECTION((0.,0.,1.));
#7656=IFCDIRECTION((1.,0.,0.));
#7657=IFCAXIS2PLACEMENT3D(#7654,#7655,#7656);
#7658=IFCDIRECTION((0.,0.,1.));
#7659=IFCEXTRUDEDAREASOLID(#7653,#7657,#7658,3.);
#7660=IFCSHAPEREPRESENTATION(#11,'Body','SweptSolid',(#7659));
#7661=IFCCARTESIANPOINTLIST2D(((0.,0.),(7.0500394344779753,0.)));
#7662=IFCINDEXEDPOLYCURVE(#7661,$,$);
#7663=IFCSHAPEREPRESENTATION(#23,'Axis','Curve2D',(#7662));
#7664=IFCCARTESIANPOINT((-3.324265710913263,5.4198957919703226,0.));
#7665=IFCDIRECTION((0.,0.,1.));
#7666=IFCDIRECTION((7.5497901264043123E-08,-0.99999999999999722,0.));
#7667=IFCAXIS2PLACEMENT3D(#7664,#7665,#7666);
#7668=IFCLOCALPLACEMENT(#6235,#7667);
#7696=IFCRELCONNECTSPATHELEMENTS('38DlZr4mr15uBs3u__m1yS',$,$,$,$,#6368,#7556,(),(),.ATEND.,.ATEND.);
#7697=IFCCARTESIANPOINTLIST2D(((0.,0.),(0.,0.10000000000000001),(3.8999993408209099,0.10000000000000001),(3.999999342013397,0.)));
#7698=IFCINDEXEDPOLYCURVE(#7697,(IFCLINEINDEX((1,2,3,4,1))),$);
#7699=IFCARBITRARYCLOSEDPROFILEDEF(.AREA.,$,#7698);
#7700=IFCCARTESIANPOINT((0.,0.,0.));
#7701=IFCDIRECTION((0.,0.,1.));
#7702=IFCDIRECTION((1.,0.,0.));
#7703=IFCAXIS2PLACEMENT3D(#7700,#7701,#7702);
#7704=IFCDIRECTION((0.,0.,1.));
#7705=IFCEXTRUDEDAREASOLID(#7699,#7703,#7704,3.);
#7706=IFCSHAPEREPRESENTATION(#11,'Body','SweptSolid',(#7705));
#7707=IFCCARTESIANPOINTLIST2D(((0.,0.),(3.8999993420133974,0.)));
#7708=IFCINDEXEDPOLYCURVE(#7707,$,$);
#7709=IFCSHAPEREPRESENTATION(#23,'Axis','Curve2D',(#7708));
#7710=IFCCARTESIANPOINTLIST2D(((0.,0.),(0.,0.10000000000000001),(8.0047581040965436,0.10000000000000001),(7.9047581029040552,0.)));
#7711=IFCINDEXEDPOLYCURVE(#7710,(IFCLINEINDEX((1,2,3,4,1))),$);
#7712=IFCARBITRARYCLOSEDPROFILEDEF(.AREA.,$,#7711);
#7713=IFCCARTESIANPOINT((0.,0.,0.));
#7714=IFCDIRECTION((0.,0.,1.));
#7715=IFCDIRECTION((1.,0.,0.));
#7716=IFCAXIS2PLACEMENT3D(#7713,#7714,#7715);
#7717=IFCDIRECTION((0.,0.,1.));
#7718=IFCEXTRUDEDAREASOLID(#7712,#7716,#7717,3.);
#7719=IFCSHAPEREPRESENTATION(#11,'Body','SweptSolid',(#7718));
#7720=IFCCARTESIANPOINTLIST2D(((0.,0.),(8.0047581029040558,0.)));
#7721=IFCINDEXEDPOLYCURVE(#7720,$,$);
#7722=IFCSHAPEREPRESENTATION(#23,'Axis','Curve2D',(#7721));
#7723=IFCWALL('1cLOhydM1D5ALismoltFdd',$,'Wall',$,$,#7734,#7729,$,$);
#7724=IFCMATERIALLAYERSETUSAGE(#82,.AXIS2.,.POSITIVE.,0.,$);
#7725=IFCRELASSOCIATESMATERIAL('3zGdPACVz87hpM9CfAyxQ7',$,$,$,(#7723),#7724);
#7729=IFCPRODUCTDEFINITIONSHAPE($,$,(#7760,#7757));
#7730=IFCCARTESIANPOINT((-3.2242653369903564,2.5351135730743408,0.));
#7731=IFCDIRECTION((0.,0.,1.));
#7732=IFCDIRECTION((0.99999999867395672,5.1498413017648376E-05,0.));
#7733=IFCAXIS2PLACEMENT3D(#7730,#7731,#7732);
#7734=IFCLOCALPLACEMENT(#6235,#7733);
#7745=IFCPROPERTYSET('2$KgHTZWT06PxDt8oCRKJ5',$,'EPset_Parametric',$,(#7747));
#7746=IFCRELDEFINESBYPROPERTIES('3Yrbi2SAz4TAlzL9auSWaR',$,$,$,(#7723),#7745);
#7747=IFCPROPERTYSINGLEVALUE('Engine',$,IFCLABEL('Bonsai.DumbLayer2'),$);
#7748=IFCCARTESIANPOINTLIST2D(((0.,0.),(0.,0.10000000000000001),(3.5014908250459729,0.10000000000000001),(3.5014908250459729,0.)));
#7749=IFCINDEXEDPOLYCURVE(#7748,(IFCLINEINDEX((1,2,3,4,1))),$);
#7750=IFCARBITRARYCLOSEDPROFILEDEF(.AREA.,$,#7749);
#7751=IFCCARTESIANPOINT((0.,0.,0.));
#7752=IFCDIRECTION((0.,0.,1.));
#7753=IFCDIRECTION((1.,0.,0.));
#7754=IFCAXIS2PLACEMENT3D(#7751,#7752,#7753);
#7755=IFCDIRECTION((0.,0.,1.));
#7756=IFCEXTRUDEDAREASOLID(#7750,#7754,#7755,3.);
#7757=IFCSHAPEREPRESENTATION(#11,'Body','SweptSolid',(#7756));
#7758=IFCCARTESIANPOINTLIST2D(((0.,0.),(3.5014908250459729,0.)));
#7759=IFCINDEXEDPOLYCURVE(#7758,$,$);
#7760=IFCSHAPEREPRESENTATION(#23,'Axis','Curve2D',(#7759));
#7761=IFCWALL('1o7ff8e596X85pSmFkjzgf',$,'Wall',$,$,#8002,#7767,$,$);
#7762=IFCMATERIALLAYERSETUSAGE(#82,.AXIS2.,.POSITIVE.,0.,$);
#7763=IFCRELASSOCIATESMATERIAL('3fiNik7FbDCgBSvK_GgcUx',$,$,$,(#7761),#7762);
#7767=IFCPRODUCTDEFINITIONSHAPE($,$,(#7997,#7994));
#7783=IFCPROPERTYSET('1eoRkemKn5JfcndrT14PFe',$,'EPset_Parametric',$,(#7785));
#7784=IFCRELDEFINESBYPROPERTIES('3z9MdC_7PEFB$E6tUHRNpq',$,$,$,(#7761),#7783);
#7785=IFCPROPERTYSINGLEVALUE('Engine',$,IFCLABEL('Bonsai.DumbLayer2'),$);
#7786=IFCWALL('06OdtR22P9AR15DAaLfw5v',$,'Wall',$,$,#7893,#7792,$,$);
#7787=IFCMATERIALLAYERSETUSAGE(#82,.AXIS2.,.POSITIVE.,0.,$);
#7788=IFCRELASSOCIATESMATERIAL('3AHzGOfv9EZBg$EgOAnjLF',$,$,$,(#7786),#7787);
#7792=IFCPRODUCTDEFINITIONSHAPE($,$,(#7938,#7935));
#7808=IFCPROPERTYSET('07kLYKXhz6zhMsm_q2dCsY',$,'EPset_Parametric',$,(#7810));
#7809=IFCRELDEFINESBYPROPERTIES('2J1$3WJ6P7BPEJ4PS$wTpD',$,$,$,(#7786),#7808);
#7810=IFCPROPERTYSINGLEVALUE('Engine',$,IFCLABEL('Bonsai.DumbLayer2'),$);
#7811=IFCWALL('2QQ30xRhP5DPQIqDppjY1S',$,'Wall',$,$,#7925,#7817,$,$);
#7812=IFCMATERIALLAYERSETUSAGE(#82,.AXIS2.,.POSITIVE.,0.,$);
#7813=IFCRELASSOCIATESMATERIAL('3$dsEI0Hv9D9JoIpLM1MnW',$,$,$,(#7811),#7812);
#7817=IFCPRODUCTDEFINITIONSHAPE($,$,(#7952,#7949));
#7833=IFCPROPERTYSET('1JUZ70hlTD_ORLl42wosAj',$,'EPset_Parametric',$,(#7835));
#7834=IFCRELDEFINESBYPROPERTIES('0MSiO$dF910hrshdfkiRhd',$,$,$,(#7811),#7833);
#7835=IFCPROPERTYSINGLEVALUE('Engine',$,IFCLABEL('Bonsai.DumbLayer2'),$);
#7875=IFCRELCONNECTSPATHELEMENTS('1OdDJGpHn279qwwsuUt6uJ',$,$,$,$,#7786,#7761,(),(),.ATEND.,.ATSTART.);
#7889=IFCCARTESIANPOINT((0.22573400772370647,-2.1982164382106175,0.));
#7890=IFCDIRECTION((0.,0.,1.));
#7891=IFCDIRECTION((0.9999953579310219,0.0030469848059184175,0.));
#7892=IFCAXIS2PLACEMENT3D(#7889,#7890,#7891);
#7893=IFCLOCALPLACEMENT(#6235,#7892);
#7907=IFCRELCONNECTSPATHELEMENTS('1V0WkQQqbC7hpmQcxuL76o',$,$,$,$,#7811,#7786,(),(),.ATEND.,.ATSTART.);
#7921=IFCCARTESIANPOINT((1.8174643515992761,-2.1933664375236708,0.));
#7922=IFCDIRECTION((0.,0.,1.));
#7923=IFCDIRECTION((0.00060840043789660194,-0.99999981492443646,0.));
#7924=IFCAXIS2PLACEMENT3D(#7921,#7922,#7923);
#7925=IFCLOCALPLACEMENT(#6235,#7924);
#7926=IFCCARTESIANPOINTLIST2D(((0.,0.),(0.1003052043606782,0.10000000000000001),(1.6919818895563983,0.10000000000000001),(1.5917377328319204,0.)));
#7927=IFCINDEXEDPOLYCURVE(#7926,(IFCLINEINDEX((1,2,3,4,1))),$);
#7928=IFCARBITRARYCLOSEDPROFILEDEF(.AREA.,$,#7927);
#7929=IFCCARTESIANPOINT((0.,0.,0.));
#7930=IFCDIRECTION((0.,0.,1.));
#7931=IFCDIRECTION((1.,0.,0.));
#7932=IFCAXIS2PLACEMENT3D(#7929,#7930,#7931);
#7933=IFCDIRECTION((0.,0.,1.));
#7934=IFCEXTRUDEDAREASOLID(#7928,#7932,#7933,3.);
#7935=IFCSHAPEREPRESENTATION(#11,'Body','SweptSolid',(#7934));
#7936=IFCCARTESIANPOINTLIST2D(((0.,0.),(1.5917377328319204,0.)));
#7937=IFCINDEXEDPOLYCURVE(#7936,$,$);
#7938=IFCSHAPEREPRESENTATION(#23,'Axis','Curve2D',(#7937));
#7939=IFCRELCONNECTSPATHELEMENTS('0Hzk23u5DDURTJV0JHMpyC',$,$,$,$,#7811,#6978,(),(),.ATSTART.,.ATEND.);
#7940=IFCCARTESIANPOINTLIST2D(((0.,0.),(-0.10024415672447791,0.10000000000000001),(0.83683891507982644,0.10000000000000001),(0.93677809353233654,0.)));
#7941=IFCINDEXEDPOLYCURVE(#7940,(IFCLINEINDEX((1,2,3,4,1))),$);
#7942=IFCARBITRARYCLOSEDPROFILEDEF(.AREA.,$,#7941);
#7943=IFCCARTESIANPOINT((0.,0.,0.));
#7944=IFCDIRECTION((0.,0.,1.));
#7945=IFCDIRECTION((1.,0.,0.));
#7946=IFCAXIS2PLACEMENT3D(#7943,#7944,#7945);
#7947=IFCDIRECTION((0.,0.,1.));
#7948=IFCEXTRUDEDAREASOLID(#7942,#7946,#7947,3.);
#7949=IFCSHAPEREPRESENTATION(#11,'Body','SweptSolid',(#7948));
#7950=IFCCARTESIANPOINTLIST2D(((0.,0.),(0.93677809353233654,0.)));
#7951=IFCINDEXEDPOLYCURVE(#7950,$,$);
#7952=IFCSHAPEREPRESENTATION(#23,'Axis','Curve2D',(#7951));
#7966=IFCCARTESIANPOINT((1.8180342878015932,-3.1301443576812744,0.));
#7967=IFCDIRECTION((0.,0.,1.));
#7968=IFCDIRECTION((1.,0.,0.));
#7969=IFCAXIS2PLACEMENT3D(#7966,#7967,#7968);
#7970=IFCLOCALPLACEMENT(#6235,#7969);
#7971=IFCRELCONNECTSPATHELEMENTS('0CpcCDlD51Mfnfbb0fwxiT',$,$,$,$,#6468,#7761,(),(),.ATSTART.,.ATEND.);
#7972=IFCCARTESIANPOINTLIST2D(((0.,0.),(0.099869710085322097,0.10000000000000001),(3.6498721869387647,0.10000000000000001),(3.5500024292318013,0.)));
#7973=IFCINDEXEDPOLYCURVE(#7972,(IFCLINEINDEX((1,2,3,4,1))),$);
#7974=IFCARBITRARYCLOSEDPROFILEDEF(.AREA.,$,#7973);
#7975=IFCCARTESIANPOINT((0.,0.,0.));
#7976=IFCDIRECTION((0.,0.,1.));
#7977=IFCDIRECTION((1.,0.,0.));
#7978=IFCAXIS2PLACEMENT3D(#7975,#7976,#7977);
#7979=IFCDIRECTION((0.,0.,1.));
#7980=IFCEXTRUDEDAREASOLID(#7974,#7978,#7979,3.);
#7981=IFCSHAPEREPRESENTATION(#11,'Body','SweptSolid',(#7980));
#7982=IFCCARTESIANPOINTLIST2D(((0.,0.),(3.5500024292318013,0.)));
#7983=IFCINDEXEDPOLYCURVE(#7982,$,$);
#7984=IFCSHAPEREPRESENTATION(#23,'Axis','Curve2D',(#7983));
#7985=IFCCARTESIANPOINTLIST2D(((0.,0.),(-0.099869757706963339,0.10000000000000001),(0.46313955107976407,0.10000000000000001),(0.56344475544044226,0.)));
#7986=IFCINDEXEDPOLYCURVE(#7985,(IFCLINEINDEX((1,2,3,4,1))),$);
#7987=IFCARBITRARYCLOSEDPROFILEDEF(.AREA.,$,#7986);
#7988=IFCCARTESIANPOINT((0.,0.,0.));
#7989=IFCDIRECTION((0.,0.,1.));
#7990=IFCDIRECTION((1.,0.,0.));
#7991=IFCAXIS2PLACEMENT3D(#7988,#7989,#7990);
#7992=IFCDIRECTION((0.,0.,1.));
#7993=IFCEXTRUDEDAREASOLID(#7987,#7991,#7992,3.);
#7994=IFCSHAPEREPRESENTATION(#11,'Body','SweptSolid',(#7993));
#7995=IFCCARTESIANPOINTLIST2D(((0.,0.),(0.56344475544044226,0.)));
#7996=IFCINDEXEDPOLYCURVE(#7995,$,$);
#7997=IFCSHAPEREPRESENTATION(#23,'Axis','Curve2D',(#7996));
#7998=IFCCARTESIANPOINT((0.22573423385620997,-1.6347716827702203,0.));
#7999=IFCDIRECTION((0.,0.,1.));
#8000=IFCDIRECTION((-4.013392640444768E-07,-0.99999999999991962,0.));
#8001=IFCAXIS2PLACEMENT3D(#7998,#7999,#8000);
#8002=IFCLOCALPLACEMENT(#6235,#8001);
#8003=IFCWALL('3_Hqqq7Er3nRrMjmUMkQli',$,'Wall',$,$,#8014,#8009,$,$);
#8004=IFCMATERIALLAYERSETUSAGE(#82,.AXIS2.,.POSITIVE.,0.,$);
#8005=IFCRELASSOCIATESMATERIAL('0lFiNAGND2fAAXq_PF4jjM',$,$,$,(#8003),#8004);
#8009=IFCPRODUCTDEFINITIONSHAPE($,$,(#8040,#8037));
#8010=IFCCARTESIANPOINT((4.1377959251403809,5.0286655426025391,0.));
#8011=IFCDIRECTION((0.,0.,1.));
#8012=IFCDIRECTION((-0.99999275345834293,0.0038069713424082026,0.));
#8013=IFCAXIS2PLACEMENT3D(#8010,#8011,#8012);
#8014=IFCLOCALPLACEMENT(#6235,#8013);
#8025=IFCPROPERTYSET('1xXrQly4T5MfGed1L1WeZD',$,'EPset_Parametric',$,(#8027));
#8026=IFCRELDEFINESBYPROPERTIES('3V2yUCw71CuxGTt6ULoh5_',$,$,$,(#8003),#8025);
#8027=IFCPROPERTYSINGLEVALUE('Engine',$,IFCLABEL('Bonsai.DumbLayer2'),$);
#8028=IFCCARTESIANPOINTLIST2D(((0.,0.),(0.,0.10000000000000001),(3.8218041331148651,0.10000000000000001),(3.8218041331148651,0.)));
#8029=IFCINDEXEDPOLYCURVE(#8028,(IFCLINEINDEX((1,2,3,4,1))),$);
#8030=IFCARBITRARYCLOSEDPROFILEDEF(.AREA.,$,#8029);
#8031=IFCCARTESIANPOINT((0.,0.,0.));
#8032=IFCDIRECTION((0.,0.,1.));
#8033=IFCDIRECTION((1.,0.,0.));
#8034=IFCAXIS2PLACEMENT3D(#8031,#8032,#8033);
#8035=IFCDIRECTION((0.,0.,1.));
#8036=IFCEXTRUDEDAREASOLID(#8030,#8034,#8035,3.);
#8037=IFCSHAPEREPRESENTATION(#11,'Body','SweptSolid',(#8036));
#8038=IFCCARTESIANPOINTLIST2D(((0.,0.),(3.8218041331148651,0.)));
#8039=IFCINDEXEDPOLYCURVE(#8038,$,$);
#8040=IFCSHAPEREPRESENTATION(#23,'Axis','Curve2D',(#8039));
#8041=IFCWALL('3yuR7xFCvChRpez6yBia2v',$,'Wall',$,$,#8083,#8047,$,$);
#8042=IFCMATERIALLAYERSETUSAGE(#82,.AXIS2.,.POSITIVE.,0.,$);
#8043=IFCRELASSOCIATESMATERIAL('37VIAsndX7NOuKXM8jgPMx',$,$,$,(#8041),#8042);
#8047=IFCPRODUCTDEFINITIONSHAPE($,$,(#13186,#13183));
#8063=IFCPROPERTYSET('1FDcME9Lv4OA5BIdSgTWEE',$,'EPset_Parametric',$,(#8065));
#8064=IFCRELDEFINESBYPROPERTIES('18m5X0FHz4eRl2Sqsuh7Bc',$,$,$,(#8041),#8063);
#8065=IFCPROPERTYSINGLEVALUE('Engine',$,IFCLABEL('Bonsai.DumbLayer2'),$);
#8079=IFCCARTESIANPOINT((0.22573468089103699,0.39333704113960266,0.));
#8080=IFCDIRECTION((0.,0.,1.));
#8081=IFCDIRECTION((0.99997353827542956,-0.0072748023284464405,0.));
#8082=IFCAXIS2PLACEMENT3D(#8079,#8080,#8081);
#8083=IFCLOCALPLACEMENT(#6235,#8082);
#8084=IFCWINDOWTYPE('1AzscxXn1DkRIqSblAImcn',$,'Master''s BR-2F',$,$,(#8085),(#8087,#8095,#8143),$,$,.WINDOW.,.SINGLE_PANEL.,$,$);
#8085=IFCPROPERTYSET('0xz$AyC7L1LQmLIZ1IifIy',$,'BBIM_Window',$,(#8086));
#8086=IFCPROPERTYSINGLEVALUE('Data',$,IFCTEXT('{"window_type": "SINGLE_PANEL", "overall_height": 0.8999999761581421, "overall_width": 0.8023563027381897, "lining_properties": {"lining_depth": 0.05000000074505806, "lining_thickness": 0.05000000074505806, "lining_offset": 0.05000000074505806, "lining_to_panel_offset_x": 0.02500000037252903, "lining_to_panel_offset_y": 0.02500000037252903}, "panel_properties": {"frame_depth": [0.03500000014901161, 0.03500000014901161, 0.03500000014901161], "frame_thickness": [0.03500000014901161, 0.03500000014901161, 0.03500000014901161]}}'),$);
#8087=IFCREPRESENTATIONMAP(#8088,#8390);
#8088=IFCAXIS2PLACEMENT3D(#8089,#8090,#8091);
#8089=IFCCARTESIANPOINT((0.,0.,0.));
#8090=IFCDIRECTION((0.,0.,1.));
#8091=IFCDIRECTION((1.,0.,0.));
#8095=IFCREPRESENTATIONMAP(#8096,#8433);
#8096=IFCAXIS2PLACEMENT3D(#8097,#8098,#8099);
#8097=IFCCARTESIANPOINT((0.,0.,0.));
#8098=IFCDIRECTION((0.,0.,1.));
#8099=IFCDIRECTION((1.,0.,0.));
#8143=IFCREPRESENTATIONMAP(#8144,#8450);
#8144=IFCAXIS2PLACEMENT3D(#8145,#8146,#8147);
#8145=IFCCARTESIANPOINT((0.,0.,0.));
#8146=IFCDIRECTION((0.,0.,1.));
#8147=IFCDIRECTION((1.,0.,0.));
#8165=IFCWINDOW('3_SLRqI1b89eVA$K3hXHpj',$,'Window',$,$,#8795,#8174,$,0.89999997615814209,0.8023563027381897,$,.SINGLE_PANEL.,$);
#8166=IFCRELDEFINESBYTYPE('3xEEJ0cBL7SQEDC5TvI1JZ',$,$,$,(#8165,#8230),#8084);
#8167=IFCCARTESIANPOINT((0.,0.,0.));
#8168=IFCDIRECTION((1.,0.,0.));
#8169=IFCDIRECTION((0.,1.,0.));
#8170=IFCDIRECTION((0.,0.,1.));
#8171=IFCCARTESIANTRANSFORMATIONOPERATOR3D(#8168,#8169,#8167,1.,#8170);
#8172=IFCMAPPEDITEM(#8087,#8171);
#8173=IFCSHAPEREPRESENTATION(#18,'Profile','MappedRepresentation',(#8172));
#8174=IFCPRODUCTDEFINITIONSHAPE($,$,(#8173,#8181,#8188));
#8175=IFCCARTESIANPOINT((0.,0.,0.));
#8176=IFCDIRECTION((1.,0.,0.));
#8177=IFCDIRECTION((0.,1.,0.));
#8178=IFCDIRECTION((0.,0.,1.));
#8179=IFCCARTESIANTRANSFORMATIONOPERATOR3D(#8176,#8177,#8175,1.,#8178);
#8180=IFCMAPPEDITEM(#8095,#8179);
#8181=IFCSHAPEREPRESENTATION(#11,'Body','MappedRepresentation',(#8180));
#8182=IFCCARTESIANPOINT((0.,0.,0.));
#8183=IFCDIRECTION((1.,0.,0.));
#8184=IFCDIRECTION((0.,1.,0.));
#8185=IFCDIRECTION((0.,0.,1.));
#8186=IFCCARTESIANTRANSFORMATIONOPERATOR3D(#8183,#8184,#8182,1.,#8185);
#8187=IFCMAPPEDITEM(#8143,#8186);
#8188=IFCSHAPEREPRESENTATION(#24,'Body','MappedRepresentation',(#8187));
#8189=IFCOPENINGELEMENT('2bgfM9Nxj3LOSqBS7uyacY',$,'Opening',$,$,#8500,#8217,$,.OPENING.);
#8205=IFCCARTESIANPOINT((0.,0.,0.));
#8206=IFCDIRECTION((1.,0.,0.));
#8207=IFCDIRECTION((0.,0.,1.));
#8208=IFCAXIS2PLACEMENT3D(#8205,#8207,#8206);
#8209=IFCREPRESENTATIONMAP(#8208,#8460);
#8210=IFCCARTESIANPOINT((0.,0.,0.));
#8211=IFCDIRECTION((1.,0.,0.));
#8212=IFCDIRECTION((0.,1.,0.));
#8213=IFCDIRECTION((0.,0.,1.));
#8214=IFCCARTESIANTRANSFORMATIONOPERATOR3D(#8211,#8212,#8210,1.,#8213);
#8215=IFCMAPPEDITEM(#8209,#8214);
#8216=IFCSHAPEREPRESENTATION(#11,'Body','MappedRepresentation',(#8215));
#8217=IFCPRODUCTDEFINITIONSHAPE($,$,(#8216));
#8218=IFCRELVOIDSELEMENT('2HGqZHqAj6OfGV80meOCNw',$,$,$,#6443,#8189);
#8224=IFCRELFILLSELEMENT('2TwI1l5d931fKyxyGJNKGp',$,$,$,#8189,#8165);
#8230=IFCWINDOW('3SCWRTKlj7CPXFHVfN07J2',$,'Window',$,$,#8800,#8238,$,0.89999997615814209,0.8023563027381897,$,$,$);
#8231=IFCCARTESIANPOINT((0.,0.,0.));
#8232=IFCDIRECTION((1.,0.,0.));
#8233=IFCDIRECTION((0.,1.,0.));
#8234=IFCDIRECTION((0.,0.,1.));
#8235=IFCCARTESIANTRANSFORMATIONOPERATOR3D(#8232,#8233,#8231,1.,#8234);
#8236=IFCMAPPEDITEM(#8087,#8235);
#8237=IFCSHAPEREPRESENTATION(#18,'Profile','MappedRepresentation',(#8236));
#8238=IFCPRODUCTDEFINITIONSHAPE($,$,(#8237,#8245,#8252));
#8239=IFCCARTESIANPOINT((0.,0.,0.));
#8240=IFCDIRECTION((1.,0.,0.));
#8241=IFCDIRECTION((0.,1.,0.));
#8242=IFCDIRECTION((0.,0.,1.));
#8243=IFCCARTESIANTRANSFORMATIONOPERATOR3D(#8240,#8241,#8239,1.,#8242);
#8244=IFCMAPPEDITEM(#8095,#8243);
#8245=IFCSHAPEREPRESENTATION(#11,'Body','MappedRepresentation',(#8244));
#8246=IFCCARTESIANPOINT((0.,0.,0.));
#8247=IFCDIRECTION((1.,0.,0.));
#8248=IFCDIRECTION((0.,1.,0.));
#8249=IFCDIRECTION((0.,0.,1.));
#8250=IFCCARTESIANTRANSFORMATIONOPERATOR3D(#8247,#8248,#8246,1.,#8249);
#8251=IFCMAPPEDITEM(#8143,#8250);
#8252=IFCSHAPEREPRESENTATION(#24,'Body','MappedRepresentation',(#8251));
#8253=IFCOPENINGELEMENT('1mbANSeUrDbQoBATwzqbZ8',$,'Opening',$,$,#8515,#8266,$,.OPENING.);
#8259=IFCCARTESIANPOINT((0.,0.,0.));
#8260=IFCDIRECTION((1.,0.,0.));
#8261=IFCDIRECTION((0.,1.,0.));
#8262=IFCDIRECTION((0.,0.,1.));
#8263=IFCCARTESIANTRANSFORMATIONOPERATOR3D(#8260,#8261,#8259,1.,#8262);
#8264=IFCMAPPEDITEM(#8209,#8263);
#8265=IFCSHAPEREPRESENTATION(#11,'Body','MappedRepresentation',(#8264));
#8266=IFCPRODUCTDEFINITIONSHAPE($,$,(#8265));
#8267=IFCRELVOIDSELEMENT('06eoT2vOLDLQcSSwG$Onhj',$,$,$,#6443,#8253);
#8273=IFCRELFILLSELEMENT('3RUhmPfk11afjskYALgVy$',$,$,$,#8253,#8230);
#8282=IFCCARTESIANPOINTLIST2D(((0.,0.),(0.8023563027381897,0.),(0.8023563027381897,0.89999997615814209),(0.,0.89999997615814209)));
#8283=IFCINDEXEDPOLYCURVE(#8282,(IFCLINEINDEX((1,2,3,4,1))),$);
#8284=IFCCARTESIANPOINTLIST2D(((0.02500000037252903,0.02500000037252903),(0.77735630236566067,0.02500000037252903),(0.77735630236566067,0.87499997578561306),(0.02500000037252903,0.87499997578561306)));
#8285=IFCINDEXEDPOLYCURVE(#8284,(IFCLINEINDEX((1,2,3,4,1))),$);
#8286=IFCARBITRARYPROFILEDEFWITHVOIDS(.AREA.,$,#8283,(#8285));
#8287=IFCCARTESIANPOINT((0.,0.090000001713633537,0.));
#8288=IFCDIRECTION((0.,-1.,0.));
#8289=IFCDIRECTION((1.,0.,0.));
#8290=IFCAXIS2PLACEMENT3D(#8287,#8288,#8289);
#8291=IFCDIRECTION((0.,0.,-1.));
#8292=IFCEXTRUDEDAREASOLID(#8286,#8290,#8291,0.0099999997764825821);
#8293=IFCCARTESIANPOINTLIST2D(((0.,0.),(0.8023563027381897,0.),(0.8023563027381897,0.89999997615814209),(0.,0.89999997615814209)));
#8294=IFCINDEXEDPOLYCURVE(#8293,(IFCLINEINDEX((1,2,3,4,1))),$);
#8295=IFCCARTESIANPOINTLIST2D(((0.05000000074505806,0.05000000074505806),(0.75235630199313164,0.05000000074505806),(0.75235630199313164,0.84999997541308403),(0.05000000074505806,0.84999997541308403)));
#8296=IFCINDEXEDPOLYCURVE(#8295,(IFCLINEINDEX((1,2,3,4,1))),$);
#8297=IFCARBITRARYPROFILEDEFWITHVOIDS(.AREA.,$,#8294,(#8296));
#8298=IFCCARTESIANPOINT((0.,0.05000000074505806,0.));
#8299=IFCDIRECTION((0.,-1.,0.));
#8300=IFCDIRECTION((1.,0.,0.));
#8301=IFCAXIS2PLACEMENT3D(#8298,#8299,#8300);
#8302=IFCDIRECTION((0.,0.,-1.));
#8303=IFCEXTRUDEDAREASOLID(#8297,#8301,#8302,0.040000000968575478);
#8304=IFCCARTESIANPOINTLIST2D(((0.,0.),(0.75235630199313164,0.),(0.75235630199313164,0.84999997541308403),(0.,0.84999997541308403)));
#8305=IFCINDEXEDPOLYCURVE(#8304,(IFCLINEINDEX((1,2,3,4,1))),$);
#8306=IFCCARTESIANPOINTLIST2D(((0.035000000149011612,0.035000000149011612),(0.71735630184412003,0.035000000149011612),(0.71735630184412003,0.81499997526407242),(0.035000000149011612,0.81499997526407242)));
#8307=IFCINDEXEDPOLYCURVE(#8306,(IFCLINEINDEX((1,2,3,4,1))),$);
#8308=IFCARBITRARYPROFILEDEFWITHVOIDS(.AREA.,$,#8305,(#8307));
#8309=IFCCARTESIANPOINT((0.02500000037252903,0.090000001713633537,0.02500000037252903));
#8310=IFCDIRECTION((0.,-1.,0.));
#8311=IFCDIRECTION((1.,0.,0.));
#8312=IFCAXIS2PLACEMENT3D(#8309,#8310,#8311);
#8313=IFCDIRECTION((0.,0.,-1.));
#8314=IFCEXTRUDEDAREASOLID(#8308,#8312,#8313,0.035000000149011612);
#8315=IFCINDEXEDPOLYCURVE(#8316,(IFCLINEINDEX((1,2,3,4,1))),$);
#8316=IFCCARTESIANPOINTLIST2D(((0.035000000149011612,0.035000000149011612),(0.71735630184412003,0.035000000149011612),(0.71735630184412003,0.81499997526407242),(0.035000000149011612,0.81499997526407242)));
#8317=IFCARBITRARYCLOSEDPROFILEDEF(.AREA.,$,#8315);
#8318=IFCCARTESIANPOINT((0.02500000037252903,0.10250000178813934,0.02500000037252903));
#8319=IFCDIRECTION((0.,-1.,0.));
#8320=IFCDIRECTION((1.,0.,0.));
#8321=IFCAXIS2PLACEMENT3D(#8318,#8319,#8320);
#8322=IFCDIRECTION((0.,0.,-1.));
#8323=IFCEXTRUDEDAREASOLID(#8317,#8321,#8322,0.01);
#8325=IFCSHAPEREPRESENTATION(#11,'Body','SweptSolid',(#8303,#8292,#8401,#8412));
#8326=IFCSHAPEASPECT((#8325),'Lining',$,.T.,#8174);
#8327=IFCSHAPEREPRESENTATION(#11,'Body','SweptSolid',(#8314,#8423));
#8328=IFCSHAPEASPECT((#8327),'Framing',$,.T.,#8174);
#8329=IFCSHAPEREPRESENTATION(#11,'Body','SweptSolid',(#8323,#8432));
#8330=IFCSHAPEASPECT((#8329),'Glazing',$,.T.,#8174);
#8388=IFCCARTESIANPOINTLIST3D(((0.,0.,0.),(0.8023563027381897,0.,0.),(0.8023563027381897,0.,0.89999997615814209),(0.,0.,0.89999997615814209)));
#8389=IFCINDEXEDPOLYCURVE(#8388,(IFCLINEINDEX((1,2,3,4,1))),$);
#8390=IFCSHAPEREPRESENTATION(#18,'Profile','Curve3D',(#8389));
#8391=IFCCARTESIANPOINTLIST2D(((0.,0.),(0.8023563027381897,0.),(0.8023563027381897,0.89999997615814209),(0.,0.89999997615814209)));
#8392=IFCINDEXEDPOLYCURVE(#8391,(IFCLINEINDEX((1,2,3,4,1))),$);
#8393=IFCCARTESIANPOINTLIST2D(((0.02500000037252903,0.02500000037252903),(0.77735630236566067,0.02500000037252903),(0.77735630236566067,0.87499997578561306),(0.02500000037252903,0.87499997578561306)));
#8394=IFCINDEXEDPOLYCURVE(#8393,(IFCLINEINDEX((1,2,3,4,1))),$);
#8395=IFCARBITRARYPROFILEDEFWITHVOIDS(.AREA.,$,#8392,(#8394));
#8396=IFCCARTESIANPOINT((0.,0.090000001713633537,0.));
#8397=IFCDIRECTION((0.,-1.,0.));
#8398=IFCDIRECTION((1.,0.,0.));
#8399=IFCAXIS2PLACEMENT3D(#8396,#8397,#8398);
#8400=IFCDIRECTION((0.,0.,-1.));
#8401=IFCEXTRUDEDAREASOLID(#8395,#8399,#8400,0.0099999997764825821);
#8402=IFCCARTESIANPOINTLIST2D(((0.,0.),(0.8023563027381897,0.),(0.8023563027381897,0.89999997615814209),(0.,0.89999997615814209)));
#8403=IFCINDEXEDPOLYCURVE(#8402,(IFCLINEINDEX((1,2,3,4,1))),$);
#8404=IFCCARTESIANPOINTLIST2D(((0.05000000074505806,0.05000000074505806),(0.75235630199313164,0.05000000074505806),(0.75235630199313164,0.84999997541308403),(0.05000000074505806,0.84999997541308403)));
#8405=IFCINDEXEDPOLYCURVE(#8404,(IFCLINEINDEX((1,2,3,4,1))),$);
#8406=IFCARBITRARYPROFILEDEFWITHVOIDS(.AREA.,$,#8403,(#8405));
#8407=IFCCARTESIANPOINT((0.,0.05000000074505806,0.));
#8408=IFCDIRECTION((0.,-1.,0.));
#8409=IFCDIRECTION((1.,0.,0.));
#8410=IFCAXIS2PLACEMENT3D(#8407,#8408,#8409);
#8411=IFCDIRECTION((0.,0.,-1.));
#8412=IFCEXTRUDEDAREASOLID(#8406,#8410,#8411,0.040000000968575478);
#8413=IFCCARTESIANPOINTLIST2D(((0.,0.),(0.75235630199313164,0.),(0.75235630199313164,0.84999997541308403),(0.,0.84999997541308403)));
#8414=IFCINDEXEDPOLYCURVE(#8413,(IFCLINEINDEX((1,2,3,4,1))),$);
#8415=IFCCARTESIANPOINTLIST2D(((0.035000000149011612,0.035000000149011612),(0.71735630184412003,0.035000000149011612),(0.71735630184412003,0.81499997526407242),(0.035000000149011612,0.81499997526407242)));
#8416=IFCINDEXEDPOLYCURVE(#8415,(IFCLINEINDEX((1,2,3,4,1))),$);
#8417=IFCARBITRARYPROFILEDEFWITHVOIDS(.AREA.,$,#8414,(#8416));
#8418=IFCCARTESIANPOINT((0.02500000037252903,0.090000001713633537,0.02500000037252903));
#8419=IFCDIRECTION((0.,-1.,0.));
#8420=IFCDIRECTION((1.,0.,0.));
#8421=IFCAXIS2PLACEMENT3D(#8418,#8419,#8420);
#8422=IFCDIRECTION((0.,0.,-1.));
#8423=IFCEXTRUDEDAREASOLID(#8417,#8421,#8422,0.035000000149011612);
#8424=IFCINDEXEDPOLYCURVE(#8425,(IFCLINEINDEX((1,2,3,4,1))),$);
#8425=IFCCARTESIANPOINTLIST2D(((0.035000000149011612,0.035000000149011612),(0.71735630184412003,0.035000000149011612),(0.71735630184412003,0.81499997526407242),(0.035000000149011612,0.81499997526407242)));
#8426=IFCARBITRARYCLOSEDPROFILEDEF(.AREA.,$,#8424);
#8427=IFCCARTESIANPOINT((0.02500000037252903,0.10250000178813934,0.02500000037252903));
#8428=IFCDIRECTION((0.,-1.,0.));
#8429=IFCDIRECTION((1.,0.,0.));
#8430=IFCAXIS2PLACEMENT3D(#8427,#8428,#8429);
#8431=IFCDIRECTION((0.,0.,-1.));
#8432=IFCEXTRUDEDAREASOLID(#8426,#8430,#8431,0.01);
#8433=IFCSHAPEREPRESENTATION(#11,'Body','SweptSolid',(#8401,#8412,#8423,#8432));
#8434=IFCCARTESIANPOINTLIST2D(((0.05000000074505806,0.05000000074505806),(0.75235630199313164,0.05000000074505806)));
#8435=IFCINDEXEDPOLYCURVE(#8434,$,$);
#8436=IFCCARTESIANPOINTLIST2D(((0.,0.10000000149011612),(0.02500000037252903,0.10000000149011612),(0.02500000037252903,0.090000001713633537),(0.05000000074505806,0.090000001713633537),(0.05000000074505806,0.05000000074505806),(0.,0.05000000074505806)));
#8437=IFCINDEXEDPOLYCURVE(#8436,(IFCLINEINDEX((1,2,3,4,5,6,1))),$);
#8438=IFCCARTESIANPOINTLIST2D(((0.8023563027381897,0.10000000149011612),(0.77735630236566067,0.10000000149011612),(0.77735630236566067,0.090000001713633537),(0.75235630199313164,0.090000001713633537),(0.75235630199313164,0.05000000074505806),(0.8023563027381897,0.05000000074505806)));
#8439=IFCINDEXEDPOLYCURVE(#8438,(IFCLINEINDEX((1,2,3,4,5,6,1))),$);
#8440=IFCCARTESIANPOINTLIST2D(((0.02500000037252903,0.090000001713633537),(0.060000000521540642,0.090000001713633537),(0.060000000521540642,0.12500000186264515),(0.02500000037252903,0.12500000186264515)));
#8441=IFCINDEXEDPOLYCURVE(#8440,(IFCLINEINDEX((1,2,3,4,1))),$);
#8442=IFCINDEXEDPOLYCURVE(#8443,(IFCLINEINDEX((1,2,3,4,1))),$);
#8443=IFCCARTESIANPOINTLIST2D(((0.77735630236566067,0.090000001713633537),(0.74235630221664906,0.090000001713633537),(0.74235630221664906,0.12500000186264515),(0.77735630236566067,0.12500000186264515)));
#8444=IFCCARTESIANPOINTLIST2D(((0.060000000521540642,0.090000001713633537),(0.74235630221664906,0.090000001713633537)));
#8445=IFCINDEXEDPOLYCURVE(#8444,$,$);
#8446=IFCINDEXEDPOLYCURVE(#8447,$,$);
#8447=IFCCARTESIANPOINTLIST2D(((0.060000000521540642,0.12500000186264515),(0.74235630221664906,0.12500000186264515)));
#8448=IFCINDEXEDPOLYCURVE(#8449,$,$);
#8449=IFCCARTESIANPOINTLIST2D(((0.060000000521540642,0.10750000178813934),(0.74235630221664906,0.10750000178813934)));
#8450=IFCSHAPEREPRESENTATION(#24,'Body','Curve2D',(#8435,#8437,#8439,#8441,#8442,#8445,#8446,#8448));
#8451=IFCCARTESIANPOINTLIST2D(((0.,0.),(0.8023563027381897,0.),(0.8023563027381897,0.89999997615814209),(0.,0.89999997615814209)));
#8452=IFCINDEXEDPOLYCURVE(#8451,(IFCLINEINDEX((1,2,3,4,1))),$);
#8453=IFCARBITRARYCLOSEDPROFILEDEF(.AREA.,$,#8452);
#8454=IFCCARTESIANPOINT((0.,-0.60000002384185791,0.));
#8455=IFCDIRECTION((0.,-1.,0.));
#8456=IFCDIRECTION((1.,0.,0.));
#8457=IFCAXIS2PLACEMENT3D(#8454,#8455,#8456);
#8458=IFCDIRECTION((0.,0.,-1.));
#8459=IFCEXTRUDEDAREASOLID(#8453,#8457,#8458,1.2);
#8460=IFCSHAPEREPRESENTATION(#11,'Body','SweptSolid',(#8459));
#8496=IFCCARTESIANPOINT((6.0220242976771994,9.6831445883793776E-07,1.));
#8497=IFCDIRECTION((0.,0.,1.));
#8498=IFCDIRECTION((0.99999999999999289,1.1920928244535129E-07,0.));
#8499=IFCAXIS2PLACEMENT3D(#8496,#8497,#8498);
#8500=IFCLOCALPLACEMENT(#7668,#8499);
#8511=IFCCARTESIANPOINT((3.460948133431565,6.8483317594569826E-07,1.));
#8512=IFCDIRECTION((0.,0.,1.));
#8513=IFCDIRECTION((0.99999999999999289,1.1920928244535129E-07,0.));
#8514=IFCAXIS2PLACEMENT3D(#8511,#8512,#8513);
#8515=IFCLOCALPLACEMENT(#7668,#8514);
#8521=IFCWINDOWTYPE('3$Ql2vmQP4bhrkrLJWIG3g',$,'Bedroom-1-1-2F',$,$,(#8522),(#8524,#8532,#8580),$,$,.WINDOW.,.SINGLE_PANEL.,$,$);
#8522=IFCPROPERTYSET('2f2r1XdP9AdResm6f_tKb9',$,'BBIM_Window',$,(#8523));
#8523=IFCPROPERTYSINGLEVALUE('Data',$,IFCTEXT('{"window_type": "SINGLE_PANEL", "overall_height": 0.8999999761581421, "overall_width": 0.8023563027381897, "lining_properties": {"lining_depth": 0.05000000074505806, "lining_thickness": 0.05000000074505806, "lining_offset": 0.05000000074505806, "lining_to_panel_offset_x": 0.02500000037252903, "lining_to_panel_offset_y": 0.02500000037252903}, "panel_properties": {"frame_depth": [0.03500000014901161, 0.03500000014901161, 0.03500000014901161], "frame_thickness": [0.03500000014901161, 0.03500000014901161, 0.03500000014901161]}}'),$);
#8524=IFCREPRESENTATIONMAP(#8525,#8669);
#8525=IFCAXIS2PLACEMENT3D(#8526,#8527,#8528);
#8526=IFCCARTESIANPOINT((0.,0.,0.));
#8527=IFCDIRECTION((0.,0.,1.));
#8528=IFCDIRECTION((1.,0.,0.));
#8532=IFCREPRESENTATIONMAP(#8533,#8712);
#8533=IFCAXIS2PLACEMENT3D(#8534,#8535,#8536);
#8534=IFCCARTESIANPOINT((0.,0.,0.));
#8535=IFCDIRECTION((0.,0.,1.));
#8536=IFCDIRECTION((1.,0.,0.));
#8580=IFCREPRESENTATIONMAP(#8581,#8735);
#8581=IFCAXIS2PLACEMENT3D(#8582,#8583,#8584);
#8582=IFCCARTESIANPOINT((0.,0.,0.));
#8583=IFCDIRECTION((0.,0.,1.));
#8584=IFCDIRECTION((1.,0.,0.));
#8602=IFCWINDOW('1Wi7jyJtLDmB0tNi31sj9j',$,'Window',$,$,#8805,#8611,$,0.89999997615814209,0.8023563027381897,$,.SINGLE_PANEL.,$);
#8603=IFCRELDEFINESBYTYPE('2FqJP$ukrDuAXsJw6C5qR6',$,$,$,(#8602),#8521);
#8604=IFCCARTESIANPOINT((0.,0.,0.));
#8605=IFCDIRECTION((1.,0.,0.));
#8606=IFCDIRECTION((0.,1.,0.));
#8607=IFCDIRECTION((0.,0.,1.));
#8608=IFCCARTESIANTRANSFORMATIONOPERATOR3D(#8605,#8606,#8604,1.,#8607);
#8609=IFCMAPPEDITEM(#8524,#8608);
#8610=IFCSHAPEREPRESENTATION(#18,'Profile','MappedRepresentation',(#8609));
#8611=IFCPRODUCTDEFINITIONSHAPE($,$,(#8610,#8618,#8625));
#8612=IFCCARTESIANPOINT((0.,0.,0.));
#8613=IFCDIRECTION((1.,0.,0.));
#8614=IFCDIRECTION((0.,1.,0.));
#8615=IFCDIRECTION((0.,0.,1.));
#8616=IFCCARTESIANTRANSFORMATIONOPERATOR3D(#8613,#8614,#8612,1.,#8615);
#8617=IFCMAPPEDITEM(#8532,#8616);
#8618=IFCSHAPEREPRESENTATION(#11,'Body','MappedRepresentation',(#8617));
#8619=IFCCARTESIANPOINT((0.,0.,0.));
#8620=IFCDIRECTION((1.,0.,0.));
#8621=IFCDIRECTION((0.,1.,0.));
#8622=IFCDIRECTION((0.,0.,1.));
#8623=IFCCARTESIANTRANSFORMATIONOPERATOR3D(#8620,#8621,#8619,1.,#8622);
#8624=IFCMAPPEDITEM(#8580,#8623);
#8625=IFCSHAPEREPRESENTATION(#24,'Body','MappedRepresentation',(#8624));
#8626=IFCOPENINGELEMENT('2LEhfYm3H85wc0qklSaJj7',$,'Opening',$,$,#8785,#8654,$,.OPENING.);
#8642=IFCCARTESIANPOINT((0.,0.,0.));
#8643=IFCDIRECTION((1.,0.,0.));
#8644=IFCDIRECTION((0.,0.,1.));
#8645=IFCAXIS2PLACEMENT3D(#8642,#8644,#8643);
#8646=IFCREPRESENTATIONMAP(#8645,#8745);
#8647=IFCCARTESIANPOINT((0.,0.,0.));
#8648=IFCDIRECTION((1.,0.,0.));
#8649=IFCDIRECTION((0.,1.,0.));
#8650=IFCDIRECTION((0.,0.,1.));
#8651=IFCCARTESIANTRANSFORMATIONOPERATOR3D(#8648,#8649,#8647,1.,#8650);
#8652=IFCMAPPEDITEM(#8646,#8651);
#8653=IFCSHAPEREPRESENTATION(#11,'Body','MappedRepresentation',(#8652));
#8654=IFCPRODUCTDEFINITIONSHAPE($,$,(#8653));
#8655=IFCRELVOIDSELEMENT('3pg0zVweL01gKoM8$ChC4v',$,$,$,#6443,#8626);
#8661=IFCRELFILLSELEMENT('3Wq3C1i5P9eRQBmPIT$Y4o',$,$,$,#8626,#8602);
#8667=IFCCARTESIANPOINTLIST3D(((0.,0.,0.),(0.8023563027381897,0.,0.),(0.8023563027381897,0.,0.89999997615814209),(0.,0.,0.89999997615814209)));
#8668=IFCINDEXEDPOLYCURVE(#8667,(IFCLINEINDEX((1,2,3,4,1))),$);
#8669=IFCSHAPEREPRESENTATION(#18,'Profile','Curve3D',(#8668));
#8670=IFCCARTESIANPOINTLIST2D(((0.,0.),(0.8023563027381897,0.),(0.8023563027381897,0.89999997615814209),(0.,0.89999997615814209)));
#8671=IFCINDEXEDPOLYCURVE(#8670,(IFCLINEINDEX((1,2,3,4,1))),$);
#8672=IFCCARTESIANPOINTLIST2D(((0.02500000037252903,0.02500000037252903),(0.77735630236566067,0.02500000037252903),(0.77735630236566067,0.87499997578561306),(0.02500000037252903,0.87499997578561306)));
#8673=IFCINDEXEDPOLYCURVE(#8672,(IFCLINEINDEX((1,2,3,4,1))),$);
#8674=IFCARBITRARYPROFILEDEFWITHVOIDS(.AREA.,$,#8671,(#8673));
#8675=IFCCARTESIANPOINT((0.,0.090000001713633537,0.));
#8676=IFCDIRECTION((0.,-1.,0.));
#8677=IFCDIRECTION((1.,0.,0.));
#8678=IFCAXIS2PLACEMENT3D(#8675,#8676,#8677);
#8679=IFCDIRECTION((0.,0.,-1.));
#8680=IFCEXTRUDEDAREASOLID(#8674,#8678,#8679,0.0099999997764825821);
#8681=IFCCARTESIANPOINTLIST2D(((0.,0.),(0.8023563027381897,0.),(0.8023563027381897,0.89999997615814209),(0.,0.89999997615814209)));
#8682=IFCINDEXEDPOLYCURVE(#8681,(IFCLINEINDEX((1,2,3,4,1))),$);
#8683=IFCCARTESIANPOINTLIST2D(((0.05000000074505806,0.05000000074505806),(0.75235630199313164,0.05000000074505806),(0.75235630199313164,0.84999997541308403),(0.05000000074505806,0.84999997541308403)));
#8684=IFCINDEXEDPOLYCURVE(#8683,(IFCLINEINDEX((1,2,3,4,1))),$);
#8685=IFCARBITRARYPROFILEDEFWITHVOIDS(.AREA.,$,#8682,(#8684));
#8686=IFCCARTESIANPOINT((0.,0.05000000074505806,0.));
#8687=IFCDIRECTION((0.,-1.,0.));
#8688=IFCDIRECTION((1.,0.,0.));
#8689=IFCAXIS2PLACEMENT3D(#8686,#8687,#8688);
#8690=IFCDIRECTION((0.,0.,-1.));
#8691=IFCEXTRUDEDAREASOLID(#8685,#8689,#8690,0.040000000968575478);
#8692=IFCCARTESIANPOINTLIST2D(((0.,0.),(0.75235630199313164,0.),(0.75235630199313164,0.84999997541308403),(0.,0.84999997541308403)));
#8693=IFCINDEXEDPOLYCURVE(#8692,(IFCLINEINDEX((1,2,3,4,1))),$);
#8694=IFCCARTESIANPOINTLIST2D(((0.035000000149011612,0.035000000149011612),(0.71735630184412003,0.035000000149011612),(0.71735630184412003,0.81499997526407242),(0.035000000149011612,0.81499997526407242)));
#8695=IFCINDEXEDPOLYCURVE(#8694,(IFCLINEINDEX((1,2,3,4,1))),$);
#8696=IFCARBITRARYPROFILEDEFWITHVOIDS(.AREA.,$,#8693,(#8695));
#8697=IFCCARTESIANPOINT((0.02500000037252903,0.090000001713633537,0.02500000037252903));
#8698=IFCDIRECTION((0.,-1.,0.));
#8699=IFCDIRECTION((1.,0.,0.));
#8700=IFCAXIS2PLACEMENT3D(#8697,#8698,#8699);
#8701=IFCDIRECTION((0.,0.,-1.));
#8702=IFCEXTRUDEDAREASOLID(#8696,#8700,#8701,0.035000000149011612);
#8703=IFCINDEXEDPOLYCURVE(#8704,(IFCLINEINDEX((1,2,3,4,1))),$);
#8704=IFCCARTESIANPOINTLIST2D(((0.035000000149011612,0.035000000149011612),(0.71735630184412003,0.035000000149011612),(0.71735630184412003,0.81499997526407242),(0.035000000149011612,0.81499997526407242)));
#8705=IFCARBITRARYCLOSEDPROFILEDEF(.AREA.,$,#8703);
#8706=IFCCARTESIANPOINT((0.02500000037252903,0.10250000178813934,0.02500000037252903));
#8707=IFCDIRECTION((0.,-1.,0.));
#8708=IFCDIRECTION((1.,0.,0.));
#8709=IFCAXIS2PLACEMENT3D(#8706,#8707,#8708);
#8710=IFCDIRECTION((0.,0.,-1.));
#8711=IFCEXTRUDEDAREASOLID(#8705,#8709,#8710,0.01);
#8712=IFCSHAPEREPRESENTATION(#11,'Body','SweptSolid',(#8680,#8691,#8702,#8711));
#8713=IFCSHAPEREPRESENTATION(#11,'Body','SweptSolid',(#8680,#8691));
#8714=IFCSHAPEASPECT((#8713),'Lining',$,.T.,#8611);
#8715=IFCSHAPEREPRESENTATION(#11,'Body','SweptSolid',(#8702));
#8716=IFCSHAPEASPECT((#8715),'Framing',$,.T.,#8611);
#8717=IFCSHAPEREPRESENTATION(#11,'Body','SweptSolid',(#8711));
#8718=IFCSHAPEASPECT((#8717),'Glazing',$,.T.,#8611);
#8719=IFCCARTESIANPOINTLIST2D(((0.05000000074505806,0.05000000074505806),(0.75235630199313164,0.05000000074505806)));
#8720=IFCINDEXEDPOLYCURVE(#8719,$,$);
#8721=IFCCARTESIANPOINTLIST2D(((0.,0.10000000149011612),(0.02500000037252903,0.10000000149011612),(0.02500000037252903,0.090000001713633537),(0.05000000074505806,0.090000001713633537),(0.05000000074505806,0.05000000074505806),(0.,0.05000000074505806)));
#8722=IFCINDEXEDPOLYCURVE(#8721,(IFCLINEINDEX((1,2,3,4,5,6,1))),$);
#8723=IFCCARTESIANPOINTLIST2D(((0.8023563027381897,0.10000000149011612),(0.77735630236566067,0.10000000149011612),(0.77735630236566067,0.090000001713633537),(0.75235630199313164,0.090000001713633537),(0.75235630199313164,0.05000000074505806),(0.8023563027381897,0.05000000074505806)));
#8724=IFCINDEXEDPOLYCURVE(#8723,(IFCLINEINDEX((1,2,3,4,5,6,1))),$);
#8725=IFCCARTESIANPOINTLIST2D(((0.02500000037252903,0.090000001713633537),(0.060000000521540642,0.090000001713633537),(0.060000000521540642,0.12500000186264515),(0.02500000037252903,0.12500000186264515)));
#8726=IFCINDEXEDPOLYCURVE(#8725,(IFCLINEINDEX((1,2,3,4,1))),$);
#8727=IFCINDEXEDPOLYCURVE(#8728,(IFCLINEINDEX((1,2,3,4,1))),$);
#8728=IFCCARTESIANPOINTLIST2D(((0.77735630236566067,0.090000001713633537),(0.74235630221664906,0.090000001713633537),(0.74235630221664906,0.12500000186264515),(0.77735630236566067,0.12500000186264515)));
#8729=IFCCARTESIANPOINTLIST2D(((0.060000000521540642,0.090000001713633537),(0.74235630221664906,0.090000001713633537)));
#8730=IFCINDEXEDPOLYCURVE(#8729,$,$);
#8731=IFCINDEXEDPOLYCURVE(#8732,$,$);
#8732=IFCCARTESIANPOINTLIST2D(((0.060000000521540642,0.12500000186264515),(0.74235630221664906,0.12500000186264515)));
#8733=IFCINDEXEDPOLYCURVE(#8734,$,$);
#8734=IFCCARTESIANPOINTLIST2D(((0.060000000521540642,0.10750000178813934),(0.74235630221664906,0.10750000178813934)));
#8735=IFCSHAPEREPRESENTATION(#24,'Body','Curve2D',(#8720,#8722,#8724,#8726,#8727,#8730,#8731,#8733));
#8736=IFCCARTESIANPOINTLIST2D(((0.,0.),(0.8023563027381897,0.),(0.8023563027381897,0.89999997615814209),(0.,0.89999997615814209)));
#8737=IFCINDEXEDPOLYCURVE(#8736,(IFCLINEINDEX((1,2,3,4,1))),$);
#8738=IFCARBITRARYCLOSEDPROFILEDEF(.AREA.,$,#8737);
#8739=IFCCARTESIANPOINT((0.,-0.60000002384185791,0.));
#8740=IFCDIRECTION((0.,-1.,0.));
#8741=IFCDIRECTION((1.,0.,0.));
#8742=IFCAXIS2PLACEMENT3D(#8739,#8740,#8741);
#8743=IFCDIRECTION((0.,0.,-1.));
#8744=IFCEXTRUDEDAREASOLID(#8738,#8742,#8743,1.2);
#8745=IFCSHAPEREPRESENTATION(#11,'Body','SweptSolid',(#8744));
#8781=IFCCARTESIANPOINT((1.4251863002406169,3.6169176365064004E-07,1.));
#8782=IFCDIRECTION((0.,0.,1.));
#8783=IFCDIRECTION((0.99999999999999289,1.1920928244535129E-07,0.));
#8784=IFCAXIS2PLACEMENT3D(#8781,#8782,#8783);
#8785=IFCLOCALPLACEMENT(#7668,#8784);
#8791=IFCCARTESIANPOINT((1.1102230246251565E-16,0.,0.));
#8792=IFCDIRECTION((0.,0.,1.));
#8793=IFCDIRECTION((1.,0.,0.));
#8794=IFCAXIS2PLACEMENT3D(#8791,#8792,#8793);
#8795=IFCLOCALPLACEMENT(#8500,#8794);
#8796=IFCCARTESIANPOINT((2.2204460492503131E-16,0.,0.));
#8797=IFCDIRECTION((0.,0.,1.));
#8798=IFCDIRECTION((1.,0.,0.));
#8799=IFCAXIS2PLACEMENT3D(#8796,#8797,#8798);
#8800=IFCLOCALPLACEMENT(#8515,#8799);
#8801=IFCCARTESIANPOINT((8.8817841970012523E-16,0.,0.));
#8802=IFCDIRECTION((0.,0.,1.));
#8803=IFCDIRECTION((1.,0.,0.));
#8804=IFCAXIS2PLACEMENT3D(#8801,#8802,#8803);
#8805=IFCLOCALPLACEMENT(#8785,#8804);
#8806=IFCWINDOWTYPE('00jmsmTIv4sh7ecDW2fgt4',$,'Bedroom-2-2F',$,$,(#8807),(#8809,#8817,#8865),$,$,.WINDOW.,.SINGLE_PANEL.,$,$);
#8807=IFCPROPERTYSET('3Gm$YKkdn32AG7s6kOEBsH',$,'BBIM_Window',$,(#8808));
#8808=IFCPROPERTYSINGLEVALUE('Data',$,IFCTEXT('{"window_type": "DOUBLE_PANEL_VERTICAL", "overall_height": 0.8999999761581421, "overall_width": 1.1467938423156738, "lining_properties": {"lining_depth": 0.05000000074505806, "lining_thickness": 0.05000000074505806, "lining_offset": 0.05000000074505806, "lining_to_panel_offset_x": 0.02500000037252903, "lining_to_panel_offset_y": 0.02500000037252903, "mullion_thickness": 0.039544880390167236, "first_mullion_offset": 0.5750251412391663}, "panel_properties": {"frame_depth": [0.03500000014901161, 0.03500000014901161, 0.03500000014901161], "frame_thickness": [0.03500000014901161, 0.03500000014901161, 0.03500000014901161]}}'),$);
#8809=IFCREPRESENTATIONMAP(#8810,#9439);
#8810=IFCAXIS2PLACEMENT3D(#8811,#8812,#8813);
#8811=IFCCARTESIANPOINT((0.,0.,0.));
#8812=IFCDIRECTION((0.,0.,1.));
#8813=IFCDIRECTION((1.,0.,0.));
#8817=IFCREPRESENTATIONMAP(#8818,#9524);
#8818=IFCAXIS2PLACEMENT3D(#8819,#8820,#8821);
#8819=IFCCARTESIANPOINT((0.,0.,0.));
#8820=IFCDIRECTION((0.,0.,1.));
#8821=IFCDIRECTION((1.,0.,0.));
#8865=IFCREPRESENTATIONMAP(#8866,#9557);
#8866=IFCAXIS2PLACEMENT3D(#8867,#8868,#8869);
#8867=IFCCARTESIANPOINT((0.,0.,0.));
#8868=IFCDIRECTION((0.,0.,1.));
#8869=IFCDIRECTION((1.,0.,0.));
#8887=IFCWINDOW('0Khsxyo9X2lhXIGUKUVcki',$,'Window',$,$,#9582,#8896,$,0.89999997615814209,1.1467938423156738,$,.DOUBLE_PANEL_VERTICAL.,$);
#8888=IFCRELDEFINESBYTYPE('0pwxqAhQ9EGgU2LPJNUHSf',$,$,$,(#8887),#8806);
#8889=IFCCARTESIANPOINT((0.,0.,0.));
#8890=IFCDIRECTION((1.,0.,0.));
#8891=IFCDIRECTION((0.,1.,0.));
#8892=IFCDIRECTION((0.,0.,1.));
#8893=IFCCARTESIANTRANSFORMATIONOPERATOR3D(#8890,#8891,#8889,1.,#8892);
#8894=IFCMAPPEDITEM(#8809,#8893);
#8895=IFCSHAPEREPRESENTATION(#18,'Profile','MappedRepresentation',(#8894));
#8896=IFCPRODUCTDEFINITIONSHAPE($,$,(#8895,#8903,#8910));
#8897=IFCCARTESIANPOINT((0.,0.,0.));
#8898=IFCDIRECTION((1.,0.,0.));
#8899=IFCDIRECTION((0.,1.,0.));
#8900=IFCDIRECTION((0.,0.,1.));
#8901=IFCCARTESIANTRANSFORMATIONOPERATOR3D(#8898,#8899,#8897,1.,#8900);
#8902=IFCMAPPEDITEM(#8817,#8901);
#8903=IFCSHAPEREPRESENTATION(#11,'Body','MappedRepresentation',(#8902));
#8904=IFCCARTESIANPOINT((0.,0.,0.));
#8905=IFCDIRECTION((1.,0.,0.));
#8906=IFCDIRECTION((0.,1.,0.));
#8907=IFCDIRECTION((0.,0.,1.));
#8908=IFCCARTESIANTRANSFORMATIONOPERATOR3D(#8905,#8906,#8904,1.,#8907);
#8909=IFCMAPPEDITEM(#8865,#8908);
#8910=IFCSHAPEREPRESENTATION(#24,'Body','MappedRepresentation',(#8909));
#8911=IFCOPENINGELEMENT('3Ufs_cBrr7Fx6_ELZ3XhiG',$,'Opening',$,$,#9577,#8939,$,.OPENING.);
#8927=IFCCARTESIANPOINT((0.,0.,0.));
#8928=IFCDIRECTION((1.,0.,0.));
#8929=IFCDIRECTION((0.,0.,1.));
#8930=IFCAXIS2PLACEMENT3D(#8927,#8929,#8928);
#8931=IFCREPRESENTATIONMAP(#8930,#9567);
#8932=IFCCARTESIANPOINT((0.,0.,0.));
#8933=IFCDIRECTION((1.,0.,0.));
#8934=IFCDIRECTION((0.,1.,0.));
#8935=IFCDIRECTION((0.,0.,1.));
#8936=IFCCARTESIANTRANSFORMATIONOPERATOR3D(#8933,#8934,#8932,1.,#8935);
#8937=IFCMAPPEDITEM(#8931,#8936);
#8938=IFCSHAPEREPRESENTATION(#11,'Body','MappedRepresentation',(#8937));
#8939=IFCPRODUCTDEFINITIONSHAPE($,$,(#8938));
#8940=IFCRELVOIDSELEMENT('1s3vNrIIvEC8sEe6WxC8rT',$,$,$,#6978,#8911);
#8946=IFCRELFILLSELEMENT('3Elc2sb$f9LB0icNaZaTvt',$,$,$,#8911,#8887);
#8955=IFCCARTESIANPOINTLIST2D(((0.30000001192092896,0.),(0.,0.),(0.,0.89999997615814209),(0.30000001192092896,0.89999997615814209),(0.30000001192092896,0.87499997578561306),(0.02500000037252903,0.87499997578561306),(0.02500000037252903,0.02500000037252903),(0.30000001192092896,0.02500000037252903)));
#8956=IFCINDEXEDPOLYCURVE(#8955,(IFCLINEINDEX((1,2,3,4,5,6,7,8,1))),$);
#8957=IFCARBITRARYCLOSEDPROFILEDEF(.AREA.,$,#8956);
#8958=IFCCARTESIANPOINT((0.,0.090000001713633537,0.));
#8959=IFCDIRECTION((0.,-1.,0.));
#8960=IFCDIRECTION((1.,0.,0.));
#8961=IFCAXIS2PLACEMENT3D(#8958,#8959,#8960);
#8962=IFCDIRECTION((0.,0.,-1.));
#8963=IFCEXTRUDEDAREASOLID(#8957,#8961,#8962,0.0099999997764825821);
#8964=IFCCARTESIANPOINTLIST2D(((0.,0.),(0.30000001192092896,0.),(0.30000001192092896,0.89999997615814209),(0.,0.89999997615814209)));
#8965=IFCINDEXEDPOLYCURVE(#8964,(IFCLINEINDEX((1,2,3,4,1))),$);
#8966=IFCCARTESIANPOINTLIST2D(((0.05000000074505806,0.05000000074505806),(0.27500001154839993,0.05000000074505806),(0.27500001154839993,0.84999997541308403),(0.05000000074505806,0.84999997541308403)));
#8967=IFCINDEXEDPOLYCURVE(#8966,(IFCLINEINDEX((1,2,3,4,1))),$);
#8968=IFCARBITRARYPROFILEDEFWITHVOIDS(.AREA.,$,#8965,(#8967));
#8969=IFCCARTESIANPOINT((0.,0.05000000074505806,0.));
#8970=IFCDIRECTION((0.,-1.,0.));
#8971=IFCDIRECTION((1.,0.,0.));
#8972=IFCAXIS2PLACEMENT3D(#8969,#8970,#8971);
#8973=IFCDIRECTION((0.,0.,-1.));
#8974=IFCEXTRUDEDAREASOLID(#8968,#8972,#8973,0.040000000968575478);
#8975=IFCCARTESIANPOINTLIST2D(((0.,0.),(0.27500001154839993,0.),(0.27500001154839993,0.84999997541308403),(0.,0.84999997541308403)));
#8976=IFCINDEXEDPOLYCURVE(#8975,(IFCLINEINDEX((1,2,3,4,1))),$);
#8977=IFCCARTESIANPOINTLIST2D(((0.035000000149011612,0.035000000149011612),(0.24000001139938831,0.035000000149011612),(0.24000001139938831,0.81499997526407242),(0.035000000149011612,0.81499997526407242)));
#8978=IFCINDEXEDPOLYCURVE(#8977,(IFCLINEINDEX((1,2,3,4,1))),$);
#8979=IFCARBITRARYPROFILEDEFWITHVOIDS(.AREA.,$,#8976,(#8978));
#8980=IFCCARTESIANPOINT((0.02500000037252903,0.090000001713633537,0.02500000037252903));
#8981=IFCDIRECTION((0.,-1.,0.));
#8982=IFCDIRECTION((1.,0.,0.));
#8983=IFCAXIS2PLACEMENT3D(#8980,#8981,#8982);
#8984=IFCDIRECTION((0.,0.,-1.));
#8985=IFCEXTRUDEDAREASOLID(#8979,#8983,#8984,0.035000000149011612);
#8986=IFCINDEXEDPOLYCURVE(#8987,(IFCLINEINDEX((1,2,3,4,1))),$);
#8987=IFCCARTESIANPOINTLIST2D(((0.035000000149011612,0.035000000149011612),(0.24000001139938831,0.035000000149011612),(0.24000001139938831,0.81499997526407242),(0.035000000149011612,0.81499997526407242)));
#8988=IFCARBITRARYCLOSEDPROFILEDEF(.AREA.,$,#8986);
#8989=IFCCARTESIANPOINT((0.02500000037252903,0.10250000178813934,0.02500000037252903));
#8990=IFCDIRECTION((0.,-1.,0.));
#8991=IFCDIRECTION((1.,0.,0.));
#8992=IFCAXIS2PLACEMENT3D(#8989,#8990,#8991);
#8993=IFCDIRECTION((0.,0.,-1.));
#8994=IFCEXTRUDEDAREASOLID(#8988,#8992,#8993,0.01);
#8995=IFCCARTESIANPOINTLIST2D(((0.,0.89999997615814209),(0.50235629081726074,0.89999997615814209),(0.50235629081726074,0.),(0.,0.),(0.,0.02500000037252903),(0.47735629044473171,0.02500000037252903),(0.47735629044473171,0.87499997578561306),(0.,0.87499997578561306)));
#8996=IFCINDEXEDPOLYCURVE(#8995,(IFCLINEINDEX((1,2,3,4,5,6,7,8,1))),$);
#8997=IFCARBITRARYCLOSEDPROFILEDEF(.AREA.,$,#8996);
#8998=IFCCARTESIANPOINT((0.30000001192092896,0.090000001713633537,0.));
#8999=IFCDIRECTION((0.,-1.,0.));
#9000=IFCDIRECTION((1.,0.,0.));
#9001=IFCAXIS2PLACEMENT3D(#8998,#8999,#9000);
#9002=IFCDIRECTION((0.,0.,-1.));
#9003=IFCEXTRUDEDAREASOLID(#8997,#9001,#9002,0.0099999997764825821);
#9004=IFCCARTESIANPOINTLIST2D(((0.,0.),(0.50235629081726074,0.),(0.50235629081726074,0.89999997615814209),(0.,0.89999997615814209)));
#9005=IFCINDEXEDPOLYCURVE(#9004,(IFCLINEINDEX((1,2,3,4,1))),$);
#9006=IFCCARTESIANPOINTLIST2D(((0.02500000037252903,0.05000000074505806),(0.45235629007220268,0.05000000074505806),(0.45235629007220268,0.84999997541308403),(0.02500000037252903,0.84999997541308403)));
#9007=IFCINDEXEDPOLYCURVE(#9006,(IFCLINEINDEX((1,2,3,4,1))),$);
#9008=IFCARBITRARYPROFILEDEFWITHVOIDS(.AREA.,$,#9005,(#9007));
#9009=IFCCARTESIANPOINT((0.30000001192092896,0.05000000074505806,0.));
#9010=IFCDIRECTION((0.,-1.,0.));
#9011=IFCDIRECTION((1.,0.,0.));
#9012=IFCAXIS2PLACEMENT3D(#9009,#9010,#9011);
#9013=IFCDIRECTION((0.,0.,-1.));
#9014=IFCEXTRUDEDAREASOLID(#9008,#9012,#9013,0.040000000968575478);
#9015=IFCCARTESIANPOINTLIST2D(((0.,0.),(0.47735629044473171,0.),(0.47735629044473171,0.84999997541308403),(0.,0.84999997541308403)));
#9016=IFCINDEXEDPOLYCURVE(#9015,(IFCLINEINDEX((1,2,3,4,1))),$);
#9017=IFCCARTESIANPOINTLIST2D(((0.035000000149011612,0.035000000149011612),(0.4423562902957201,0.035000000149011612),(0.4423562902957201,0.81499997526407242),(0.035000000149011612,0.81499997526407242)));
#9018=IFCINDEXEDPOLYCURVE(#9017,(IFCLINEINDEX((1,2,3,4,1))),$);
#9019=IFCARBITRARYPROFILEDEFWITHVOIDS(.AREA.,$,#9016,(#9018));
#9020=IFCCARTESIANPOINT((0.30000001192092896,0.090000001713633537,0.02500000037252903));
#9021=IFCDIRECTION((0.,-1.,0.));
#9022=IFCDIRECTION((1.,0.,0.));
#9023=IFCAXIS2PLACEMENT3D(#9020,#9021,#9022);
#9024=IFCDIRECTION((0.,0.,-1.));
#9025=IFCEXTRUDEDAREASOLID(#9019,#9023,#9024,0.035000000149011612);
#9026=IFCINDEXEDPOLYCURVE(#9027,(IFCLINEINDEX((1,2,3,4,1))),$);
#9027=IFCCARTESIANPOINTLIST2D(((0.035000000149011612,0.035000000149011612),(0.4423562902957201,0.035000000149011612),(0.4423562902957201,0.81499997526407242),(0.035000000149011612,0.81499997526407242)));
#9028=IFCARBITRARYCLOSEDPROFILEDEF(.AREA.,$,#9026);
#9029=IFCCARTESIANPOINT((0.30000001192092896,0.10250000178813934,0.02500000037252903));
#9030=IFCDIRECTION((0.,-1.,0.));
#9031=IFCDIRECTION((1.,0.,0.));
#9032=IFCAXIS2PLACEMENT3D(#9029,#9030,#9031);
#9033=IFCDIRECTION((0.,0.,-1.));
#9034=IFCEXTRUDEDAREASOLID(#9028,#9032,#9033,0.01);
#9036=IFCSHAPEREPRESENTATION(#11,'Body','SweptSolid',(#9492,#9450,#9166,#9316,#9327,#8974,#9124,#9285,#9003,#9014,#9274,#9503,#9461,#9155,#8963,#9113));
#9037=IFCSHAPEASPECT((#9036),'Lining',$,.T.,#8896);
#9038=IFCSHAPEREPRESENTATION(#11,'Body','SweptSolid',(#9514,#8985,#9472,#9296,#9177,#9025,#9338,#9135));
#9039=IFCSHAPEASPECT((#9038),'Framing',$,.T.,#8896);
#9040=IFCSHAPEREPRESENTATION(#11,'Body','SweptSolid',(#8994,#9481,#9186,#9034,#9347,#9144,#9305,#9523));
#9041=IFCSHAPEASPECT((#9040),'Glazing',$,.T.,#8896);
#9103=IFCCARTESIANPOINTLIST2D(((0.,0.),(0.30000001192092896,0.),(0.30000001192092896,0.89999997615814209),(0.,0.89999997615814209)));
#9104=IFCINDEXEDPOLYCURVE(#9103,(IFCLINEINDEX((1,2,3,4,1))),$);
#9105=IFCCARTESIANPOINTLIST2D(((0.02500000037252903,0.02500000037252903),(0.089230114594101906,0.02500000037252903),(0.089230114594101906,0.87499997578561306),(0.02500000037252903,0.87499997578561306)));
#9106=IFCINDEXEDPOLYCURVE(#9105,(IFCLINEINDEX((1,2,3,4,1))),$);
#9107=IFCARBITRARYPROFILEDEFWITHVOIDS(.AREA.,$,#9104,(#9106));
#9108=IFCCARTESIANPOINT((0.,0.090000001713633537,0.));
#9109=IFCDIRECTION((0.,-1.,0.));
#9110=IFCDIRECTION((1.,0.,0.));
#9111=IFCAXIS2PLACEMENT3D(#9108,#9109,#9110);
#9112=IFCDIRECTION((0.,0.,-1.));
#9113=IFCEXTRUDEDAREASOLID(#9107,#9111,#9112,0.0099999997764825821);
#9114=IFCCARTESIANPOINTLIST2D(((0.,0.),(0.30000001192092896,0.),(0.30000001192092896,0.89999997615814209),(0.,0.89999997615814209)));
#9115=IFCINDEXEDPOLYCURVE(#9114,(IFCLINEINDEX((1,2,3,4,1))),$);
#9116=IFCCARTESIANPOINTLIST2D(((0.05000000074505806,0.05000000074505806),(0.064230114221572876,0.05000000074505806),(0.064230114221572876,0.84999997541308403),(0.05000000074505806,0.84999997541308403)));
#9117=IFCINDEXEDPOLYCURVE(#9116,(IFCLINEINDEX((1,2,3,4,1))),$);
#9118=IFCARBITRARYPROFILEDEFWITHVOIDS(.AREA.,$,#9115,(#9117));
#9119=IFCCARTESIANPOINT((0.,0.05000000074505806,0.));
#9120=IFCDIRECTION((0.,-1.,0.));
#9121=IFCDIRECTION((1.,0.,0.));
#9122=IFCAXIS2PLACEMENT3D(#9119,#9120,#9121);
#9123=IFCDIRECTION((0.,0.,-1.));
#9124=IFCEXTRUDEDAREASOLID(#9118,#9122,#9123,0.040000000968575478);
#9125=IFCCARTESIANPOINTLIST2D(((0.,0.),(0.064230114221572876,0.),(0.064230114221572876,0.84999997541308403),(0.,0.84999997541308403)));
#9126=IFCINDEXEDPOLYCURVE(#9125,(IFCLINEINDEX((1,2,3,4,1))),$);
#9127=IFCCARTESIANPOINTLIST2D(((0.035000000149011612,0.035000000149011612),(0.029230114072561264,0.035000000149011612),(0.029230114072561264,0.81499997526407242),(0.035000000149011612,0.81499997526407242)));
#9128=IFCINDEXEDPOLYCURVE(#9127,(IFCLINEINDEX((1,2,3,4,1))),$);
#9129=IFCARBITRARYPROFILEDEFWITHVOIDS(.AREA.,$,#9126,(#9128));
#9130=IFCCARTESIANPOINT((0.02500000037252903,0.090000001713633537,0.02500000037252903));
#9131=IFCDIRECTION((0.,-1.,0.));
#9132=IFCDIRECTION((1.,0.,0.));
#9133=IFCAXIS2PLACEMENT3D(#9130,#9131,#9132);
#9134=IFCDIRECTION((0.,0.,-1.));
#9135=IFCEXTRUDEDAREASOLID(#9129,#9133,#9134,0.035000000149011612);
#9136=IFCINDEXEDPOLYCURVE(#9137,(IFCLINEINDEX((1,2,3,4,1))),$);
#9137=IFCCARTESIANPOINTLIST2D(((0.035000000149011612,0.035000000149011612),(0.029230114072561264,0.035000000149011612),(0.029230114072561264,0.81499997526407242),(0.035000000149011612,0.81499997526407242)));
#9138=IFCARBITRARYCLOSEDPROFILEDEF(.AREA.,$,#9136);
#9139=IFCCARTESIANPOINT((0.02500000037252903,0.10250000178813934,0.02500000037252903));
#9140=IFCDIRECTION((0.,-1.,0.));
#9141=IFCDIRECTION((1.,0.,0.));
#9142=IFCAXIS2PLACEMENT3D(#9139,#9140,#9141);
#9143=IFCDIRECTION((0.,0.,-1.));
#9144=IFCEXTRUDEDAREASOLID(#9138,#9142,#9143,0.01);
#9145=IFCCARTESIANPOINTLIST2D(((0.,0.),(0.84679383039474487,0.),(0.84679383039474487,0.89999997615814209),(0.,0.89999997615814209)));
#9146=IFCINDEXEDPOLYCURVE(#9145,(IFCLINEINDEX((1,2,3,4,1))),$);
#9147=IFCCARTESIANPOINTLIST2D(((0.21076989732682705,0.02500000037252903),(0.82179383002221584,0.02500000037252903),(0.82179383002221584,0.87499997578561306),(0.21076989732682705,0.87499997578561306)));
#9148=IFCINDEXEDPOLYCURVE(#9147,(IFCLINEINDEX((1,2,3,4,1))),$);
#9149=IFCARBITRARYPROFILEDEFWITHVOIDS(.AREA.,$,#9146,(#9148));
#9150=IFCCARTESIANPOINT((0.30000001192092896,0.090000001713633537,0.));
#9151=IFCDIRECTION((0.,-1.,0.));
#9152=IFCDIRECTION((1.,0.,0.));
#9153=IFCAXIS2PLACEMENT3D(#9150,#9151,#9152);
#9154=IFCDIRECTION((0.,0.,-1.));
#9155=IFCEXTRUDEDAREASOLID(#9149,#9153,#9154,0.0099999997764825821);
#9156=IFCCARTESIANPOINTLIST2D(((0.,0.),(0.84679383039474487,0.),(0.84679383039474487,0.89999997615814209),(0.,0.89999997615814209)));
#9157=IFCINDEXEDPOLYCURVE(#9156,(IFCLINEINDEX((1,2,3,4,1))),$);
#9158=IFCCARTESIANPOINTLIST2D(((0.23576989769935608,0.05000000074505806),(0.79679382964968681,0.05000000074505806),(0.79679382964968681,0.84999997541308403),(0.23576989769935608,0.84999997541308403)));
#9159=IFCINDEXEDPOLYCURVE(#9158,(IFCLINEINDEX((1,2,3,4,1))),$);
#9160=IFCARBITRARYPROFILEDEFWITHVOIDS(.AREA.,$,#9157,(#9159));
#9161=IFCCARTESIANPOINT((0.30000001192092896,0.05000000074505806,0.));
#9162=IFCDIRECTION((0.,-1.,0.));
#9163=IFCDIRECTION((1.,0.,0.));
#9164=IFCAXIS2PLACEMENT3D(#9161,#9162,#9163);
#9165=IFCDIRECTION((0.,0.,-1.));
#9166=IFCEXTRUDEDAREASOLID(#9160,#9164,#9165,0.040000000968575478);
#9167=IFCCARTESIANPOINTLIST2D(((0.,0.),(0.61102393269538879,0.),(0.61102393269538879,0.84999997541308403),(0.,0.84999997541308403)));
#9168=IFCINDEXEDPOLYCURVE(#9167,(IFCLINEINDEX((1,2,3,4,1))),$);
#9169=IFCCARTESIANPOINTLIST2D(((0.035000000149011612,0.035000000149011612),(0.57602393254637718,0.035000000149011612),(0.57602393254637718,0.81499997526407242),(0.035000000149011612,0.81499997526407242)));
#9170=IFCINDEXEDPOLYCURVE(#9169,(IFCLINEINDEX((1,2,3,4,1))),$);
#9171=IFCARBITRARYPROFILEDEFWITHVOIDS(.AREA.,$,#9168,(#9170));
#9172=IFCCARTESIANPOINT((0.510769909247756,0.090000001713633537,0.02500000037252903));
#9173=IFCDIRECTION((0.,-1.,0.));
#9174=IFCDIRECTION((1.,0.,0.));
#9175=IFCAXIS2PLACEMENT3D(#9172,#9173,#9174);
#9176=IFCDIRECTION((0.,0.,-1.));
#9177=IFCEXTRUDEDAREASOLID(#9171,#9175,#9176,0.035000000149011612);
#9178=IFCINDEXEDPOLYCURVE(#9179,(IFCLINEINDEX((1,2,3,4,1))),$);
#9179=IFCCARTESIANPOINTLIST2D(((0.035000000149011612,0.035000000149011612),(0.57602393254637718,0.035000000149011612),(0.57602393254637718,0.81499997526407242),(0.035000000149011612,0.81499997526407242)));
#9180=IFCARBITRARYCLOSEDPROFILEDEF(.AREA.,$,#9178);
#9181=IFCCARTESIANPOINT((0.510769909247756,0.10250000178813934,0.02500000037252903));
#9182=IFCDIRECTION((0.,-1.,0.));
#9183=IFCDIRECTION((1.,0.,0.));
#9184=IFCAXIS2PLACEMENT3D(#9181,#9182,#9183);
#9185=IFCDIRECTION((0.,0.,-1.));
#9186=IFCEXTRUDEDAREASOLID(#9180,#9184,#9185,0.01);
#9264=IFCCARTESIANPOINTLIST2D(((0.,0.),(0.30000001192092896,0.),(0.30000001192092896,0.89999997615814209),(0.,0.89999997615814209)));
#9265=IFCINDEXEDPOLYCURVE(#9264,(IFCLINEINDEX((1,2,3,4,1))),$);
#9266=IFCCARTESIANPOINTLIST2D(((0.02500000037252903,0.02500000037252903),(0.046617323532700539,0.02500000037252903),(0.046617323532700539,0.87499997578561306),(0.02500000037252903,0.87499997578561306)));
#9267=IFCINDEXEDPOLYCURVE(#9266,(IFCLINEINDEX((1,2,3,4,1))),$);
#9268=IFCARBITRARYPROFILEDEFWITHVOIDS(.AREA.,$,#9265,(#9267));
#9269=IFCCARTESIANPOINT((0.,0.090000001713633537,0.));
#9270=IFCDIRECTION((0.,-1.,0.));
#9271=IFCDIRECTION((1.,0.,0.));
#9272=IFCAXIS2PLACEMENT3D(#9269,#9270,#9271);
#9273=IFCDIRECTION((0.,0.,-1.));
#9274=IFCEXTRUDEDAREASOLID(#9268,#9272,#9273,0.0099999997764825821);
#9275=IFCCARTESIANPOINTLIST2D(((0.,0.),(0.30000001192092896,0.),(0.30000001192092896,0.89999997615814209),(0.,0.89999997615814209)));
#9276=IFCINDEXEDPOLYCURVE(#9275,(IFCLINEINDEX((1,2,3,4,1))),$);
#9277=IFCCARTESIANPOINTLIST2D(((0.05000000074505806,0.05000000074505806),(0.021617323160171509,0.05000000074505806),(0.021617323160171509,0.84999997541308403),(0.05000000074505806,0.84999997541308403)));
#9278=IFCINDEXEDPOLYCURVE(#9277,(IFCLINEINDEX((1,2,3,4,1))),$);
#9279=IFCARBITRARYPROFILEDEFWITHVOIDS(.AREA.,$,#9276,(#9278));
#9280=IFCCARTESIANPOINT((0.,0.05000000074505806,0.));
#9281=IFCDIRECTION((0.,-1.,0.));
#9282=IFCDIRECTION((1.,0.,0.));
#9283=IFCAXIS2PLACEMENT3D(#9280,#9281,#9282);
#9284=IFCDIRECTION((0.,0.,-1.));
#9285=IFCEXTRUDEDAREASOLID(#9279,#9283,#9284,0.040000000968575478);
#9286=IFCCARTESIANPOINTLIST2D(((0.,0.),(0.021617323160171509,0.),(0.021617323160171509,0.84999997541308403),(0.,0.84999997541308403)));
#9287=IFCINDEXEDPOLYCURVE(#9286,(IFCLINEINDEX((1,2,3,4,1))),$);
#9288=IFCCARTESIANPOINTLIST2D(((0.035000000149011612,0.035000000149011612),(-0.013382676988840103,0.035000000149011612),(-0.013382676988840103,0.81499997526407242),(0.035000000149011612,0.81499997526407242)));
#9289=IFCINDEXEDPOLYCURVE(#9288,(IFCLINEINDEX((1,2,3,4,1))),$);
#9290=IFCARBITRARYPROFILEDEFWITHVOIDS(.AREA.,$,#9287,(#9289));
#9291=IFCCARTESIANPOINT((0.02500000037252903,0.090000001713633537,0.02500000037252903));
#9292=IFCDIRECTION((0.,-1.,0.));
#9293=IFCDIRECTION((1.,0.,0.));
#9294=IFCAXIS2PLACEMENT3D(#9291,#9292,#9293);
#9295=IFCDIRECTION((0.,0.,-1.));
#9296=IFCEXTRUDEDAREASOLID(#9290,#9294,#9295,0.035000000149011612);
#9297=IFCINDEXEDPOLYCURVE(#9298,(IFCLINEINDEX((1,2,3,4,1))),$);
#9298=IFCCARTESIANPOINTLIST2D(((0.035000000149011612,0.035000000149011612),(-0.013382676988840103,0.035000000149011612),(-0.013382676988840103,0.81499997526407242),(0.035000000149011612,0.81499997526407242)));
#9299=IFCARBITRARYCLOSEDPROFILEDEF(.AREA.,$,#9297);
#9300=IFCCARTESIANPOINT((0.02500000037252903,0.10250000178813934,0.02500000037252903));
#9301=IFCDIRECTION((0.,-1.,0.));
#9302=IFCDIRECTION((1.,0.,0.));
#9303=IFCAXIS2PLACEMENT3D(#9300,#9301,#9302);
#9304=IFCDIRECTION((0.,0.,-1.));
#9305=IFCEXTRUDEDAREASOLID(#9299,#9303,#9304,0.01);
#9306=IFCCARTESIANPOINTLIST2D(((0.,0.),(0.84679383039474487,0.),(0.84679383039474487,0.89999997615814209),(0.,0.89999997615814209)));
#9307=IFCINDEXEDPOLYCURVE(#9306,(IFCLINEINDEX((1,2,3,4,1))),$);
#9308=IFCCARTESIANPOINTLIST2D(((0.25338268838822842,0.02500000037252903),(0.82179383002221584,0.02500000037252903),(0.82179383002221584,0.87499997578561306),(0.25338268838822842,0.87499997578561306)));
#9309=IFCINDEXEDPOLYCURVE(#9308,(IFCLINEINDEX((1,2,3,4,1))),$);
#9310=IFCARBITRARYPROFILEDEFWITHVOIDS(.AREA.,$,#9307,(#9309));
#9311=IFCCARTESIANPOINT((0.30000001192092896,0.090000001713633537,0.));
#9312=IFCDIRECTION((0.,-1.,0.));
#9313=IFCDIRECTION((1.,0.,0.));
#9314=IFCAXIS2PLACEMENT3D(#9311,#9312,#9313);
#9315=IFCDIRECTION((0.,0.,-1.));
#9316=IFCEXTRUDEDAREASOLID(#9310,#9314,#9315,0.0099999997764825821);
#9317=IFCCARTESIANPOINTLIST2D(((0.,0.),(0.84679383039474487,0.),(0.84679383039474487,0.89999997615814209),(0.,0.89999997615814209)));
#9318=IFCINDEXEDPOLYCURVE(#9317,(IFCLINEINDEX((1,2,3,4,1))),$);
#9319=IFCCARTESIANPOINTLIST2D(((0.27838268876075745,0.05000000074505806),(0.79679382964968681,0.05000000074505806),(0.79679382964968681,0.84999997541308403),(0.27838268876075745,0.84999997541308403)));
#9320=IFCINDEXEDPOLYCURVE(#9319,(IFCLINEINDEX((1,2,3,4,1))),$);
#9321=IFCARBITRARYPROFILEDEFWITHVOIDS(.AREA.,$,#9318,(#9320));
#9322=IFCCARTESIANPOINT((0.30000001192092896,0.05000000074505806,0.));
#9323=IFCDIRECTION((0.,-1.,0.));
#9324=IFCDIRECTION((1.,0.,0.));
#9325=IFCAXIS2PLACEMENT3D(#9322,#9323,#9324);
#9326=IFCDIRECTION((0.,0.,-1.));
#9327=IFCEXTRUDEDAREASOLID(#9321,#9325,#9326,0.040000000968575478);
#9328=IFCCARTESIANPOINTLIST2D(((0.,0.),(0.56841114163398743,0.),(0.56841114163398743,0.84999997541308403),(0.,0.84999997541308403)));
#9329=IFCINDEXEDPOLYCURVE(#9328,(IFCLINEINDEX((1,2,3,4,1))),$);
#9330=IFCCARTESIANPOINTLIST2D(((0.035000000149011612,0.035000000149011612),(0.53341114148497581,0.035000000149011612),(0.53341114148497581,0.81499997526407242),(0.035000000149011612,0.81499997526407242)));
#9331=IFCINDEXEDPOLYCURVE(#9330,(IFCLINEINDEX((1,2,3,4,1))),$);
#9332=IFCARBITRARYPROFILEDEFWITHVOIDS(.AREA.,$,#9329,(#9331));
#9333=IFCCARTESIANPOINT((0.55338270030915737,0.090000001713633537,0.02500000037252903));
#9334=IFCDIRECTION((0.,-1.,0.));
#9335=IFCDIRECTION((1.,0.,0.));
#9336=IFCAXIS2PLACEMENT3D(#9333,#9334,#9335);
#9337=IFCDIRECTION((0.,0.,-1.));
#9338=IFCEXTRUDEDAREASOLID(#9332,#9336,#9337,0.035000000149011612);
#9339=IFCINDEXEDPOLYCURVE(#9340,(IFCLINEINDEX((1,2,3,4,1))),$);
#9340=IFCCARTESIANPOINTLIST2D(((0.035000000149011612,0.035000000149011612),(0.53341114148497581,0.035000000149011612),(0.53341114148497581,0.81499997526407242),(0.035000000149011612,0.81499997526407242)));
#9341=IFCARBITRARYCLOSEDPROFILEDEF(.AREA.,$,#9339);
#9342=IFCCARTESIANPOINT((0.55338270030915737,0.10250000178813934,0.02500000037252903));
#9343=IFCDIRECTION((0.,-1.,0.));
#9344=IFCDIRECTION((1.,0.,0.));
#9345=IFCAXIS2PLACEMENT3D(#9342,#9343,#9344);
#9346=IFCDIRECTION((0.,0.,-1.));
#9347=IFCEXTRUDEDAREASOLID(#9341,#9345,#9346,0.01);
#9437=IFCCARTESIANPOINTLIST3D(((0.,0.,0.),(1.1467938423156738,0.,0.),(1.1467938423156738,0.,0.89999997615814209),(0.,0.,0.89999997615814209)));
#9438=IFCINDEXEDPOLYCURVE(#9437,(IFCLINEINDEX((1,2,3,4,1))),$);
#9439=IFCSHAPEREPRESENTATION(#18,'Profile','Curve3D',(#9438));
#9440=IFCCARTESIANPOINTLIST2D(((0.,0.),(0.57502514123916626,0.),(0.57502514123916626,0.89999997615814209),(0.,0.89999997615814209)));
#9441=IFCINDEXEDPOLYCURVE(#9440,(IFCLINEINDEX((1,2,3,4,1))),$);
#9442=IFCCARTESIANPOINTLIST2D(((0.02500000037252903,0.02500000037252903),(0.58025270141661167,0.02500000037252903),(0.58025270141661167,0.87499997578561306),(0.02500000037252903,0.87499997578561306)));
#9443=IFCINDEXEDPOLYCURVE(#9442,(IFCLINEINDEX((1,2,3,4,1))),$);
#9444=IFCARBITRARYPROFILEDEFWITHVOIDS(.AREA.,$,#9441,(#9443));
#9445=IFCCARTESIANPOINT((0.,0.090000001713633537,0.));
#9446=IFCDIRECTION((0.,-1.,0.));
#9447=IFCDIRECTION((1.,0.,0.));
#9448=IFCAXIS2PLACEMENT3D(#9445,#9446,#9447);
#9449=IFCDIRECTION((0.,0.,-1.));
#9450=IFCEXTRUDEDAREASOLID(#9444,#9448,#9449,0.0099999997764825821);
#9451=IFCCARTESIANPOINTLIST2D(((0.,0.),(0.57502514123916626,0.),(0.57502514123916626,0.89999997615814209),(0.,0.89999997615814209)));
#9452=IFCINDEXEDPOLYCURVE(#9451,(IFCLINEINDEX((1,2,3,4,1))),$);
#9453=IFCCARTESIANPOINTLIST2D(((0.05000000074505806,0.05000000074505806),(0.55525270104408264,0.05000000074505806),(0.55525270104408264,0.84999997541308403),(0.05000000074505806,0.84999997541308403)));
#9454=IFCINDEXEDPOLYCURVE(#9453,(IFCLINEINDEX((1,2,3,4,1))),$);
#9455=IFCARBITRARYPROFILEDEFWITHVOIDS(.AREA.,$,#9452,(#9454));
#9456=IFCCARTESIANPOINT((0.,0.05000000074505806,0.));
#9457=IFCDIRECTION((0.,-1.,0.));
#9458=IFCDIRECTION((1.,0.,0.));
#9459=IFCAXIS2PLACEMENT3D(#9456,#9457,#9458);
#9460=IFCDIRECTION((0.,0.,-1.));
#9461=IFCEXTRUDEDAREASOLID(#9455,#9459,#9460,0.040000000968575478);
#9462=IFCCARTESIANPOINTLIST2D(((0.,0.),(0.55525270104408264,0.),(0.55525270104408264,0.84999997541308403),(0.,0.84999997541308403)));
#9463=IFCINDEXEDPOLYCURVE(#9462,(IFCLINEINDEX((1,2,3,4,1))),$);
#9464=IFCCARTESIANPOINTLIST2D(((0.035000000149011612,0.035000000149011612),(0.52025270089507103,0.035000000149011612),(0.52025270089507103,0.81499997526407242),(0.035000000149011612,0.81499997526407242)));
#9465=IFCINDEXEDPOLYCURVE(#9464,(IFCLINEINDEX((1,2,3,4,1))),$);
#9466=IFCARBITRARYPROFILEDEFWITHVOIDS(.AREA.,$,#9463,(#9465));
#9467=IFCCARTESIANPOINT((0.02500000037252903,0.090000001713633537,0.02500000037252903));
#9468=IFCDIRECTION((0.,-1.,0.));
#9469=IFCDIRECTION((1.,0.,0.));
#9470=IFCAXIS2PLACEMENT3D(#9467,#9468,#9469);
#9471=IFCDIRECTION((0.,0.,-1.));
#9472=IFCEXTRUDEDAREASOLID(#9466,#9470,#9471,0.035000000149011612);
#9473=IFCINDEXEDPOLYCURVE(#9474,(IFCLINEINDEX((1,2,3,4,1))),$);
#9474=IFCCARTESIANPOINTLIST2D(((0.035000000149011612,0.035000000149011612),(0.52025270089507103,0.035000000149011612),(0.52025270089507103,0.81499997526407242),(0.035000000149011612,0.81499997526407242)));
#9475=IFCARBITRARYCLOSEDPROFILEDEF(.AREA.,$,#9473);
#9476=IFCCARTESIANPOINT((0.02500000037252903,0.10250000178813934,0.02500000037252903));
#9477=IFCDIRECTION((0.,-1.,0.));
#9478=IFCDIRECTION((1.,0.,0.));
#9479=IFCAXIS2PLACEMENT3D(#9476,#9477,#9478);
#9480=IFCDIRECTION((0.,0.,-1.));
#9481=IFCEXTRUDEDAREASOLID(#9475,#9479,#9480,0.01);
#9482=IFCCARTESIANPOINTLIST2D(((0.,0.),(0.57176870107650757,0.),(0.57176870107650757,0.89999997615814209),(0.,0.89999997615814209)));
#9483=IFCINDEXEDPOLYCURVE(#9482,(IFCLINEINDEX((1,2,3,4,1))),$);
#9484=IFCCARTESIANPOINTLIST2D(((-0.0052275601774454117,0.02500000037252903),(0.54676870070397854,0.02500000037252903),(0.54676870070397854,0.87499997578561306),(-0.0052275601774454117,0.87499997578561306)));
#9485=IFCINDEXEDPOLYCURVE(#9484,(IFCLINEINDEX((1,2,3,4,1))),$);
#9486=IFCARBITRARYPROFILEDEFWITHVOIDS(.AREA.,$,#9483,(#9485));
#9487=IFCCARTESIANPOINT((0.57502514123916626,0.090000001713633537,0.));
#9488=IFCDIRECTION((0.,-1.,0.));
#9489=IFCDIRECTION((1.,0.,0.));
#9490=IFCAXIS2PLACEMENT3D(#9487,#9488,#9489);
#9491=IFCDIRECTION((0.,0.,-1.));
#9492=IFCEXTRUDEDAREASOLID(#9486,#9490,#9491,0.0099999997764825821);
#9493=IFCCARTESIANPOINTLIST2D(((0.,0.),(0.57176870107650757,0.),(0.57176870107650757,0.89999997615814209),(0.,0.89999997615814209)));
#9494=IFCINDEXEDPOLYCURVE(#9493,(IFCLINEINDEX((1,2,3,4,1))),$);
#9495=IFCCARTESIANPOINTLIST2D(((0.019772440195083618,0.05000000074505806),(0.52176870033144951,0.05000000074505806),(0.52176870033144951,0.84999997541308403),(0.019772440195083618,0.84999997541308403)));
#9496=IFCINDEXEDPOLYCURVE(#9495,(IFCLINEINDEX((1,2,3,4,1))),$);
#9497=IFCARBITRARYPROFILEDEFWITHVOIDS(.AREA.,$,#9494,(#9496));
#9498=IFCCARTESIANPOINT((0.57502514123916626,0.05000000074505806,0.));
#9499=IFCDIRECTION((0.,-1.,0.));
#9500=IFCDIRECTION((1.,0.,0.));
#9501=IFCAXIS2PLACEMENT3D(#9498,#9499,#9500);
#9502=IFCDIRECTION((0.,0.,-1.));
#9503=IFCEXTRUDEDAREASOLID(#9497,#9501,#9502,0.040000000968575478);
#9504=IFCCARTESIANPOINTLIST2D(((0.,0.),(0.55199626088142395,0.),(0.55199626088142395,0.84999997541308403),(0.,0.84999997541308403)));
#9505=IFCINDEXEDPOLYCURVE(#9504,(IFCLINEINDEX((1,2,3,4,1))),$);
#9506=IFCCARTESIANPOINTLIST2D(((0.035000000149011612,0.035000000149011612),(0.51699626073241234,0.035000000149011612),(0.51699626073241234,0.81499997526407242),(0.035000000149011612,0.81499997526407242)));
#9507=IFCINDEXEDPOLYCURVE(#9506,(IFCLINEINDEX((1,2,3,4,1))),$);
#9508=IFCARBITRARYPROFILEDEFWITHVOIDS(.AREA.,$,#9505,(#9507));
#9509=IFCCARTESIANPOINT((0.56979758106172085,0.090000001713633537,0.02500000037252903));
#9510=IFCDIRECTION((0.,-1.,0.));
#9511=IFCDIRECTION((1.,0.,0.));
#9512=IFCAXIS2PLACEMENT3D(#9509,#9510,#9511);
#9513=IFCDIRECTION((0.,0.,-1.));
#9514=IFCEXTRUDEDAREASOLID(#9508,#9512,#9513,0.035000000149011612);
#9515=IFCINDEXEDPOLYCURVE(#9516,(IFCLINEINDEX((1,2,3,4,1))),$);
#9516=IFCCARTESIANPOINTLIST2D(((0.035000000149011612,0.035000000149011612),(0.51699626073241234,0.035000000149011612),(0.51699626073241234,0.81499997526407242),(0.035000000149011612,0.81499997526407242)));
#9517=IFCARBITRARYCLOSEDPROFILEDEF(.AREA.,$,#9515);
#9518=IFCCARTESIANPOINT((0.56979758106172085,0.10250000178813934,0.02500000037252903));
#9519=IFCDIRECTION((0.,-1.,0.));
#9520=IFCDIRECTION((1.,0.,0.));
#9521=IFCAXIS2PLACEMENT3D(#9518,#9519,#9520);
#9522=IFCDIRECTION((0.,0.,-1.));
#9523=IFCEXTRUDEDAREASOLID(#9517,#9521,#9522,0.01);
#9524=IFCSHAPEREPRESENTATION(#11,'Body','SweptSolid',(#9450,#9461,#9472,#9481,#9492,#9503,#9514,#9523));
#9525=IFCCARTESIANPOINTLIST2D(((0.05000000074505806,0.05000000074505806),(0.55525270104408264,0.05000000074505806)));
#9526=IFCINDEXEDPOLYCURVE(#9525,$,$);
#9527=IFCCARTESIANPOINTLIST2D(((0.,0.10000000149011612),(0.02500000037252903,0.10000000149011612),(0.02500000037252903,0.090000001713633537),(0.05000000074505806,0.090000001713633537),(0.05000000074505806,0.05000000074505806),(0.,0.05000000074505806)));
#9528=IFCINDEXEDPOLYCURVE(#9527,(IFCLINEINDEX((1,2,3,4,5,6,1))),$);
#9529=IFCCARTESIANPOINTLIST2D(((0.57502514123916626,0.10000000149011612),(0.58025270141661167,0.10000000149011612),(0.58025270141661167,0.090000001713633537),(0.55525270104408264,0.090000001713633537),(0.55525270104408264,0.05000000074505806),(0.57502514123916626,0.05000000074505806)));
#9530=IFCINDEXEDPOLYCURVE(#9529,$,$);
#9531=IFCCARTESIANPOINTLIST2D(((0.02500000037252903,0.090000001713633537),(0.060000000521540642,0.090000001713633537),(0.060000000521540642,0.12500000186264515),(0.02500000037252903,0.12500000186264515)));
#9532=IFCINDEXEDPOLYCURVE(#9531,(IFCLINEINDEX((1,2,3,4,1))),$);
#9533=IFCINDEXEDPOLYCURVE(#9534,(IFCLINEINDEX((1,2,3,4,1))),$);
#9534=IFCCARTESIANPOINTLIST2D(((0.58025270141661167,0.090000001713633537),(0.54525270126760006,0.090000001713633537),(0.54525270126760006,0.12500000186264515),(0.58025270141661167,0.12500000186264515)));
#9535=IFCCARTESIANPOINTLIST2D(((0.060000000521540642,0.090000001713633537),(0.54525270126760006,0.090000001713633537)));
#9536=IFCINDEXEDPOLYCURVE(#9535,$,$);
#9537=IFCINDEXEDPOLYCURVE(#9538,$,$);
#9538=IFCCARTESIANPOINTLIST2D(((0.060000000521540642,0.12500000186264515),(0.54525270126760006,0.12500000186264515)));
#9539=IFCINDEXEDPOLYCURVE(#9540,$,$);
#9540=IFCCARTESIANPOINTLIST2D(((0.060000000521540642,0.10750000178813934),(0.54525270126760006,0.10750000178813934)));
#9541=IFCCARTESIANPOINTLIST2D(((0.59479758143424988,0.05000000074505806),(1.0967938415706158,0.05000000074505806)));
#9542=IFCINDEXEDPOLYCURVE(#9541,$,$);
#9543=IFCCARTESIANPOINTLIST2D(((0.57502514123916626,0.10000000149011612),(0.56979758106172085,0.10000000149011612),(0.56979758106172085,0.090000001713633537),(0.59479758143424988,0.090000001713633537),(0.59479758143424988,0.05000000074505806),(0.57502514123916626,0.05000000074505806)));
#9544=IFCINDEXEDPOLYCURVE(#9543,$,$);
#9545=IFCCARTESIANPOINTLIST2D(((1.1467938423156738,0.10000000149011612),(1.1217938419431448,0.10000000149011612),(1.1217938419431448,0.090000001713633537),(1.0967938415706158,0.090000001713633537),(1.0967938415706158,0.05000000074505806),(1.1467938423156738,0.05000000074505806)));
#9546=IFCINDEXEDPOLYCURVE(#9545,(IFCLINEINDEX((1,2,3,4,5,6,1))),$);
#9547=IFCCARTESIANPOINTLIST2D(((0.56979758106172085,0.090000001713633537),(0.60479758121073246,0.090000001713633537),(0.60479758121073246,0.12500000186264515),(0.56979758106172085,0.12500000186264515)));
#9548=IFCINDEXEDPOLYCURVE(#9547,(IFCLINEINDEX((1,2,3,4,1))),$);
#9549=IFCINDEXEDPOLYCURVE(#9550,(IFCLINEINDEX((1,2,3,4,1))),$);
#9550=IFCCARTESIANPOINTLIST2D(((1.1217938419431448,0.090000001713633537),(1.0867938417941332,0.090000001713633537),(1.0867938417941332,0.12500000186264515),(1.1217938419431448,0.12500000186264515)));
#9551=IFCCARTESIANPOINTLIST2D(((0.60479758121073246,0.090000001713633537),(1.0867938417941332,0.090000001713633537)));
#9552=IFCINDEXEDPOLYCURVE(#9551,$,$);
#9553=IFCINDEXEDPOLYCURVE(#9554,$,$);
#9554=IFCCARTESIANPOINTLIST2D(((0.60479758121073246,0.12500000186264515),(1.0867938417941332,0.12500000186264515)));
#9555=IFCINDEXEDPOLYCURVE(#9556,$,$);
#9556=IFCCARTESIANPOINTLIST2D(((0.60479758121073246,0.10750000178813934),(1.0867938417941332,0.10750000178813934)));
#9557=IFCSHAPEREPRESENTATION(#24,'Body','Curve2D',(#9526,#9528,#9530,#9532,#9533,#9536,#9537,#9539,#9542,#9544,#9546,#9548,#9549,#9552,#9553,#9555));
#9558=IFCCARTESIANPOINTLIST2D(((0.,0.),(1.1467938423156738,0.),(1.1467938423156738,0.89999997615814209),(0.,0.89999997615814209)));
#9559=IFCINDEXEDPOLYCURVE(#9558,(IFCLINEINDEX((1,2,3,4,1))),$);
#9560=IFCARBITRARYCLOSEDPROFILEDEF(.AREA.,$,#9559);
#9561=IFCCARTESIANPOINT((0.,-0.60000002384185791,0.));
#9562=IFCDIRECTION((0.,-1.,0.));
#9563=IFCDIRECTION((1.,0.,0.));
#9564=IFCAXIS2PLACEMENT3D(#9561,#9562,#9563);
#9565=IFCDIRECTION((0.,0.,-1.));
#9566=IFCEXTRUDEDAREASOLID(#9560,#9564,#9565,1.2);
#9567=IFCSHAPEREPRESENTATION(#11,'Body','SweptSolid',(#9566));
#9573=IFCCARTESIANPOINT((0.38421619285026232,1.1920928955078125E-06,1.));
#9574=IFCDIRECTION((0.,0.,1.));
#9575=IFCDIRECTION((0.99999999999988631,-4.7683715820307079E-07,0.));
#9576=IFCAXIS2PLACEMENT3D(#9573,#9574,#9575);
#9577=IFCLOCALPLACEMENT(#7970,#9576);
#9578=IFCCARTESIANPOINT((0.,0.,0.));
#9579=IFCDIRECTION((0.,0.,1.));
#9580=IFCDIRECTION((1.,0.,0.));
#9581=IFCAXIS2PLACEMENT3D(#9578,#9579,#9580);
#9582=IFCLOCALPLACEMENT(#9577,#9581);
#10014=IFCDOORTYPE('1ZzKghmGD8Zu_1uxboSJme',$,'Bedroom-2-1-2F',$,$,(#10015),(#10017,#10025,#10145),$,$,.DOOR.,.SINGLE_SWING_LEFT.,$,$);
#10015=IFCPROPERTYSET('161448MkbBzO2VOkpQRbvx',$,'BBIM_Door',$,(#10016));
#10016=IFCPROPERTYSINGLEVALUE('Data',$,IFCTEXT('{"door_type": "SINGLE_SWING_LEFT", "overall_height": 2.0, "overall_width": 0.8890297412872314, "lining_properties": {"lining_depth": 0.05000000074505806, "lining_thickness": 0.05000000074505806, "lining_offset": 0.0, "lining_to_panel_offset_x": 0.02500000037252903, "lining_to_panel_offset_y": 0.02500000037252903, "transom_thickness": 0.02969539165496826, "transom_offset": 1.598587155342102, "casing_thickness": 0.07500000298023224, "casing_depth": 0.004999999888241291, "threshold_thickness": 0.02500000037252903, "threshold_depth": 0.10000000149011612, "threshold_offset": 0.0}, "panel_properties": {"panel_depth": 0.03500000014901161, "panel_width_ratio": 1.0, "frame_thickness": 0.03500000014901161, "frame_depth": 0.03500000014901161}}'),$);
#10017=IFCREPRESENTATIONMAP(#10018,#10409);
#10018=IFCAXIS2PLACEMENT3D(#10019,#10020,#10021);
#10019=IFCCARTESIANPOINT((0.,0.,0.));
#10020=IFCDIRECTION((0.,0.,1.));
#10021=IFCDIRECTION((1.,0.,0.));
#10025=IFCREPRESENTATIONMAP(#10026,#10524);
#10026=IFCAXIS2PLACEMENT3D(#10027,#10028,#10029);
#10027=IFCCARTESIANPOINT((0.,0.,0.));
#10028=IFCDIRECTION((0.,0.,1.));
#10029=IFCDIRECTION((1.,0.,0.));
#10145=IFCREPRESENTATIONMAP(#10146,#10538);
#10146=IFCAXIS2PLACEMENT3D(#10147,#10148,#10149);
#10147=IFCCARTESIANPOINT((0.,0.,0.));
#10148=IFCDIRECTION((0.,0.,1.));
#10149=IFCDIRECTION((1.,0.,0.));
#10164=IFCDOOR('377QxSEQHESO$$2LiiXhT3',$,'Door',$,$,#10563,#10173,$,2.,0.88902974128723145,$,.SINGLE_SWING_LEFT.,$);
#10165=IFCRELDEFINESBYTYPE('1hYXNu7bLCuuFa1TAKOvey',$,$,$,(#10164),#10014);
#10166=IFCCARTESIANPOINT((0.,0.,0.));
#10167=IFCDIRECTION((1.,0.,0.));
#10168=IFCDIRECTION((0.,1.,0.));
#10169=IFCDIRECTION((0.,0.,1.));
#10170=IFCCARTESIANTRANSFORMATIONOPERATOR3D(#10167,#10168,#10166,1.,#10169);
#10171=IFCMAPPEDITEM(#10017,#10170);
#10172=IFCSHAPEREPRESENTATION(#18,'Profile','MappedRepresentation',(#10171));
#10173=IFCPRODUCTDEFINITIONSHAPE($,$,(#10172,#10180,#10187));
#10174=IFCCARTESIANPOINT((0.,0.,0.));
#10175=IFCDIRECTION((1.,0.,0.));
#10176=IFCDIRECTION((0.,1.,0.));
#10177=IFCDIRECTION((0.,0.,1.));
#10178=IFCCARTESIANTRANSFORMATIONOPERATOR3D(#10175,#10176,#10174,1.,#10177);
#10179=IFCMAPPEDITEM(#10025,#10178);
#10180=IFCSHAPEREPRESENTATION(#11,'Body','MappedRepresentation',(#10179));
#10181=IFCCARTESIANPOINT((0.,0.,0.));
#10182=IFCDIRECTION((1.,0.,0.));
#10183=IFCDIRECTION((0.,1.,0.));
#10184=IFCDIRECTION((0.,0.,1.));
#10185=IFCCARTESIANTRANSFORMATIONOPERATOR3D(#10182,#10183,#10181,1.,#10184);
#10186=IFCMAPPEDITEM(#10145,#10185);
#10187=IFCSHAPEREPRESENTATION(#24,'Body','MappedRepresentation',(#10186));
#10188=IFCOPENINGELEMENT('3C4HXzSRXDmvBMkdTxpQ71',$,'Opening',$,$,#10558,#10216,$,.OPENING.);
#10204=IFCCARTESIANPOINT((0.,0.,0.));
#10205=IFCDIRECTION((1.,0.,0.));
#10206=IFCDIRECTION((0.,0.,1.));
#10207=IFCAXIS2PLACEMENT3D(#10204,#10206,#10205);
#10208=IFCREPRESENTATIONMAP(#10207,#10548);
#10209=IFCCARTESIANPOINT((0.,0.,0.));
#10210=IFCDIRECTION((1.,0.,0.));
#10211=IFCDIRECTION((0.,1.,0.));
#10212=IFCDIRECTION((0.,0.,1.));
#10213=IFCCARTESIANTRANSFORMATIONOPERATOR3D(#10210,#10211,#10209,1.,#10212);
#10214=IFCMAPPEDITEM(#10208,#10213);
#10215=IFCSHAPEREPRESENTATION(#11,'Body','MappedRepresentation',(#10214));
#10216=IFCPRODUCTDEFINITIONSHAPE($,$,(#10215));
#10217=IFCRELVOIDSELEMENT('2L_o0$Cw942x5fdz5_md$X',$,$,$,#7786,#10188);
#10223=IFCRELFILLSELEMENT('3BCFWys5H4EQ8goFm$vIU5',$,$,$,#10188,#10164);
#10347=IFCSHAPEREPRESENTATION(#11,'Body','SweptSolid',(#10492,#10503,#10454,#10436,#10445,#10418,#10427));
#10348=IFCSHAPEASPECT((#10347),'Lining',$,.T.,#10173);
#10349=IFCSHAPEREPRESENTATION(#11,'Body','SweptSolid',(#10514,#10472,#10463,#10473));
#10350=IFCSHAPEASPECT((#10349),'Framing',$,.T.,#10173);
#10351=IFCSHAPEREPRESENTATION(#11,'Body','SweptSolid',(#10523));
#10352=IFCSHAPEASPECT((#10351),'Glazing',$,.T.,#10173);
#10407=IFCCARTESIANPOINTLIST3D(((0.,0.,0.),(0.88902974128723145,0.,0.),(0.88902974128723145,0.,2.),(0.,0.,2.)));
#10408=IFCINDEXEDPOLYCURVE(#10407,(IFCLINEINDEX((1,2,3,4,1))),$);
#10409=IFCSHAPEREPRESENTATION(#18,'Profile','Curve3D',(#10408));
#10410=IFCCARTESIANPOINTLIST2D(((0.,0.),(0.,1.6134348511695862),(0.88902974128723145,1.6134348511695862),(0.88902974128723145,0.),(0.86402974091470242,0.),(0.86402974091470242,1.5985871553421021),(0.02500000037252903,1.5985871553421021),(0.02500000037252903,0.)));
#10411=IFCINDEXEDPOLYCURVE(#10410,(IFCLINEINDEX((1,2,3,4,5,6,7,8,1))),$);
#10412=IFCARBITRARYCLOSEDPROFILEDEF(.AREA.,$,#10411);
#10413=IFCCARTESIANPOINT((0.,0.02500000037252903,0.));
#10414=IFCDIRECTION((0.,-1.,0.));
#10415=IFCDIRECTION((1.,0.,0.));
#10416=IFCAXIS2PLACEMENT3D(#10413,#10414,#10415);
#10417=IFCDIRECTION((0.,0.,-1.));
#10418=IFCEXTRUDEDAREASOLID(#10412,#10416,#10417,0.02500000037252903);
#10419=IFCCARTESIANPOINTLIST2D(((0.,0.),(0.,1.6134348511695862),(0.88902974128723145,1.6134348511695862),(0.88902974128723145,0.),(0.83902974054217339,0.),(0.83902974054217339,1.5985871553421021),(0.05000000074505806,1.5985871553421021),(0.05000000074505806,0.)));
#10420=IFCINDEXEDPOLYCURVE(#10419,(IFCLINEINDEX((1,2,3,4,5,6,7,8,1))),$);
#10421=IFCARBITRARYCLOSEDPROFILEDEF(.AREA.,$,#10420);
#10422=IFCCARTESIANPOINT((0.,0.,0.));
#10423=IFCDIRECTION((0.,-1.,0.));
#10424=IFCDIRECTION((1.,0.,0.));
#10425=IFCAXIS2PLACEMENT3D(#10422,#10423,#10424);
#10426=IFCDIRECTION((0.,0.,-1.));
#10427=IFCEXTRUDEDAREASOLID(#10421,#10425,#10426,0.02500000037252903);
#10428=IFCCARTESIANPOINTLIST2D(((0.,0.),(0.78902973979711533,0.),(0.78902973979711533,0.10000000149011612),(0.,0.10000000149011612)));
#10429=IFCINDEXEDPOLYCURVE(#10428,(IFCLINEINDEX((1,2,3,4,1))),$);
#10430=IFCARBITRARYCLOSEDPROFILEDEF(.AREA.,$,#10429);
#10431=IFCCARTESIANPOINT((0.05000000074505806,0.,0.));
#10432=IFCDIRECTION((0.,0.,1.));
#10433=IFCDIRECTION((1.,0.,0.));
#10434=IFCAXIS2PLACEMENT3D(#10431,#10432,#10433);
#10435=IFCDIRECTION((0.,0.,1.));
#10436=IFCEXTRUDEDAREASOLID(#10430,#10434,#10435,0.02500000037252903);
#10437=IFCCARTESIANPOINTLIST2D(((0.,0.),(0.,2.0250000022351742),(0.9390297457575798,2.0250000022351742),(0.9390297457575798,0.),(0.86402974277734756,0.),(0.86402974277734756,1.9499999992549419),(0.075000002980232239,1.9499999992549419),(0.075000002980232239,0.)));
#10438=IFCINDEXEDPOLYCURVE(#10437,(IFCLINEINDEX((1,2,3,4,5,6,7,8,1))),$);
#10439=IFCARBITRARYCLOSEDPROFILEDEF(.AREA.,$,#10438);
#10440=IFCCARTESIANPOINT((-0.025000002235174179,-0.004999999888241291,0.));
#10441=IFCDIRECTION((0.,-1.,0.));
#10442=IFCDIRECTION((1.,0.,0.));
#10443=IFCAXIS2PLACEMENT3D(#10440,#10441,#10442);
#10444=IFCDIRECTION((0.,0.,-1.));
#10445=IFCEXTRUDEDAREASOLID(#10439,#10443,#10444,0.004999999888241291);
#10446=IFCCARTESIANPOINTLIST2D(((0.,0.),(0.,2.0250000022351742),(0.9390297457575798,2.0250000022351742),(0.9390297457575798,0.),(0.88902974314987659,0.),(0.88902974314987659,1.9499999992549419),(0.050000002607703209,1.9499999992549419),(0.050000002607703209,0.)));
#10447=IFCINDEXEDPOLYCURVE(#10446,(IFCLINEINDEX((1,2,3,4,5,6,7,8,1))),$);
#10448=IFCARBITRARYCLOSEDPROFILEDEF(.AREA.,$,#10447);
#10449=IFCCARTESIANPOINT((-0.025000002235174179,0.05000000074505806,0.));
#10450=IFCDIRECTION((0.,-1.,0.));
#10451=IFCDIRECTION((1.,0.,0.));
#10452=IFCAXIS2PLACEMENT3D(#10449,#10450,#10451);
#10453=IFCDIRECTION((0.,0.,-1.));
#10454=IFCEXTRUDEDAREASOLID(#10448,#10452,#10453,0.004999999888241291);
#10455=IFCCARTESIANPOINTLIST2D(((0.,0.),(0.83902974054217339,0.),(0.83902974054217339,0.035000000149011612),(0.,0.035000000149011612)));
#10456=IFCINDEXEDPOLYCURVE(#10455,(IFCLINEINDEX((1,2,3,4,1))),$);
#10457=IFCARBITRARYCLOSEDPROFILEDEF(.AREA.,$,#10456);
#10458=IFCCARTESIANPOINT((0.02500000037252903,0.02500000037252903,0.02500000037252903));
#10459=IFCDIRECTION((0.,0.,1.));
#10460=IFCDIRECTION((1.,0.,0.));
#10461=IFCAXIS2PLACEMENT3D(#10458,#10459,#10460);
#10462=IFCDIRECTION((0.,0.,1.));
#10463=IFCEXTRUDEDAREASOLID(#10457,#10461,#10462,1.5634348504245281);
#10464=IFCCARTESIANPOINTLIST2D(((0.,0.),(0.,-0.040000000000000001),(-0.11999999999999988,-0.040000000000000001),(-0.11999999999999988,-0.02),(-0.020000000000000018,-0.02),(-0.020000000000000018,0.)));
#10465=IFCINDEXEDPOLYCURVE(#10464,(IFCLINEINDEX((1,2,3,4,5,6,1))),$);
#10466=IFCARBITRARYCLOSEDPROFILEDEF(.AREA.,$,#10465);
#10467=IFCCARTESIANPOINT((0.81402974091470237,0.02500000037252903,1.015000000372529));
#10468=IFCDIRECTION((0.,0.,1.));
#10469=IFCDIRECTION((1.,0.,0.));
#10470=IFCAXIS2PLACEMENT3D(#10467,#10468,#10469);
#10471=IFCDIRECTION((0.,0.,1.));
#10472=IFCEXTRUDEDAREASOLID(#10466,#10470,#10471,0.02);
#10473=IFCEXTRUDEDAREASOLID(#10474,#10477,#10481,0.02);
#10474=IFCARBITRARYCLOSEDPROFILEDEF(.AREA.,$,#10475);
#10475=IFCINDEXEDPOLYCURVE(#10476,(IFCLINEINDEX((1,2,3,4,5,6,1))),$);
#10476=IFCCARTESIANPOINTLIST2D(((0.,0.),(0.,0.040000000000000008),(-0.11999999999999988,0.040000000000000008),(-0.11999999999999988,0.020000000000000004),(-0.020000000000000018,0.020000000000000004),(-0.020000000000000018,0.)));
#10477=IFCAXIS2PLACEMENT3D(#10478,#10479,#10480);
#10478=IFCCARTESIANPOINT((0.81402974091470237,0.060000000521540642,1.015000000372529));
#10479=IFCDIRECTION((0.,0.,1.));
#10480=IFCDIRECTION((1.,0.,0.));
#10481=IFCDIRECTION((0.,0.,1.));
#10482=IFCCARTESIANPOINTLIST2D(((0.,0.),(0.88902974128723145,0.),(0.88902974128723145,0.38656514883041382),(0.,0.38656514883041382)));
#10483=IFCINDEXEDPOLYCURVE(#10482,(IFCLINEINDEX((1,2,3,4,1))),$);
#10484=IFCCARTESIANPOINTLIST2D(((0.02500000037252903,0.014847695827484131),(0.86402974091470242,0.014847695827484131),(0.86402974091470242,0.36156514845788479),(0.02500000037252903,0.36156514845788479)));
#10485=IFCINDEXEDPOLYCURVE(#10484,(IFCLINEINDEX((1,2,3,4,1))),$);
#10486=IFCARBITRARYPROFILEDEFWITHVOIDS(.AREA.,$,#10483,(#10485));
#10487=IFCCARTESIANPOINT((0.,0.02500000037252903,1.6134348511695862));
#10488=IFCDIRECTION((0.,-1.,0.));
#10489=IFCDIRECTION((1.,0.,0.));
#10490=IFCAXIS2PLACEMENT3D(#10487,#10488,#10489);
#10491=IFCDIRECTION((0.,0.,-1.));
#10492=IFCEXTRUDEDAREASOLID(#10486,#10490,#10491,0.02500000037252903);
#10493=IFCCARTESIANPOINTLIST2D(((0.,0.),(0.88902974128723145,0.),(0.88902974128723145,0.38656514883041382),(0.,0.38656514883041382)));
#10494=IFCINDEXEDPOLYCURVE(#10493,(IFCLINEINDEX((1,2,3,4,1))),$);
#10495=IFCCARTESIANPOINTLIST2D(((0.05000000074505806,0.014847695827484131),(0.83902974054217339,0.014847695827484131),(0.83902974054217339,0.33656514808535576),(0.05000000074505806,0.33656514808535576)));
#10496=IFCINDEXEDPOLYCURVE(#10495,(IFCLINEINDEX((1,2,3,4,1))),$);
#10497=IFCARBITRARYPROFILEDEFWITHVOIDS(.AREA.,$,#10494,(#10496));
#10498=IFCCARTESIANPOINT((0.,0.,1.6134348511695862));
#10499=IFCDIRECTION((0.,-1.,0.));
#10500=IFCDIRECTION((1.,0.,0.));
#10501=IFCAXIS2PLACEMENT3D(#10498,#10499,#10500);
#10502=IFCDIRECTION((0.,0.,-1.));
#10503=IFCEXTRUDEDAREASOLID(#10497,#10501,#10502,0.02500000037252903);
#10504=IFCCARTESIANPOINTLIST2D(((0.,0.),(0.83902974054217339,0.),(0.83902974054217339,0.33656514808535576),(0.,0.33656514808535576)));
#10505=IFCINDEXEDPOLYCURVE(#10504,(IFCLINEINDEX((1,2,3,4,1))),$);
#10506=IFCCARTESIANPOINTLIST2D(((0.035000000149011612,0.035000000149011612),(0.80402974039316177,0.035000000149011612),(0.80402974039316177,0.30156514793634415),(0.035000000149011612,0.30156514793634415)));
#10507=IFCINDEXEDPOLYCURVE(#10506,(IFCLINEINDEX((1,2,3,4,1))),$);
#10508=IFCARBITRARYPROFILEDEFWITHVOIDS(.AREA.,$,#10505,(#10507));
#10509=IFCCARTESIANPOINT((0.02500000037252903,0.02500000037252903,1.6384348515421152));
#10510=IFCDIRECTION((0.,-1.,0.));
#10511=IFCDIRECTION((1.,0.,0.));
#10512=IFCAXIS2PLACEMENT3D(#10509,#10510,#10511);
#10513=IFCDIRECTION((0.,0.,-1.));
#10514=IFCEXTRUDEDAREASOLID(#10508,#10512,#10513,0.035000000149011612);
#10515=IFCINDEXEDPOLYCURVE(#10516,(IFCLINEINDEX((1,2,3,4,1))),$);
#10516=IFCCARTESIANPOINTLIST2D(((0.035000000149011612,0.035000000149011612),(0.80402974039316177,0.035000000149011612),(0.80402974039316177,0.30156514793634415),(0.035000000149011612,0.30156514793634415)));
#10517=IFCARBITRARYCLOSEDPROFILEDEF(.AREA.,$,#10515);
#10518=IFCCARTESIANPOINT((0.02500000037252903,0.037500000447034831,1.6384348515421152));
#10519=IFCDIRECTION((0.,-1.,0.));
#10520=IFCDIRECTION((1.,0.,0.));
#10521=IFCAXIS2PLACEMENT3D(#10518,#10519,#10520);
#10522=IFCDIRECTION((0.,0.,-1.));
#10523=IFCEXTRUDEDAREASOLID(#10517,#10521,#10522,0.01);
#10524=IFCSHAPEREPRESENTATION(#11,'Body','SweptSolid',(#10418,#10427,#10463,#10472,#10473,#10492,#10503,#10514,#10523,#10436,#10445,#10454));
#10525=IFCCARTESIANPOINTLIST2D(((0.,0.),(0.,0.05000000074505806),(0.02500000037252903,0.05000000074505806),(0.02500000037252903,0.02500000037252903),(0.05000000074505806,0.02500000037252903),(0.05000000074505806,0.)));
#10526=IFCINDEXEDPOLYCURVE(#10525,(IFCLINEINDEX((1,2,3,4,5,6,1))),$);
#10527=IFCINDEXEDPOLYCURVE(#10528,(IFCLINEINDEX((1,2,3,4,5,6,1))),$);
#10528=IFCCARTESIANPOINTLIST2D(((0.88902974128723145,0.),(0.88902974128723145,0.05000000074505806),(0.86402974091470242,0.05000000074505806),(0.86402974091470242,0.02500000037252903),(0.83902974054217339,0.02500000037252903),(0.83902974054217339,0.)));
#10529=IFCDIRECTION((1.,0.));
#10530=IFCCARTESIANPOINT((0.060000000521540642,0.05000000074505806));
#10531=IFCAXIS2PLACEMENT2D(#10530,#10529);
#10532=IFCELLIPSE(#10531,0.80402974039316177,0.83902974054217339);
#10533=IFCCARTESIANPOINT((0.86402974091470242,0.05000000074505806));
#10534=IFCCARTESIANPOINT((0.060000000521540642,0.88902974128723145));
#10535=IFCTRIMMEDCURVE(#10532,(#10533),(#10534),.T.,.CARTESIAN.);
#10536=IFCCARTESIANPOINTLIST2D(((0.02500000037252903,0.05000000074505806),(0.060000000521540642,0.05000000074505806),(0.060000000521540642,0.88902974128723145),(0.02500000037252903,0.88902974128723145)));
#10537=IFCINDEXEDPOLYCURVE(#10536,(IFCLINEINDEX((1,2,3,4,1))),$);
#10538=IFCSHAPEREPRESENTATION(#24,'Body','Curve2D',(#10526,#10527,#10535,#10537));
#10539=IFCCARTESIANPOINTLIST2D(((0.,0.),(0.88902974128723145,0.),(0.88902974128723145,2.),(0.,2.)));
#10540=IFCINDEXEDPOLYCURVE(#10539,(IFCLINEINDEX((1,2,3,4,1))),$);
#10541=IFCARBITRARYCLOSEDPROFILEDEF(.AREA.,$,#10540);
#10542=IFCCARTESIANPOINT((0.,-0.60000002384185791,0.));
#10543=IFCDIRECTION((0.,-1.,0.));
#10544=IFCDIRECTION((1.,0.,0.));
#10545=IFCAXIS2PLACEMENT3D(#10542,#10543,#10544);
#10546=IFCDIRECTION((0.,0.,-1.));
#10547=IFCEXTRUDEDAREASOLID(#10541,#10545,#10546,1.2);
#10548=IFCSHAPEREPRESENTATION(#11,'Body','SweptSolid',(#10547));
#10554=IFCCARTESIANPOINT((0.26025998887746371,-2.6654026230588101E-07,0.));
#10555=IFCDIRECTION((0.,0.,1.));
#10556=IFCDIRECTION((0.99999999999991462,-4.1327247749011267E-07,0.));
#10557=IFCAXIS2PLACEMENT3D(#10554,#10555,#10556);
#10558=IFCLOCALPLACEMENT(#7893,#10557);
#10559=IFCCARTESIANPOINT((0.,0.,0.));
#10560=IFCDIRECTION((0.,0.,1.));
#10561=IFCDIRECTION((1.,4.3368086899420177E-19,0.));
#10562=IFCAXIS2PLACEMENT3D(#10559,#10560,#10561);
#10563=IFCLOCALPLACEMENT(#10558,#10562);
#10564=IFCDOORTYPE('1oE_Apr8PBARCo98MdVPmk',$,'Bedroom-2-2-2F',$,$,(#10565),(#10567,#10575,#10695),$,$,.DOOR.,.SINGLE_SWING_LEFT.,$,$);
#10565=IFCPROPERTYSET('1qsG2YTLb7VQaJw9W9rifn',$,'BBIM_Door',$,(#10566));
#10566=IFCPROPERTYSINGLEVALUE('Data',$,IFCTEXT('{"door_type": "SINGLE_SWING_LEFT", "overall_height": 2.0, "overall_width": 0.8890297412872314, "lining_properties": {"lining_depth": 0.05000000074505806, "lining_thickness": 0.05000000074505806, "lining_offset": 0.0, "lining_to_panel_offset_x": 0.02500000037252903, "lining_to_panel_offset_y": 0.02500000037252903, "transom_thickness": 0.02969539165496826, "transom_offset": 1.598587155342102, "casing_thickness": 0.07500000298023224, "casing_depth": 0.004999999888241291, "threshold_thickness": 0.02500000037252903, "threshold_depth": 0.10000000149011612, "threshold_offset": 0.0}, "panel_properties": {"panel_depth": 0.03500000014901161, "panel_width_ratio": 1.0, "frame_thickness": 0.03500000014901161, "frame_depth": 0.03500000014901161}}'),$);
#10567=IFCREPRESENTATIONMAP(#10568,#10572);
#10568=IFCAXIS2PLACEMENT3D(#10569,#10570,#10571);
#10569=IFCCARTESIANPOINT((0.,0.,0.));
#10570=IFCDIRECTION((0.,0.,1.));
#10571=IFCDIRECTION((1.,0.,0.));
#10572=IFCSHAPEREPRESENTATION(#18,'Profile','Curve3D',(#10573));
#10573=IFCINDEXEDPOLYCURVE(#10574,(IFCLINEINDEX((1,2,3,4,1))),$);
#10574=IFCCARTESIANPOINTLIST3D(((0.,0.,0.),(0.88902974128723145,0.,0.),(0.88902974128723145,0.,2.),(0.,0.,2.)));
#10575=IFCREPRESENTATIONMAP(#10576,#10580);
#10576=IFCAXIS2PLACEMENT3D(#10577,#10578,#10579);
#10577=IFCCARTESIANPOINT((0.,0.,0.));
#10578=IFCDIRECTION((0.,0.,1.));
#10579=IFCDIRECTION((1.,0.,0.));
#10580=IFCSHAPEREPRESENTATION(#11,'Body','SweptSolid',(#10581,#10590,#10599,#10608,#10617,#10626,#10637,#10648,#10659,#10668,#10677,#10686));
#10581=IFCEXTRUDEDAREASOLID(#10582,#10585,#10589,0.02500000037252903);
#10582=IFCARBITRARYCLOSEDPROFILEDEF(.AREA.,$,#10583);
#10583=IFCINDEXEDPOLYCURVE(#10584,(IFCLINEINDEX((1,2,3,4,5,6,7,8,1))),$);
#10584=IFCCARTESIANPOINTLIST2D(((0.,0.),(0.,1.6134348511695862),(0.88902974128723145,1.6134348511695862),(0.88902974128723145,0.),(0.86402974091470242,0.),(0.86402974091470242,1.5985871553421021),(0.02500000037252903,1.5985871553421021),(0.02500000037252903,0.)));
#10585=IFCAXIS2PLACEMENT3D(#10586,#10587,#10588);
#10586=IFCCARTESIANPOINT((0.,0.02500000037252903,0.));
#10587=IFCDIRECTION((0.,-1.,0.));
#10588=IFCDIRECTION((1.,0.,0.));
#10589=IFCDIRECTION((0.,0.,-1.));
#10590=IFCEXTRUDEDAREASOLID(#10591,#10594,#10598,0.02500000037252903);
#10591=IFCARBITRARYCLOSEDPROFILEDEF(.AREA.,$,#10592);
#10592=IFCINDEXEDPOLYCURVE(#10593,(IFCLINEINDEX((1,2,3,4,5,6,7,8,1))),$);
#10593=IFCCARTESIANPOINTLIST2D(((0.,0.),(0.,1.6134348511695862),(0.88902974128723145,1.6134348511695862),(0.88902974128723145,0.),(0.83902974054217339,0.),(0.83902974054217339,1.5985871553421021),(0.05000000074505806,1.5985871553421021),(0.05000000074505806,0.)));
#10594=IFCAXIS2PLACEMENT3D(#10595,#10596,#10597);
#10595=IFCCARTESIANPOINT((0.,0.,0.));
#10596=IFCDIRECTION((0.,-1.,0.));
#10597=IFCDIRECTION((1.,0.,0.));
#10598=IFCDIRECTION((0.,0.,-1.));
#10599=IFCEXTRUDEDAREASOLID(#10600,#10603,#10607,1.5634348504245281);
#10600=IFCARBITRARYCLOSEDPROFILEDEF(.AREA.,$,#10601);
#10601=IFCINDEXEDPOLYCURVE(#10602,(IFCLINEINDEX((1,2,3,4,1))),$);
#10602=IFCCARTESIANPOINTLIST2D(((0.,0.),(0.83902974054217339,0.),(0.83902974054217339,0.035000000149011612),(0.,0.035000000149011612)));
#10603=IFCAXIS2PLACEMENT3D(#10604,#10605,#10606);
#10604=IFCCARTESIANPOINT((0.02500000037252903,0.02500000037252903,0.02500000037252903));
#10605=IFCDIRECTION((0.,0.,1.));
#10606=IFCDIRECTION((1.,0.,0.));
#10607=IFCDIRECTION((0.,0.,1.));
#10608=IFCEXTRUDEDAREASOLID(#10609,#10612,#10616,0.02);
#10609=IFCARBITRARYCLOSEDPROFILEDEF(.AREA.,$,#10610);
#10610=IFCINDEXEDPOLYCURVE(#10611,(IFCLINEINDEX((1,2,3,4,5,6,1))),$);
#10611=IFCCARTESIANPOINTLIST2D(((0.,0.),(0.,-0.040000000000000001),(-0.11999999999999988,-0.040000000000000001),(-0.11999999999999988,-0.02),(-0.020000000000000018,-0.02),(-0.020000000000000018,0.)));
#10612=IFCAXIS2PLACEMENT3D(#10613,#10614,#10615);
#10613=IFCCARTESIANPOINT((0.81402974091470237,0.02500000037252903,1.015000000372529));
#10614=IFCDIRECTION((0.,0.,1.));
#10615=IFCDIRECTION((1.,0.,0.));
#10616=IFCDIRECTION((0.,0.,1.));
#10617=IFCEXTRUDEDAREASOLID(#10618,#10621,#10625,0.02);
#10618=IFCARBITRARYCLOSEDPROFILEDEF(.AREA.,$,#10619);
#10619=IFCINDEXEDPOLYCURVE(#10620,(IFCLINEINDEX((1,2,3,4,5,6,1))),$);
#10620=IFCCARTESIANPOINTLIST2D(((0.,0.),(0.,0.040000000000000008),(-0.11999999999999988,0.040000000000000008),(-0.11999999999999988,0.020000000000000004),(-0.020000000000000018,0.020000000000000004),(-0.020000000000000018,0.)));
#10621=IFCAXIS2PLACEMENT3D(#10622,#10623,#10624);
#10622=IFCCARTESIANPOINT((0.81402974091470237,0.060000000521540642,1.015000000372529));
#10623=IFCDIRECTION((0.,0.,1.));
#10624=IFCDIRECTION((1.,0.,0.));
#10625=IFCDIRECTION((0.,0.,1.));
#10626=IFCEXTRUDEDAREASOLID(#10627,#10632,#10636,0.02500000037252903);
#10627=IFCARBITRARYPROFILEDEFWITHVOIDS(.AREA.,$,#10628,(#10630));
#10628=IFCINDEXEDPOLYCURVE(#10629,(IFCLINEINDEX((1,2,3,4,1))),$);
#10629=IFCCARTESIANPOINTLIST2D(((0.,0.),(0.88902974128723145,0.),(0.88902974128723145,0.38656514883041382),(0.,0.38656514883041382)));
#10630=IFCINDEXEDPOLYCURVE(#10631,(IFCLINEINDEX((1,2,3,4,1))),$);
#10631=IFCCARTESIANPOINTLIST2D(((0.02500000037252903,0.014847695827484131),(0.86402974091470242,0.014847695827484131),(0.86402974091470242,0.36156514845788479),(0.02500000037252903,0.36156514845788479)));
#10632=IFCAXIS2PLACEMENT3D(#10633,#10634,#10635);
#10633=IFCCARTESIANPOINT((0.,0.02500000037252903,1.6134348511695862));
#10634=IFCDIRECTION((0.,-1.,0.));
#10635=IFCDIRECTION((1.,0.,0.));
#10636=IFCDIRECTION((0.,0.,-1.));
#10637=IFCEXTRUDEDAREASOLID(#10638,#10643,#10647,0.02500000037252903);
#10638=IFCARBITRARYPROFILEDEFWITHVOIDS(.AREA.,$,#10639,(#10641));
#10639=IFCINDEXEDPOLYCURVE(#10640,(IFCLINEINDEX((1,2,3,4,1))),$);
#10640=IFCCARTESIANPOINTLIST2D(((0.,0.),(0.88902974128723145,0.),(0.88902974128723145,0.38656514883041382),(0.,0.38656514883041382)));
#10641=IFCINDEXEDPOLYCURVE(#10642,(IFCLINEINDEX((1,2,3,4,1))),$);
#10642=IFCCARTESIANPOINTLIST2D(((0.05000000074505806,0.014847695827484131),(0.83902974054217339,0.014847695827484131),(0.83902974054217339,0.33656514808535576),(0.05000000074505806,0.33656514808535576)));
#10643=IFCAXIS2PLACEMENT3D(#10644,#10645,#10646);
#10644=IFCCARTESIANPOINT((0.,0.,1.6134348511695862));
#10645=IFCDIRECTION((0.,-1.,0.));
#10646=IFCDIRECTION((1.,0.,0.));
#10647=IFCDIRECTION((0.,0.,-1.));
#10648=IFCEXTRUDEDAREASOLID(#10649,#10654,#10658,0.035000000149011612);
#10649=IFCARBITRARYPROFILEDEFWITHVOIDS(.AREA.,$,#10650,(#10652));
#10650=IFCINDEXEDPOLYCURVE(#10651,(IFCLINEINDEX((1,2,3,4,1))),$);
#10651=IFCCARTESIANPOINTLIST2D(((0.,0.),(0.83902974054217339,0.),(0.83902974054217339,0.33656514808535576),(0.,0.33656514808535576)));
#10652=IFCINDEXEDPOLYCURVE(#10653,(IFCLINEINDEX((1,2,3,4,1))),$);
#10653=IFCCARTESIANPOINTLIST2D(((0.035000000149011612,0.035000000149011612),(0.80402974039316177,0.035000000149011612),(0.80402974039316177,0.30156514793634415),(0.035000000149011612,0.30156514793634415)));
#10654=IFCAXIS2PLACEMENT3D(#10655,#10656,#10657);
#10655=IFCCARTESIANPOINT((0.02500000037252903,0.02500000037252903,1.6384348515421152));
#10656=IFCDIRECTION((0.,-1.,0.));
#10657=IFCDIRECTION((1.,0.,0.));
#10658=IFCDIRECTION((0.,0.,-1.));
#10659=IFCEXTRUDEDAREASOLID(#10660,#10663,#10667,0.01);
#10660=IFCARBITRARYCLOSEDPROFILEDEF(.AREA.,$,#10661);
#10661=IFCINDEXEDPOLYCURVE(#10662,(IFCLINEINDEX((1,2,3,4,1))),$);
#10662=IFCCARTESIANPOINTLIST2D(((0.035000000149011612,0.035000000149011612),(0.80402974039316177,0.035000000149011612),(0.80402974039316177,0.30156514793634415),(0.035000000149011612,0.30156514793634415)));
#10663=IFCAXIS2PLACEMENT3D(#10664,#10665,#10666);
#10664=IFCCARTESIANPOINT((0.02500000037252903,0.037500000447034831,1.6384348515421152));
#10665=IFCDIRECTION((0.,-1.,0.));
#10666=IFCDIRECTION((1.,0.,0.));
#10667=IFCDIRECTION((0.,0.,-1.));
#10668=IFCEXTRUDEDAREASOLID(#10669,#10672,#10676,0.02500000037252903);
#10669=IFCARBITRARYCLOSEDPROFILEDEF(.AREA.,$,#10670);
#10670=IFCINDEXEDPOLYCURVE(#10671,(IFCLINEINDEX((1,2,3,4,1))),$);
#10671=IFCCARTESIANPOINTLIST2D(((0.,0.),(0.78902973979711533,0.),(0.78902973979711533,0.10000000149011612),(0.,0.10000000149011612)));
#10672=IFCAXIS2PLACEMENT3D(#10673,#10674,#10675);
#10673=IFCCARTESIANPOINT((0.05000000074505806,0.,0.));
#10674=IFCDIRECTION((0.,0.,1.));
#10675=IFCDIRECTION((1.,0.,0.));
#10676=IFCDIRECTION((0.,0.,1.));
#10677=IFCEXTRUDEDAREASOLID(#10678,#10681,#10685,0.004999999888241291);
#10678=IFCARBITRARYCLOSEDPROFILEDEF(.AREA.,$,#10679);
#10679=IFCINDEXEDPOLYCURVE(#10680,(IFCLINEINDEX((1,2,3,4,5,6,7,8,1))),$);
#10680=IFCCARTESIANPOINTLIST2D(((0.,0.),(0.,2.0250000022351742),(0.9390297457575798,2.0250000022351742),(0.9390297457575798,0.),(0.86402974277734756,0.),(0.86402974277734756,1.9499999992549419),(0.075000002980232239,1.9499999992549419),(0.075000002980232239,0.)));
#10681=IFCAXIS2PLACEMENT3D(#10682,#10683,#10684);
#10682=IFCCARTESIANPOINT((-0.025000002235174179,-0.004999999888241291,0.));
#10683=IFCDIRECTION((0.,-1.,0.));
#10684=IFCDIRECTION((1.,0.,0.));
#10685=IFCDIRECTION((0.,0.,-1.));
#10686=IFCEXTRUDEDAREASOLID(#10687,#10690,#10694,0.004999999888241291);
#10687=IFCARBITRARYCLOSEDPROFILEDEF(.AREA.,$,#10688);
#10688=IFCINDEXEDPOLYCURVE(#10689,(IFCLINEINDEX((1,2,3,4,5,6,7,8,1))),$);
#10689=IFCCARTESIANPOINTLIST2D(((0.,0.),(0.,2.0250000022351742),(0.9390297457575798,2.0250000022351742),(0.9390297457575798,0.),(0.88902974314987659,0.),(0.88902974314987659,1.9499999992549419),(0.050000002607703209,1.9499999992549419),(0.050000002607703209,0.)));
#10690=IFCAXIS2PLACEMENT3D(#10691,#10692,#10693);
#10691=IFCCARTESIANPOINT((-0.025000002235174179,0.05000000074505806,0.));
#10692=IFCDIRECTION((0.,-1.,0.));
#10693=IFCDIRECTION((1.,0.,0.));
#10694=IFCDIRECTION((0.,0.,-1.));
#10695=IFCREPRESENTATIONMAP(#10696,#10700);
#10696=IFCAXIS2PLACEMENT3D(#10697,#10698,#10699);
#10697=IFCCARTESIANPOINT((0.,0.,0.));
#10698=IFCDIRECTION((0.,0.,1.));
#10699=IFCDIRECTION((1.,0.,0.));
#10700=IFCSHAPEREPRESENTATION(#24,'Body','Curve2D',(#10701,#10703,#10705,#10712));
#10701=IFCINDEXEDPOLYCURVE(#10702,(IFCLINEINDEX((1,2,3,4,5,6,1))),$);
#10702=IFCCARTESIANPOINTLIST2D(((0.,0.),(0.,0.05000000074505806),(0.02500000037252903,0.05000000074505806),(0.02500000037252903,0.02500000037252903),(0.05000000074505806,0.02500000037252903),(0.05000000074505806,0.)));
#10703=IFCINDEXEDPOLYCURVE(#10704,(IFCLINEINDEX((1,2,3,4,5,6,1))),$);
#10704=IFCCARTESIANPOINTLIST2D(((0.88902974128723145,0.),(0.88902974128723145,0.05000000074505806),(0.86402974091470242,0.05000000074505806),(0.86402974091470242,0.02500000037252903),(0.83902974054217339,0.02500000037252903),(0.83902974054217339,0.)));
#10705=IFCTRIMMEDCURVE(#10706,(#10710),(#10711),.T.,.CARTESIAN.);
#10706=IFCELLIPSE(#10707,0.80402974039316177,0.83902974054217339);
#10707=IFCAXIS2PLACEMENT2D(#10708,#10709);
#10708=IFCCARTESIANPOINT((0.060000000521540642,0.05000000074505806));
#10709=IFCDIRECTION((1.,0.));
#10710=IFCCARTESIANPOINT((0.86402974091470242,0.05000000074505806));
#10711=IFCCARTESIANPOINT((0.060000000521540642,0.88902974128723145));
#10712=IFCINDEXEDPOLYCURVE(#10713,(IFCLINEINDEX((1,2,3,4,1))),$);
#10713=IFCCARTESIANPOINTLIST2D(((0.02500000037252903,0.05000000074505806),(0.060000000521540642,0.05000000074505806),(0.060000000521540642,0.88902974128723145),(0.02500000037252903,0.88902974128723145)));
#10714=IFCDOOR('3JafMuQbjCm9L$hp5gN$de',$,'Door',$,$,#10955,#10722,$,2.,0.86170446872711182,$,.SINGLE_SWING_RIGHT.,$);
#10715=IFCCARTESIANPOINT((0.,0.,0.));
#10716=IFCDIRECTION((1.,0.,0.));
#10717=IFCDIRECTION((0.,1.,0.));
#10718=IFCDIRECTION((0.,0.,1.));
#10719=IFCCARTESIANTRANSFORMATIONOPERATOR3D(#10716,#10717,#10715,1.,#10718);
#10720=IFCMAPPEDITEM(#1722,#10719);
#10721=IFCSHAPEREPRESENTATION(#18,'Profile','MappedRepresentation',(#10720));
#10722=IFCPRODUCTDEFINITIONSHAPE($,$,(#10721,#10729,#10736));
#10723=IFCCARTESIANPOINT((0.,0.,0.));
#10724=IFCDIRECTION((1.,0.,0.));
#10725=IFCDIRECTION((0.,1.,0.));
#10726=IFCDIRECTION((0.,0.,1.));
#10727=IFCCARTESIANTRANSFORMATIONOPERATOR3D(#10724,#10725,#10723,1.,#10726);
#10728=IFCMAPPEDITEM(#1800,#10727);
#10729=IFCSHAPEREPRESENTATION(#11,'Body','MappedRepresentation',(#10728));
#10730=IFCCARTESIANPOINT((0.,0.,0.));
#10731=IFCDIRECTION((1.,0.,0.));
#10732=IFCDIRECTION((0.,1.,0.));
#10733=IFCDIRECTION((0.,0.,1.));
#10734=IFCCARTESIANTRANSFORMATIONOPERATOR3D(#10731,#10732,#10730,1.,#10733);
#10735=IFCMAPPEDITEM(#1819,#10734);
#10736=IFCSHAPEREPRESENTATION(#24,'Body','MappedRepresentation',(#10735));
#10737=IFCOPENINGELEMENT('12gje$LZv5TxitPIiu2X_B',$,'Opening',$,$,#10950,#10750,$,.OPENING.);
#10743=IFCCARTESIANPOINT((0.,0.,0.));
#10744=IFCDIRECTION((1.,0.,0.));
#10745=IFCDIRECTION((0.,1.,0.));
#10746=IFCDIRECTION((0.,0.,1.));
#10747=IFCCARTESIANTRANSFORMATIONOPERATOR3D(#10744,#10745,#10743,1.,#10746);
#10748=IFCMAPPEDITEM(#2154,#10747);
#10749=IFCSHAPEREPRESENTATION(#11,'Body','MappedRepresentation',(#10748));
#10750=IFCPRODUCTDEFINITIONSHAPE($,$,(#10749));
#10751=IFCRELVOIDSELEMENT('1UdWd1jgH7Kw0mCyNUI9Zd',$,$,$,#8041,#10737);
#10757=IFCRELFILLSELEMENT('0ek1eZF2P4Nv1kEfo_6Vmd',$,$,$,#10737,#10714);
#10778=IFCCARTESIANPOINTLIST3D(((0.,0.,0.),(0.86170446872711182,0.,0.),(0.86170446872711182,0.,2.),(0.,0.,2.)));
#10779=IFCINDEXEDPOLYCURVE(#10778,(IFCLINEINDEX((1,2,3,4,1))),$);
#10780=IFCSHAPEREPRESENTATION(#18,'Profile','Curve3D',(#10779));
#10781=IFCCARTESIANPOINTLIST2D(((0.,0.),(0.,1.6134348511695862),(0.86170446872711182,1.6134348511695862),(0.86170446872711182,0.),(0.83670446835458279,0.),(0.83670446835458279,1.5985871553421021),(0.02500000037252903,1.5985871553421021),(0.02500000037252903,0.)));
#10782=IFCINDEXEDPOLYCURVE(#10781,(IFCLINEINDEX((1,2,3,4,5,6,7,8,1))),$);
#10783=IFCARBITRARYCLOSEDPROFILEDEF(.AREA.,$,#10782);
#10784=IFCCARTESIANPOINT((0.,0.02500000037252903,0.));
#10785=IFCDIRECTION((0.,-1.,0.));
#10786=IFCDIRECTION((1.,0.,0.));
#10787=IFCAXIS2PLACEMENT3D(#10784,#10785,#10786);
#10788=IFCDIRECTION((0.,0.,-1.));
#10789=IFCEXTRUDEDAREASOLID(#10783,#10787,#10788,0.02500000037252903);
#10790=IFCCARTESIANPOINTLIST2D(((0.,0.),(0.,1.6134348511695862),(0.86170446872711182,1.6134348511695862),(0.86170446872711182,0.),(0.81170446798205376,0.),(0.81170446798205376,1.5985871553421021),(0.05000000074505806,1.5985871553421021),(0.05000000074505806,0.)));
#10791=IFCINDEXEDPOLYCURVE(#10790,(IFCLINEINDEX((1,2,3,4,5,6,7,8,1))),$);
#10792=IFCARBITRARYCLOSEDPROFILEDEF(.AREA.,$,#10791);
#10793=IFCCARTESIANPOINT((0.,0.,0.));
#10794=IFCDIRECTION((0.,-1.,0.));
#10795=IFCDIRECTION((1.,0.,0.));
#10796=IFCAXIS2PLACEMENT3D(#10793,#10794,#10795);
#10797=IFCDIRECTION((0.,0.,-1.));
#10798=IFCEXTRUDEDAREASOLID(#10792,#10796,#10797,0.02500000037252903);
#10799=IFCCARTESIANPOINTLIST2D(((0.,0.),(0.7617044672369957,0.),(0.7617044672369957,0.10000000149011612),(0.,0.10000000149011612)));
#10800=IFCINDEXEDPOLYCURVE(#10799,(IFCLINEINDEX((1,2,3,4,1))),$);
#10801=IFCARBITRARYCLOSEDPROFILEDEF(.AREA.,$,#10800);
#10802=IFCCARTESIANPOINT((0.05000000074505806,0.,0.));
#10803=IFCDIRECTION((0.,0.,1.));
#10804=IFCDIRECTION((1.,0.,0.));
#10805=IFCAXIS2PLACEMENT3D(#10802,#10803,#10804);
#10806=IFCDIRECTION((0.,0.,1.));
#10807=IFCEXTRUDEDAREASOLID(#10801,#10805,#10806,0.02500000037252903);
#10808=IFCCARTESIANPOINTLIST2D(((0.,0.),(0.,2.0250000022351742),(0.91170447319746017,2.0250000022351742),(0.91170447319746017,0.),(0.83670447021722794,0.),(0.83670447021722794,1.9499999992549419),(0.075000002980232239,1.9499999992549419),(0.075000002980232239,0.)));
#10809=IFCINDEXEDPOLYCURVE(#10808,(IFCLINEINDEX((1,2,3,4,5,6,7,8,1))),$);
#10810=IFCARBITRARYCLOSEDPROFILEDEF(.AREA.,$,#10809);
#10811=IFCCARTESIANPOINT((-0.025000002235174179,-0.004999999888241291,0.));
#10812=IFCDIRECTION((0.,-1.,0.));
#10813=IFCDIRECTION((1.,0.,0.));
#10814=IFCAXIS2PLACEMENT3D(#10811,#10812,#10813);
#10815=IFCDIRECTION((0.,0.,-1.));
#10816=IFCEXTRUDEDAREASOLID(#10810,#10814,#10815,0.004999999888241291);
#10817=IFCCARTESIANPOINTLIST2D(((0.,0.),(0.,2.0250000022351742),(0.91170447319746017,2.0250000022351742),(0.91170447319746017,0.),(0.86170447058975697,0.),(0.86170447058975697,1.9499999992549419),(0.050000002607703209,1.9499999992549419),(0.050000002607703209,0.)));
#10818=IFCINDEXEDPOLYCURVE(#10817,(IFCLINEINDEX((1,2,3,4,5,6,7,8,1))),$);
#10819=IFCARBITRARYCLOSEDPROFILEDEF(.AREA.,$,#10818);
#10820=IFCCARTESIANPOINT((-0.025000002235174179,0.05000000074505806,0.));
#10821=IFCDIRECTION((0.,-1.,0.));
#10822=IFCDIRECTION((1.,0.,0.));
#10823=IFCAXIS2PLACEMENT3D(#10820,#10821,#10822);
#10824=IFCDIRECTION((0.,0.,-1.));
#10825=IFCEXTRUDEDAREASOLID(#10819,#10823,#10824,0.004999999888241291);
#10826=IFCCARTESIANPOINTLIST2D(((0.,0.),(0.81170446798205376,0.),(0.81170446798205376,0.035000000149011612),(0.,0.035000000149011612)));
#10827=IFCINDEXEDPOLYCURVE(#10826,(IFCLINEINDEX((1,2,3,4,1))),$);
#10828=IFCARBITRARYCLOSEDPROFILEDEF(.AREA.,$,#10827);
#10829=IFCCARTESIANPOINT((0.02500000037252903,0.02500000037252903,0.02500000037252903));
#10830=IFCDIRECTION((0.,0.,1.));
#10831=IFCDIRECTION((1.,0.,0.));
#10832=IFCAXIS2PLACEMENT3D(#10829,#10830,#10831);
#10833=IFCDIRECTION((0.,0.,1.));
#10834=IFCEXTRUDEDAREASOLID(#10828,#10832,#10833,1.5634348504245281);
#10835=IFCCARTESIANPOINTLIST2D(((0.,0.),(0.,-0.040000000000000001),(0.12,-0.040000000000000001),(0.12,-0.02),(0.02,-0.02),(0.02,0.)));
#10836=IFCINDEXEDPOLYCURVE(#10835,(IFCLINEINDEX((1,2,3,4,5,6,1))),$);
#10837=IFCARBITRARYCLOSEDPROFILEDEF(.AREA.,$,#10836);
#10838=IFCCARTESIANPOINT((0.075000000372529033,0.02500000037252903,1.015000000372529));
#10839=IFCDIRECTION((0.,0.,1.));
#10840=IFCDIRECTION((1.,0.,0.));
#10841=IFCAXIS2PLACEMENT3D(#10838,#10839,#10840);
#10842=IFCDIRECTION((0.,0.,1.));
#10843=IFCEXTRUDEDAREASOLID(#10837,#10841,#10842,0.02);
#10844=IFCEXTRUDEDAREASOLID(#10845,#10848,#10852,0.02);
#10845=IFCARBITRARYCLOSEDPROFILEDEF(.AREA.,$,#10846);
#10846=IFCINDEXEDPOLYCURVE(#10847,(IFCLINEINDEX((1,2,3,4,5,6,1))),$);
#10847=IFCCARTESIANPOINTLIST2D(((0.,0.),(0.,0.040000000000000008),(0.11999999999999998,0.040000000000000008),(0.11999999999999998,0.020000000000000004),(0.020000000000000004,0.020000000000000004),(0.020000000000000004,0.)));
#10848=IFCAXIS2PLACEMENT3D(#10849,#10850,#10851);
#10849=IFCCARTESIANPOINT((0.075000000372529033,0.060000000521540642,1.015000000372529));
#10850=IFCDIRECTION((0.,0.,1.));
#10851=IFCDIRECTION((1.,0.,0.));
#10852=IFCDIRECTION((0.,0.,1.));
#10853=IFCCARTESIANPOINTLIST2D(((0.,0.),(0.86170446872711182,0.),(0.86170446872711182,0.38656514883041382),(0.,0.38656514883041382)));
#10854=IFCINDEXEDPOLYCURVE(#10853,(IFCLINEINDEX((1,2,3,4,1))),$);
#10855=IFCCARTESIANPOINTLIST2D(((0.02500000037252903,0.014847695827484131),(0.83670446835458279,0.014847695827484131),(0.83670446835458279,0.36156514845788479),(0.02500000037252903,0.36156514845788479)));
#10856=IFCINDEXEDPOLYCURVE(#10855,(IFCLINEINDEX((1,2,3,4,1))),$);
#10857=IFCARBITRARYPROFILEDEFWITHVOIDS(.AREA.,$,#10854,(#10856));
#10858=IFCCARTESIANPOINT((0.,0.02500000037252903,1.6134348511695862));
#10859=IFCDIRECTION((0.,-1.,0.));
#10860=IFCDIRECTION((1.,0.,0.));
#10861=IFCAXIS2PLACEMENT3D(#10858,#10859,#10860);
#10862=IFCDIRECTION((0.,0.,-1.));
#10863=IFCEXTRUDEDAREASOLID(#10857,#10861,#10862,0.02500000037252903);
#10864=IFCCARTESIANPOINTLIST2D(((0.,0.),(0.86170446872711182,0.),(0.86170446872711182,0.38656514883041382),(0.,0.38656514883041382)));
#10865=IFCINDEXEDPOLYCURVE(#10864,(IFCLINEINDEX((1,2,3,4,1))),$);
#10866=IFCCARTESIANPOINTLIST2D(((0.05000000074505806,0.014847695827484131),(0.81170446798205376,0.014847695827484131),(0.81170446798205376,0.33656514808535576),(0.05000000074505806,0.33656514808535576)));
#10867=IFCINDEXEDPOLYCURVE(#10866,(IFCLINEINDEX((1,2,3,4,1))),$);
#10868=IFCARBITRARYPROFILEDEFWITHVOIDS(.AREA.,$,#10865,(#10867));
#10869=IFCCARTESIANPOINT((0.,0.,1.6134348511695862));
#10870=IFCDIRECTION((0.,-1.,0.));
#10871=IFCDIRECTION((1.,0.,0.));
#10872=IFCAXIS2PLACEMENT3D(#10869,#10870,#10871);
#10873=IFCDIRECTION((0.,0.,-1.));
#10874=IFCEXTRUDEDAREASOLID(#10868,#10872,#10873,0.02500000037252903);
#10875=IFCCARTESIANPOINTLIST2D(((0.,0.),(0.81170446798205376,0.),(0.81170446798205376,0.33656514808535576),(0.,0.33656514808535576)));
#10876=IFCINDEXEDPOLYCURVE(#10875,(IFCLINEINDEX((1,2,3,4,1))),$);
#10877=IFCCARTESIANPOINTLIST2D(((0.035000000149011612,0.035000000149011612),(0.77670446783304214,0.035000000149011612),(0.77670446783304214,0.30156514793634415),(0.035000000149011612,0.30156514793634415)));
#10878=IFCINDEXEDPOLYCURVE(#10877,(IFCLINEINDEX((1,2,3,4,1))),$);
#10879=IFCARBITRARYPROFILEDEFWITHVOIDS(.AREA.,$,#10876,(#10878));
#10880=IFCCARTESIANPOINT((0.02500000037252903,0.02500000037252903,1.6384348515421152));
#10881=IFCDIRECTION((0.,-1.,0.));
#10882=IFCDIRECTION((1.,0.,0.));
#10883=IFCAXIS2PLACEMENT3D(#10880,#10881,#10882);
#10884=IFCDIRECTION((0.,0.,-1.));
#10885=IFCEXTRUDEDAREASOLID(#10879,#10883,#10884,0.035000000149011612);
#10886=IFCINDEXEDPOLYCURVE(#10887,(IFCLINEINDEX((1,2,3,4,1))),$);
#10887=IFCCARTESIANPOINTLIST2D(((0.035000000149011612,0.035000000149011612),(0.77670446783304214,0.035000000149011612),(0.77670446783304214,0.30156514793634415),(0.035000000149011612,0.30156514793634415)));
#10888=IFCARBITRARYCLOSEDPROFILEDEF(.AREA.,$,#10886);
#10889=IFCCARTESIANPOINT((0.02500000037252903,0.037500000447034831,1.6384348515421152));
#10890=IFCDIRECTION((0.,-1.,0.));
#10891=IFCDIRECTION((1.,0.,0.));
#10892=IFCAXIS2PLACEMENT3D(#10889,#10890,#10891);
#10893=IFCDIRECTION((0.,0.,-1.));
#10894=IFCEXTRUDEDAREASOLID(#10888,#10892,#10893,0.01);
#10895=IFCSHAPEREPRESENTATION(#11,'Body','SweptSolid',(#10789,#10798,#10834,#10843,#10844,#10863,#10874,#10885,#10894,#10807,#10816,#10825));
#10896=IFCSHAPEREPRESENTATION(#11,'Body','SweptSolid',(#10789,#10798,#10863,#10874,#10807,#10816,#10825));
#10897=IFCSHAPEASPECT((#10896),'Lining',$,.T.,#10722);
#10898=IFCSHAPEREPRESENTATION(#11,'Body','SweptSolid',(#10834,#10843,#10844,#10885));
#10899=IFCSHAPEASPECT((#10898),'Framing',$,.T.,#10722);
#10900=IFCSHAPEREPRESENTATION(#11,'Body','SweptSolid',(#10894));
#10901=IFCSHAPEASPECT((#10900),'Glazing',$,.T.,#10722);
#10902=IFCCARTESIANPOINTLIST2D(((0.,0.),(0.,0.05000000074505806),(0.02500000037252903,0.05000000074505806),(0.02500000037252903,0.02500000037252903),(0.05000000074505806,0.02500000037252903),(0.05000000074505806,0.)));
#10903=IFCINDEXEDPOLYCURVE(#10902,(IFCLINEINDEX((1,2,3,4,5,6,1))),$);
#10904=IFCINDEXEDPOLYCURVE(#10905,(IFCLINEINDEX((1,2,3,4,5,6,1))),$);
#10905=IFCCARTESIANPOINTLIST2D(((0.86170446872711182,0.),(0.86170446872711182,0.05000000074505806),(0.83670446835458279,0.05000000074505806),(0.83670446835458279,0.02500000037252903),(0.81170446798205376,0.02500000037252903),(0.81170446798205376,0.)));
#10906=IFCDIRECTION((1.,0.));
#10907=IFCCARTESIANPOINT((0.80170446820557117,0.05000000074505806));
#10908=IFCAXIS2PLACEMENT2D(#10907,#10906);
#10909=IFCELLIPSE(#10908,0.77670446783304214,0.81170446798205376);
#10910=IFCCARTESIANPOINT((0.80170446820557117,0.86170446872711182));
#10911=IFCCARTESIANPOINT((0.02500000037252903,0.05000000074505806));
#10912=IFCTRIMMEDCURVE(#10909,(#10910),(#10911),.T.,.CARTESIAN.);
#10913=IFCCARTESIANPOINTLIST2D(((0.83670446835458279,0.05000000074505806),(0.80170446820557117,0.05000000074505806),(0.80170446820557117,0.86170446872711182),(0.83670446835458279,0.86170446872711182)));
#10914=IFCINDEXEDPOLYCURVE(#10913,(IFCLINEINDEX((1,2,3,4,1))),$);
#10915=IFCSHAPEREPRESENTATION(#24,'Body','Curve2D',(#10903,#10904,#10912,#10914));
#10916=IFCCARTESIANPOINTLIST2D(((0.,0.),(0.86170446872711182,0.),(0.86170446872711182,2.),(0.,2.)));
#10917=IFCINDEXEDPOLYCURVE(#10916,(IFCLINEINDEX((1,2,3,4,1))),$);
#10918=IFCARBITRARYCLOSEDPROFILEDEF(.AREA.,$,#10917);
#10919=IFCCARTESIANPOINT((0.,-0.60000002384185791,0.));
#10920=IFCDIRECTION((0.,-1.,0.));
#10921=IFCDIRECTION((1.,0.,0.));
#10922=IFCAXIS2PLACEMENT3D(#10919,#10920,#10921);
#10923=IFCDIRECTION((0.,0.,-1.));
#10924=IFCEXTRUDEDAREASOLID(#10918,#10922,#10923,1.2);
#10925=IFCSHAPEREPRESENTATION(#11,'Body','SweptSolid',(#10924));
#10931=IFCCARTESIANPOINT((0.59002019743466017,4.76837158203125E-07,0.));
#10932=IFCDIRECTION((0.,0.,1.));
#10933=IFCDIRECTION((0.99999999999988631,-4.7683715820307079E-07,0.));
#10934=IFCAXIS2PLACEMENT3D(#10931,#10932,#10933);
#10935=IFCLOCALPLACEMENT(#1559,#10934);
#10936=IFCCARTESIANPOINT((2.2204460492503131E-16,0.,0.));
#10937=IFCDIRECTION((0.,0.,1.));
#10938=IFCDIRECTION((1.,0.,0.));
#10939=IFCAXIS2PLACEMENT3D(#10936,#10937,#10938);
#10940=IFCLOCALPLACEMENT(#10935,#10939);
#10946=IFCCARTESIANPOINT((1.1354464453652726,0.084999890964868874,0.));
#10947=IFCDIRECTION((0.,0.,1.));
#10948=IFCDIRECTION((-0.99999999999992439,3.8881688582854956E-07,0.));
#10949=IFCAXIS2PLACEMENT3D(#10946,#10947,#10948);
#10950=IFCLOCALPLACEMENT(#8083,#10949);
#10951=IFCCARTESIANPOINT((-2.2204460492503131E-16,5.5511151231257827E-17,0.));
#10952=IFCDIRECTION((0.,0.,1.));
#10953=IFCDIRECTION((1.,-8.6736173798840355E-19,0.));
#10954=IFCAXIS2PLACEMENT3D(#10951,#10952,#10953);
#10955=IFCLOCALPLACEMENT(#10950,#10954);
#10956=IFCDOORTYPE('31KLTznbD6_8Ysi9wmzp2q',$,'Balcony-2F',$,$,(#10957),(#10959,#10967,#11067,#11079),$,$,.DOOR.,.SINGLE_SWING_LEFT.,$,$);
#10957=IFCPROPERTYSET('0G69eoyHf7g9pn9LBOHGUE',$,'BBIM_Door',$,(#10958));
#10958=IFCPROPERTYSINGLEVALUE('Data',$,IFCTEXT('{"door_type": "DOUBLE_DOOR_SLIDING", "overall_height": 2.0, "overall_width": 1.944133996963501, "lining_properties": {"lining_depth": 0.05000000074505806, "lining_thickness": 0.05000000074505806, "lining_offset": 0.0, "transom_thickness": 0.02969539165496826, "transom_offset": 1.598587155342102, "casing_thickness": 0.07500000298023224, "casing_depth": 0.004999999888241291, "threshold_thickness": 0.02500000037252903, "threshold_depth": 0.10000000149011612, "threshold_offset": 0.0}, "panel_properties": {"panel_depth": 0.03500000014901161, "panel_width_ratio": 1.0, "frame_thickness": 0.03500000014901161, "frame_depth": 0.03500000014901161}}'),$);
#10959=IFCREPRESENTATIONMAP(#10960,#11483);
#10960=IFCAXIS2PLACEMENT3D(#10961,#10962,#10963);
#10961=IFCCARTESIANPOINT((0.,0.,0.));
#10962=IFCDIRECTION((0.,0.,1.));
#10963=IFCDIRECTION((1.,0.,0.));
#10967=IFCREPRESENTATIONMAP(#10968,#11605);
#10968=IFCAXIS2PLACEMENT3D(#10969,#10970,#10971);
#10969=IFCCARTESIANPOINT((0.,0.,0.));
#10970=IFCDIRECTION((0.,0.,1.));
#10971=IFCDIRECTION((1.,0.,0.));
#11067=IFCREPRESENTATIONMAP(#11068,#11614);
#11068=IFCAXIS2PLACEMENT3D(#11069,#11070,#11071);
#11069=IFCCARTESIANPOINT((0.,0.,0.));
#11070=IFCDIRECTION((0.,0.,1.));
#11071=IFCDIRECTION((1.,0.,0.));
#11079=IFCREPRESENTATIONMAP(#11080,#11619);
#11080=IFCAXIS2PLACEMENT3D(#11081,#11082,#11083);
#11081=IFCCARTESIANPOINT((0.,0.,0.));
#11082=IFCDIRECTION((0.,0.,1.));
#11083=IFCDIRECTION((1.,0.,0.));
#11089=IFCDOOR('0xWuGjrVfC7Q9d$dodkTPb',$,'Door',$,$,#11644,#11098,$,2.,1.944133996963501,$,.DOUBLE_DOOR_SLIDING.,$);
#11090=IFCRELDEFINESBYTYPE('2fv5leb9LBevfcjqNd8UFb',$,$,$,(#11089),#10956);
#11091=IFCCARTESIANPOINT((0.,0.,0.));
#11092=IFCDIRECTION((1.,0.,0.));
#11093=IFCDIRECTION((0.,1.,0.));
#11094=IFCDIRECTION((0.,0.,1.));
#11095=IFCCARTESIANTRANSFORMATIONOPERATOR3D(#11092,#11093,#11091,1.,#11094);
#11096=IFCMAPPEDITEM(#10959,#11095);
#11097=IFCSHAPEREPRESENTATION(#18,'Profile','MappedRepresentation',(#11096));
#11098=IFCPRODUCTDEFINITIONSHAPE($,$,(#11097,#11105,#11112,#11119));
#11099=IFCCARTESIANPOINT((0.,0.,0.));
#11100=IFCDIRECTION((1.,0.,0.));
#11101=IFCDIRECTION((0.,1.,0.));
#11102=IFCDIRECTION((0.,0.,1.));
#11103=IFCCARTESIANTRANSFORMATIONOPERATOR3D(#11100,#11101,#11099,1.,#11102);
#11104=IFCMAPPEDITEM(#10967,#11103);
#11105=IFCSHAPEREPRESENTATION(#11,'Body','MappedRepresentation',(#11104));
#11106=IFCCARTESIANPOINT((0.,0.,0.));
#11107=IFCDIRECTION((1.,0.,0.));
#11108=IFCDIRECTION((0.,1.,0.));
#11109=IFCDIRECTION((0.,0.,1.));
#11110=IFCCARTESIANTRANSFORMATIONOPERATOR3D(#11107,#11108,#11106,1.,#11109);
#11111=IFCMAPPEDITEM(#11067,#11110);
#11112=IFCSHAPEREPRESENTATION(#24,'Body','MappedRepresentation',(#11111));
#11113=IFCCARTESIANPOINT((0.,0.,0.));
#11114=IFCDIRECTION((1.,0.,0.));
#11115=IFCDIRECTION((0.,1.,0.));
#11116=IFCDIRECTION((0.,0.,1.));
#11117=IFCCARTESIANTRANSFORMATIONOPERATOR3D(#11114,#11115,#11113,1.,#11116);
#11118=IFCMAPPEDITEM(#11079,#11117);
#11119=IFCSHAPEREPRESENTATION(#25,'Annotation','MappedRepresentation',(#11118));
#11120=IFCOPENINGELEMENT('16o5K58GH79Qe2p_mimO1y',$,'Opening',$,$,#11639,#11148,$,.OPENING.);
#11136=IFCCARTESIANPOINT((0.,0.,0.));
#11137=IFCDIRECTION((1.,0.,0.));
#11138=IFCDIRECTION((0.,0.,1.));
#11139=IFCAXIS2PLACEMENT3D(#11136,#11138,#11137);
#11140=IFCREPRESENTATIONMAP(#11139,#11629);
#11141=IFCCARTESIANPOINT((0.,0.,0.));
#11142=IFCDIRECTION((1.,0.,0.));
#11143=IFCDIRECTION((0.,1.,0.));
#11144=IFCDIRECTION((0.,0.,1.));
#11145=IFCCARTESIANTRANSFORMATIONOPERATOR3D(#11142,#11143,#11141,1.,#11144);
#11146=IFCMAPPEDITEM(#11140,#11145);
#11147=IFCSHAPEREPRESENTATION(#11,'Body','MappedRepresentation',(#11146));
#11148=IFCPRODUCTDEFINITIONSHAPE($,$,(#11147));
#11149=IFCRELVOIDSELEMENT('3egcdlOb9BwOKKJWsZc7wh',$,$,$,#6468,#11120);
#11155=IFCRELFILLSELEMENT('22hKryW617IfbUNY4nicg7',$,$,$,#11120,#11089);
#11179=IFCCARTESIANPOINTLIST2D(((0.,0.),(0.,1.6134348511695862),(1.944133996963501,1.6134348511695862),(1.944133996963501,0.),(1.8941339962184429,0.),(1.8941339962184429,1.5985871553421021),(0.05000000074505806,1.5985871553421021),(0.05000000074505806,0.)));
#11180=IFCINDEXEDPOLYCURVE(#11179,(IFCLINEINDEX((1,2,3,4,5,6,7,8,1))),$);
#11181=IFCARBITRARYCLOSEDPROFILEDEF(.AREA.,$,#11180);
#11182=IFCCARTESIANPOINT((0.,0.,0.));
#11183=IFCDIRECTION((0.,-1.,0.));
#11184=IFCDIRECTION((1.,0.,0.));
#11185=IFCAXIS2PLACEMENT3D(#11182,#11183,#11184);
#11186=IFCDIRECTION((0.,0.,-1.));
#11187=IFCEXTRUDEDAREASOLID(#11181,#11185,#11186,0.05000000074505806);
#11188=IFCCARTESIANPOINTLIST2D(((0.,0.),(1.8441339954733849,0.),(1.8441339954733849,0.10000000149011612),(0.,0.10000000149011612)));
#11189=IFCINDEXEDPOLYCURVE(#11188,(IFCLINEINDEX((1,2,3,4,1))),$);
#11190=IFCARBITRARYCLOSEDPROFILEDEF(.AREA.,$,#11189);
#11191=IFCCARTESIANPOINT((0.05000000074505806,0.,0.));
#11192=IFCDIRECTION((0.,0.,1.));
#11193=IFCDIRECTION((1.,0.,0.));
#11194=IFCAXIS2PLACEMENT3D(#11191,#11192,#11193);
#11195=IFCDIRECTION((0.,0.,1.));
#11196=IFCEXTRUDEDAREASOLID(#11190,#11194,#11195,0.02500000037252903);
#11197=IFCCARTESIANPOINTLIST2D(((0.,0.),(0.,2.0250000022351742),(1.9941340014338493,2.0250000022351742),(1.9941340014338493,0.),(1.9191339984536171,0.),(1.9191339984536171,1.9499999992549419),(0.075000002980232239,1.9499999992549419),(0.075000002980232239,0.)));
#11198=IFCINDEXEDPOLYCURVE(#11197,(IFCLINEINDEX((1,2,3,4,5,6,7,8,1))),$);
#11199=IFCARBITRARYCLOSEDPROFILEDEF(.AREA.,$,#11198);
#11200=IFCCARTESIANPOINT((-0.025000002235174179,-0.004999999888241291,0.));
#11201=IFCDIRECTION((0.,-1.,0.));
#11202=IFCDIRECTION((1.,0.,0.));
#11203=IFCAXIS2PLACEMENT3D(#11200,#11201,#11202);
#11204=IFCDIRECTION((0.,0.,-1.));
#11205=IFCEXTRUDEDAREASOLID(#11199,#11203,#11204,0.004999999888241291);
#11206=IFCCARTESIANPOINTLIST2D(((0.,0.),(0.,2.0250000022351742),(1.9941340014338493,2.0250000022351742),(1.9941340014338493,0.),(1.9191339984536171,0.),(1.9191339984536171,1.9499999992549419),(0.075000002980232239,1.9499999992549419),(0.075000002980232239,0.)));
#11207=IFCINDEXEDPOLYCURVE(#11206,(IFCLINEINDEX((1,2,3,4,5,6,7,8,1))),$);
#11208=IFCARBITRARYCLOSEDPROFILEDEF(.AREA.,$,#11207);
#11209=IFCCARTESIANPOINT((-0.025000002235174179,0.05000000074505806,0.));
#11210=IFCDIRECTION((0.,-1.,0.));
#11211=IFCDIRECTION((1.,0.,0.));
#11212=IFCAXIS2PLACEMENT3D(#11209,#11210,#11211);
#11213=IFCDIRECTION((0.,0.,-1.));
#11214=IFCEXTRUDEDAREASOLID(#11208,#11212,#11213,0.004999999888241291);
#11215=IFCCARTESIANPOINTLIST2D(((0.,0.),(1.8441339954733849,0.),(1.8441339954733849,0.035000000149011612),(0.,0.035000000149011612)));
#11216=IFCINDEXEDPOLYCURVE(#11215,(IFCLINEINDEX((1,2,3,4,1))),$);
#11217=IFCARBITRARYCLOSEDPROFILEDEF(.AREA.,$,#11216);
#11218=IFCCARTESIANPOINT((0.05000000074505806,-0.035000000149011612,0.02500000037252903));
#11219=IFCDIRECTION((0.,0.,1.));
#11220=IFCDIRECTION((1.,0.,0.));
#11221=IFCAXIS2PLACEMENT3D(#11218,#11219,#11220);
#11222=IFCDIRECTION((0.,0.,1.));
#11223=IFCEXTRUDEDAREASOLID(#11217,#11221,#11222,1.5384348500519991);
#11224=IFCCARTESIANPOINTLIST2D(((0.,0.),(0.,-0.040000000000000001),(0.12,-0.040000000000000001),(0.12,-0.02),(0.02,-0.02),(0.02,0.)));
#11225=IFCINDEXEDPOLYCURVE(#11224,(IFCLINEINDEX((1,2,3,4,5,6,1))),$);
#11226=IFCARBITRARYCLOSEDPROFILEDEF(.AREA.,$,#11225);
#11227=IFCCARTESIANPOINT((0.10000000074505806,-0.035000000149011612,1.015000000372529));
#11228=IFCDIRECTION((0.,0.,1.));
#11229=IFCDIRECTION((1.,0.,0.));
#11230=IFCAXIS2PLACEMENT3D(#11227,#11228,#11229);
#11231=IFCDIRECTION((0.,0.,1.));
#11232=IFCEXTRUDEDAREASOLID(#11226,#11230,#11231,0.02);
#11233=IFCEXTRUDEDAREASOLID(#11234,#11237,#11241,0.02);
#11234=IFCARBITRARYCLOSEDPROFILEDEF(.AREA.,$,#11235);
#11235=IFCINDEXEDPOLYCURVE(#11236,(IFCLINEINDEX((1,2,3,4,5,6,1))),$);
#11236=IFCCARTESIANPOINTLIST2D(((0.,0.),(0.,0.040000000000000008),(0.11999999999999998,0.040000000000000008),(0.11999999999999998,0.020000000000000004),(0.020000000000000004,0.020000000000000004),(0.020000000000000004,0.)));
#11237=IFCAXIS2PLACEMENT3D(#11238,#11239,#11240);
#11238=IFCCARTESIANPOINT((0.10000000074505806,0.,1.015000000372529));
#11239=IFCDIRECTION((0.,0.,1.));
#11240=IFCDIRECTION((1.,0.,0.));
#11241=IFCDIRECTION((0.,0.,1.));
#11242=IFCCARTESIANPOINTLIST2D(((0.,0.),(1.944133996963501,0.),(1.944133996963501,0.38656514883041382),(0.,0.38656514883041382)));
#11243=IFCINDEXEDPOLYCURVE(#11242,(IFCLINEINDEX((1,2,3,4,1))),$);
#11244=IFCCARTESIANPOINTLIST2D(((0.05000000074505806,0.014847695827484131),(1.8941339962184429,0.014847695827484131),(1.8941339962184429,0.33656514808535576),(0.05000000074505806,0.33656514808535576)));
#11245=IFCINDEXEDPOLYCURVE(#11244,(IFCLINEINDEX((1,2,3,4,1))),$);
#11246=IFCARBITRARYPROFILEDEFWITHVOIDS(.AREA.,$,#11243,(#11245));
#11247=IFCCARTESIANPOINT((0.,0.,1.6134348511695862));
#11248=IFCDIRECTION((0.,-1.,0.));
#11249=IFCDIRECTION((1.,0.,0.));
#11250=IFCAXIS2PLACEMENT3D(#11247,#11248,#11249);
#11251=IFCDIRECTION((0.,0.,-1.));
#11252=IFCEXTRUDEDAREASOLID(#11246,#11250,#11251,0.05000000074505806);
#11253=IFCCARTESIANPOINTLIST2D(((0.,0.),(1.8441339954733849,0.),(1.8441339954733849,0.2865651473402977),(0.,0.2865651473402977)));
#11254=IFCINDEXEDPOLYCURVE(#11253,(IFCLINEINDEX((1,2,3,4,1))),$);
#11255=IFCCARTESIANPOINTLIST2D(((0.035000000149011612,0.035000000149011612),(1.8091339953243732,0.035000000149011612),(1.8091339953243732,0.25156514719128609),(0.035000000149011612,0.25156514719128609)));
#11256=IFCINDEXEDPOLYCURVE(#11255,(IFCLINEINDEX((1,2,3,4,1))),$);
#11257=IFCARBITRARYPROFILEDEFWITHVOIDS(.AREA.,$,#11254,(#11256));
#11258=IFCCARTESIANPOINT((0.05000000074505806,-0.035000000149011612,1.6634348519146442));
#11259=IFCDIRECTION((0.,-1.,0.));
#11260=IFCDIRECTION((1.,0.,0.));
#11261=IFCAXIS2PLACEMENT3D(#11258,#11259,#11260);
#11262=IFCDIRECTION((0.,0.,-1.));
#11263=IFCEXTRUDEDAREASOLID(#11257,#11261,#11262,0.035000000149011612);
#11264=IFCINDEXEDPOLYCURVE(#11265,(IFCLINEINDEX((1,2,3,4,1))),$);
#11265=IFCCARTESIANPOINTLIST2D(((0.035000000149011612,0.035000000149011612),(1.8091339953243732,0.035000000149011612),(1.8091339953243732,0.25156514719128609),(0.035000000149011612,0.25156514719128609)));
#11266=IFCARBITRARYCLOSEDPROFILEDEF(.AREA.,$,#11264);
#11267=IFCCARTESIANPOINT((0.05000000074505806,-0.022500000074505807,1.6634348519146442));
#11268=IFCDIRECTION((0.,-1.,0.));
#11269=IFCDIRECTION((1.,0.,0.));
#11270=IFCAXIS2PLACEMENT3D(#11267,#11268,#11269);
#11271=IFCDIRECTION((0.,0.,-1.));
#11272=IFCEXTRUDEDAREASOLID(#11266,#11270,#11271,0.01);
#11274=IFCSHAPEREPRESENTATION(#11,'Body','SweptSolid',(#11584,#11196,#11492,#11252,#11214,#11187,#11510,#11205,#11519,#11501));
#11275=IFCSHAPEASPECT((#11274),'Lining',$,.T.,#11098);
#11276=IFCSHAPEREPRESENTATION(#11,'Body','SweptSolid',(#11547,#11263,#11537,#11556,#11232,#11565,#11538,#11595,#11223,#11528,#11233));
#11277=IFCSHAPEASPECT((#11276),'Framing',$,.T.,#11098);
#11278=IFCSHAPEREPRESENTATION(#11,'Body','SweptSolid',(#11272,#11604));
#11279=IFCSHAPEASPECT((#11278),'Glazing',$,.T.,#11098);
#11481=IFCCARTESIANPOINTLIST3D(((0.,0.,0.),(1.944133996963501,0.,0.),(1.944133996963501,0.,2.),(0.,0.,2.)));
#11482=IFCINDEXEDPOLYCURVE(#11481,(IFCLINEINDEX((1,2,3,4,1))),$);
#11483=IFCSHAPEREPRESENTATION(#18,'Profile','Curve3D',(#11482));
#11484=IFCCARTESIANPOINTLIST2D(((0.,0.),(0.,1.6134348511695862),(1.944133996963501,1.6134348511695862),(1.944133996963501,0.),(1.8941339962184429,0.),(1.8941339962184429,1.5985871553421021),(0.05000000074505806,1.5985871553421021),(0.05000000074505806,0.)));
#11485=IFCINDEXEDPOLYCURVE(#11484,(IFCLINEINDEX((1,2,3,4,5,6,7,8,1))),$);
#11486=IFCARBITRARYCLOSEDPROFILEDEF(.AREA.,$,#11485);
#11487=IFCCARTESIANPOINT((0.,0.,0.));
#11488=IFCDIRECTION((0.,-1.,0.));
#11489=IFCDIRECTION((1.,0.,0.));
#11490=IFCAXIS2PLACEMENT3D(#11487,#11488,#11489);
#11491=IFCDIRECTION((0.,0.,-1.));
#11492=IFCEXTRUDEDAREASOLID(#11486,#11490,#11491,0.05000000074505806);
#11493=IFCCARTESIANPOINTLIST2D(((0.,0.),(1.8441339954733849,0.),(1.8441339954733849,0.10000000149011612),(0.,0.10000000149011612)));
#11494=IFCINDEXEDPOLYCURVE(#11493,(IFCLINEINDEX((1,2,3,4,1))),$);
#11495=IFCARBITRARYCLOSEDPROFILEDEF(.AREA.,$,#11494);
#11496=IFCCARTESIANPOINT((0.05000000074505806,0.,0.));
#11497=IFCDIRECTION((0.,0.,1.));
#11498=IFCDIRECTION((1.,0.,0.));
#11499=IFCAXIS2PLACEMENT3D(#11496,#11497,#11498);
#11500=IFCDIRECTION((0.,0.,1.));
#11501=IFCEXTRUDEDAREASOLID(#11495,#11499,#11500,0.02500000037252903);
#11502=IFCCARTESIANPOINTLIST2D(((0.,0.),(0.,2.0250000022351742),(1.9941340014338493,2.0250000022351742),(1.9941340014338493,0.),(1.9191339984536171,0.),(1.9191339984536171,1.9499999992549419),(0.075000002980232239,1.9499999992549419),(0.075000002980232239,0.)));
#11503=IFCINDEXEDPOLYCURVE(#11502,(IFCLINEINDEX((1,2,3,4,5,6,7,8,1))),$);
#11504=IFCARBITRARYCLOSEDPROFILEDEF(.AREA.,$,#11503);
#11505=IFCCARTESIANPOINT((-0.025000002235174179,-0.004999999888241291,0.));
#11506=IFCDIRECTION((0.,-1.,0.));
#11507=IFCDIRECTION((1.,0.,0.));
#11508=IFCAXIS2PLACEMENT3D(#11505,#11506,#11507);
#11509=IFCDIRECTION((0.,0.,-1.));
#11510=IFCEXTRUDEDAREASOLID(#11504,#11508,#11509,0.004999999888241291);
#11511=IFCCARTESIANPOINTLIST2D(((0.,0.),(0.,2.0250000022351742),(1.9941340014338493,2.0250000022351742),(1.9941340014338493,0.),(1.9191339984536171,0.),(1.9191339984536171,1.9499999992549419),(0.075000002980232239,1.9499999992549419),(0.075000002980232239,0.)));
#11512=IFCINDEXEDPOLYCURVE(#11511,(IFCLINEINDEX((1,2,3,4,5,6,7,8,1))),$);
#11513=IFCARBITRARYCLOSEDPROFILEDEF(.AREA.,$,#11512);
#11514=IFCCARTESIANPOINT((-0.025000002235174179,0.05000000074505806,0.));
#11515=IFCDIRECTION((0.,-1.,0.));
#11516=IFCDIRECTION((1.,0.,0.));
#11517=IFCAXIS2PLACEMENT3D(#11514,#11515,#11516);
#11518=IFCDIRECTION((0.,0.,-1.));
#11519=IFCEXTRUDEDAREASOLID(#11513,#11517,#11518,0.004999999888241291);
#11520=IFCCARTESIANPOINTLIST2D(((0.,0.),(0.92106699773669243,0.),(0.92106699773669243,0.035000000149011612),(0.,0.035000000149011612)));
#11521=IFCINDEXEDPOLYCURVE(#11520,(IFCLINEINDEX((1,2,3,4,1))),$);
#11522=IFCARBITRARYCLOSEDPROFILEDEF(.AREA.,$,#11521);
#11523=IFCCARTESIANPOINT((0.05000000074505806,-0.035000000149011612,0.02500000037252903));
#11524=IFCDIRECTION((0.,0.,1.));
#11525=IFCDIRECTION((1.,0.,0.));
#11526=IFCAXIS2PLACEMENT3D(#11523,#11524,#11525);
#11527=IFCDIRECTION((0.,0.,1.));
#11528=IFCEXTRUDEDAREASOLID(#11522,#11526,#11527,1.5384348500519991);
#11529=IFCCARTESIANPOINTLIST2D(((0.,0.),(0.,-0.040000000000000008),(-0.11999999999999988,-0.040000000000000008),(-0.11999999999999988,-0.020000000000000004),(-0.020000000000000018,-0.020000000000000004),(-0.020000000000000018,0.)));
#11530=IFCINDEXEDPOLYCURVE(#11529,(IFCLINEINDEX((1,2,3,4,5,6,1))),$);
#11531=IFCARBITRARYCLOSEDPROFILEDEF(.AREA.,$,#11530);
#11532=IFCCARTESIANPOINT((0.92106699848175055,-0.035000000149011612,1.015000000372529));
#11533=IFCDIRECTION((0.,0.,1.));
#11534=IFCDIRECTION((1.,0.,0.));
#11535=IFCAXIS2PLACEMENT3D(#11532,#11533,#11534);
#11536=IFCDIRECTION((0.,0.,1.));
#11537=IFCEXTRUDEDAREASOLID(#11531,#11535,#11536,0.02);
#11538=IFCEXTRUDEDAREASOLID(#11539,#11542,#11546,0.02);
#11539=IFCARBITRARYCLOSEDPROFILEDEF(.AREA.,$,#11540);
#11540=IFCINDEXEDPOLYCURVE(#11541,(IFCLINEINDEX((1,2,3,4,5,6,1))),$);
#11541=IFCCARTESIANPOINTLIST2D(((0.,0.),(0.,0.040000000000000008),(-0.11999999999999988,0.040000000000000008),(-0.11999999999999988,0.020000000000000004),(-0.020000000000000018,0.020000000000000004),(-0.020000000000000018,0.)));
#11542=IFCAXIS2PLACEMENT3D(#11543,#11544,#11545);
#11543=IFCCARTESIANPOINT((0.92106699848175055,0.,1.015000000372529));
#11544=IFCDIRECTION((0.,0.,1.));
#11545=IFCDIRECTION((1.,0.,0.));
#11546=IFCDIRECTION((0.,0.,1.));
#11547=IFCEXTRUDEDAREASOLID(#11548,#11551,#11555,1.5384348500519991);
#11548=IFCARBITRARYCLOSEDPROFILEDEF(.AREA.,$,#11549);
#11549=IFCINDEXEDPOLYCURVE(#11550,(IFCLINEINDEX((1,2,3,4,1))),$);
#11550=IFCCARTESIANPOINTLIST2D(((0.,0.),(-0.92106699773669243,0.),(-0.92106699773669243,0.035000000149011612),(0.,0.035000000149011612)));
#11551=IFCAXIS2PLACEMENT3D(#11552,#11553,#11554);
#11552=IFCCARTESIANPOINT((1.8941339962184429,-0.035000000149011612,0.02500000037252903));
#11553=IFCDIRECTION((0.,0.,1.));
#11554=IFCDIRECTION((1.,0.,0.));
#11555=IFCDIRECTION((0.,0.,1.));
#11556=IFCEXTRUDEDAREASOLID(#11557,#11560,#11564,0.02);
#11557=IFCARBITRARYCLOSEDPROFILEDEF(.AREA.,$,#11558);
#11558=IFCINDEXEDPOLYCURVE(#11559,(IFCLINEINDEX((1,2,3,4,5,6,1))),$);
#11559=IFCCARTESIANPOINTLIST2D(((0.,0.),(0.,-0.040000000000000008),(0.11999999999999988,-0.040000000000000008),(0.11999999999999988,-0.020000000000000004),(0.020000000000000018,-0.020000000000000004),(0.020000000000000018,0.)));
#11560=IFCAXIS2PLACEMENT3D(#11561,#11562,#11563);
#11561=IFCCARTESIANPOINT((1.0230669984817504,-0.035000000149011612,1.015000000372529));
#11562=IFCDIRECTION((0.,0.,1.));
#11563=IFCDIRECTION((1.,0.,0.));
#11564=IFCDIRECTION((0.,0.,1.));
#11565=IFCEXTRUDEDAREASOLID(#11566,#11569,#11573,0.02);
#11566=IFCARBITRARYCLOSEDPROFILEDEF(.AREA.,$,#11567);
#11567=IFCINDEXEDPOLYCURVE(#11568,(IFCLINEINDEX((1,2,3,4,5,6,1))),$);
#11568=IFCCARTESIANPOINTLIST2D(((0.,0.),(0.,0.040000000000000008),(0.11999999999999988,0.040000000000000008),(0.11999999999999988,0.020000000000000004),(0.020000000000000018,0.020000000000000004),(0.020000000000000018,0.)));
#11569=IFCAXIS2PLACEMENT3D(#11570,#11571,#11572);
#11570=IFCCARTESIANPOINT((1.0230669984817504,0.,1.015000000372529));
#11571=IFCDIRECTION((0.,0.,1.));
#11572=IFCDIRECTION((1.,0.,0.));
#11573=IFCDIRECTION((0.,0.,1.));
#11574=IFCCARTESIANPOINTLIST2D(((0.,0.),(1.944133996963501,0.),(1.944133996963501,0.38656514883041382),(0.,0.38656514883041382)));
#11575=IFCINDEXEDPOLYCURVE(#11574,(IFCLINEINDEX((1,2,3,4,1))),$);
#11576=IFCCARTESIANPOINTLIST2D(((0.05000000074505806,0.014847695827484131),(1.8941339962184429,0.014847695827484131),(1.8941339962184429,0.33656514808535576),(0.05000000074505806,0.33656514808535576)));
#11577=IFCINDEXEDPOLYCURVE(#11576,(IFCLINEINDEX((1,2,3,4,1))),$);
#11578=IFCARBITRARYPROFILEDEFWITHVOIDS(.AREA.,$,#11575,(#11577));
#11579=IFCCARTESIANPOINT((0.,0.,1.6134348511695862));
#11580=IFCDIRECTION((0.,-1.,0.));
#11581=IFCDIRECTION((1.,0.,0.));
#11582=IFCAXIS2PLACEMENT3D(#11579,#11580,#11581);
#11583=IFCDIRECTION((0.,0.,-1.));
#11584=IFCEXTRUDEDAREASOLID(#11578,#11582,#11583,0.05000000074505806);
#11585=IFCCARTESIANPOINTLIST2D(((0.,0.),(1.8441339954733849,0.),(1.8441339954733849,0.2865651473402977),(0.,0.2865651473402977)));
#11586=IFCINDEXEDPOLYCURVE(#11585,(IFCLINEINDEX((1,2,3,4,1))),$);
#11587=IFCCARTESIANPOINTLIST2D(((0.035000000149011612,0.035000000149011612),(1.8091339953243732,0.035000000149011612),(1.8091339953243732,0.25156514719128609),(0.035000000149011612,0.25156514719128609)));
#11588=IFCINDEXEDPOLYCURVE(#11587,(IFCLINEINDEX((1,2,3,4,1))),$);
#11589=IFCARBITRARYPROFILEDEFWITHVOIDS(.AREA.,$,#11586,(#11588));
#11590=IFCCARTESIANPOINT((0.05000000074505806,-0.035000000149011612,1.6634348519146442));
#11591=IFCDIRECTION((0.,-1.,0.));
#11592=IFCDIRECTION((1.,0.,0.));
#11593=IFCAXIS2PLACEMENT3D(#11590,#11591,#11592);
#11594=IFCDIRECTION((0.,0.,-1.));
#11595=IFCEXTRUDEDAREASOLID(#11589,#11593,#11594,0.035000000149011612);
#11596=IFCINDEXEDPOLYCURVE(#11597,(IFCLINEINDEX((1,2,3,4,1))),$);
#11597=IFCCARTESIANPOINTLIST2D(((0.035000000149011612,0.035000000149011612),(1.8091339953243732,0.035000000149011612),(1.8091339953243732,0.25156514719128609),(0.035000000149011612,0.25156514719128609)));
#11598=IFCARBITRARYCLOSEDPROFILEDEF(.AREA.,$,#11596);
#11599=IFCCARTESIANPOINT((0.05000000074505806,-0.022500000074505807,1.6634348519146442));
#11600=IFCDIRECTION((0.,-1.,0.));
#11601=IFCDIRECTION((1.,0.,0.));
#11602=IFCAXIS2PLACEMENT3D(#11599,#11600,#11601);
#11603=IFCDIRECTION((0.,0.,-1.));
#11604=IFCEXTRUDEDAREASOLID(#11598,#11602,#11603,0.01);
#11605=IFCSHAPEREPRESENTATION(#11,'Body','SweptSolid',(#11492,#11528,#11537,#11538,#11547,#11556,#11565,#11584,#11595,#11604,#11501,#11510,#11519));
#11606=IFCCARTESIANPOINTLIST2D(((0.,0.),(0.05000000074505806,0.),(0.05000000074505806,0.05000000074505806),(0.,0.05000000074505806)));
#11607=IFCINDEXEDPOLYCURVE(#11606,(IFCLINEINDEX((1,2,3,4,1))),$);
#11608=IFCINDEXEDPOLYCURVE(#11609,(IFCLINEINDEX((1,2,3,4,1))),$);
#11609=IFCCARTESIANPOINTLIST2D(((1.944133996963501,0.),(1.8941339962184429,0.),(1.8941339962184429,0.05000000074505806),(1.944133996963501,0.05000000074505806)));
#11610=IFCCARTESIANPOINTLIST2D(((-0.41103349812328815,-0.035000000149011612),(0.51103349961340427,-0.035000000149011612),(0.51103349961340427,0.),(-0.41103349812328815,0.)));
#11611=IFCINDEXEDPOLYCURVE(#11610,(IFCLINEINDEX((1,2,3,4,1))),$);
#11612=IFCINDEXEDPOLYCURVE(#11613,(IFCLINEINDEX((1,2,3,4,1))),$);
#11613=IFCCARTESIANPOINTLIST2D(((2.3551674950867891,-0.035000000149011612),(1.4331004973500967,-0.035000000149011612),(1.4331004973500967,0.),(2.3551674950867891,0.)));
#11614=IFCSHAPEREPRESENTATION(#24,'Body','Curve2D',(#11607,#11608,#11611,#11612));
#11615=IFCCARTESIANPOINTLIST2D(((0.69544689916074276,-0.081587428267465345),(1.2486870978027582,-0.081587428267465345)));
#11616=IFCINDEXEDPOLYCURVE(#11615,$,$);
#11617=IFCCARTESIANPOINTLIST2D(((0.72544689916074279,-0.050529142855162856),(0.69544689916074276,-0.081587428267465345),(0.72544689916074279,-0.11264571367976783)));
#11618=IFCINDEXEDPOLYCURVE(#11617,$,$);
#11619=IFCSHAPEREPRESENTATION(#25,'Annotation','Curve2D',(#11616,#11618));
#11620=IFCCARTESIANPOINTLIST2D(((0.,0.),(1.944133996963501,0.),(1.944133996963501,2.),(0.,2.)));
#11621=IFCINDEXEDPOLYCURVE(#11620,(IFCLINEINDEX((1,2,3,4,1))),$);
#11622=IFCARBITRARYCLOSEDPROFILEDEF(.AREA.,$,#11621);
#11623=IFCCARTESIANPOINT((0.,-0.60000002384185791,0.));
#11624=IFCDIRECTION((0.,-1.,0.));
#11625=IFCDIRECTION((1.,0.,0.));
#11626=IFCAXIS2PLACEMENT3D(#11623,#11624,#11625);
#11627=IFCDIRECTION((0.,0.,-1.));
#11628=IFCEXTRUDEDAREASOLID(#11622,#11626,#11627,1.2);
#11629=IFCSHAPEREPRESENTATION(#11,'Body','SweptSolid',(#11628));
#11635=IFCCARTESIANPOINT((1.4433552928061337,4.2077344164503927E-07,0.));
#11636=IFCDIRECTION((0.,0.,1.));
#11637=IFCDIRECTION((0.99999999999997169,-2.3841837277181754E-07,0.));
#11638=IFCAXIS2PLACEMENT3D(#11635,#11636,#11637);
#11639=IFCLOCALPLACEMENT(#6781,#11638);
#11640=IFCCARTESIANPOINT((2.2204460492503131E-16,6.6613381477509392E-16,0.));
#11641=IFCDIRECTION((0.,0.,1.));
#11642=IFCDIRECTION((1.,2.1684043449710089E-19,0.));
#11643=IFCAXIS2PLACEMENT3D(#11640,#11641,#11642);
#11644=IFCLOCALPLACEMENT(#11639,#11643);
#11645=IFCDOORTYPE('3GA4zIMrb6qPp5Ndk5D8iB',$,'Master''s Bedroom - 2F',$,$,(#11646),(#11648,#11656,#11776),$,$,.DOOR.,.SINGLE_SWING_LEFT.,$,$);
#11646=IFCPROPERTYSET('0SVcebGVTAFPMlTgRq5gaE',$,'BBIM_Door',$,(#11647));
#11647=IFCPROPERTYSINGLEVALUE('Data',$,IFCTEXT('{"door_type": "SINGLE_SWING_RIGHT", "overall_height": 2.0, "overall_width": 0.8198297023773193, "lining_properties": {"lining_depth": 0.05000000074505806, "lining_thickness": 0.05000000074505806, "lining_offset": 0.0, "lining_to_panel_offset_x": 0.02500000037252903, "lining_to_panel_offset_y": 0.02500000037252903, "transom_thickness": 0.02969539165496826, "transom_offset": 1.598587155342102, "casing_thickness": 0.07500000298023224, "casing_depth": 0.004999999888241291, "threshold_thickness": 0.02500000037252903, "threshold_depth": 0.10000000149011612, "threshold_offset": 0.0}, "panel_properties": {"panel_depth": 0.03500000014901161, "panel_width_ratio": 1.0, "frame_thickness": 0.03500000014901161, "frame_depth": 0.03500000014901161}}'),$);
#11648=IFCREPRESENTATIONMAP(#11649,#11892);
#11649=IFCAXIS2PLACEMENT3D(#11650,#11651,#11652);
#11650=IFCCARTESIANPOINT((0.,0.,0.));
#11651=IFCDIRECTION((0.,0.,1.));
#11652=IFCDIRECTION((1.,0.,0.));
#11656=IFCREPRESENTATIONMAP(#11657,#12007);
#11657=IFCAXIS2PLACEMENT3D(#11658,#11659,#11660);
#11658=IFCCARTESIANPOINT((0.,0.,0.));
#11659=IFCDIRECTION((0.,0.,1.));
#11660=IFCDIRECTION((1.,0.,0.));
#11776=IFCREPRESENTATIONMAP(#11777,#12027);
#11777=IFCAXIS2PLACEMENT3D(#11778,#11779,#11780);
#11778=IFCCARTESIANPOINT((0.,0.,0.));
#11779=IFCDIRECTION((0.,0.,1.));
#11780=IFCDIRECTION((1.,0.,0.));
#11795=IFCDOOR('3x5ac0Q9n69Aw2mBegnqsN',$,'Door',$,$,#12052,#11804,$,2.,0.81982970237731934,$,.SINGLE_SWING_RIGHT.,$);
#11796=IFCRELDEFINESBYTYPE('3JSVS4whT0KPUu8ljY4v9C',$,$,$,(#11795),#11645);
#11797=IFCCARTESIANPOINT((0.,0.,0.));
#11798=IFCDIRECTION((1.,0.,0.));
#11799=IFCDIRECTION((0.,1.,0.));
#11800=IFCDIRECTION((0.,0.,1.));
#11801=IFCCARTESIANTRANSFORMATIONOPERATOR3D(#11798,#11799,#11797,1.,#11800);
#11802=IFCMAPPEDITEM(#11648,#11801);
#11803=IFCSHAPEREPRESENTATION(#18,'Profile','MappedRepresentation',(#11802));
#11804=IFCPRODUCTDEFINITIONSHAPE($,$,(#11803,#11811,#11818));
#11805=IFCCARTESIANPOINT((0.,0.,0.));
#11806=IFCDIRECTION((1.,0.,0.));
#11807=IFCDIRECTION((0.,1.,0.));
#11808=IFCDIRECTION((0.,0.,1.));
#11809=IFCCARTESIANTRANSFORMATIONOPERATOR3D(#11806,#11807,#11805,1.,#11808);
#11810=IFCMAPPEDITEM(#11656,#11809);
#11811=IFCSHAPEREPRESENTATION(#11,'Body','MappedRepresentation',(#11810));
#11812=IFCCARTESIANPOINT((0.,0.,0.));
#11813=IFCDIRECTION((1.,0.,0.));
#11814=IFCDIRECTION((0.,1.,0.));
#11815=IFCDIRECTION((0.,0.,1.));
#11816=IFCCARTESIANTRANSFORMATIONOPERATOR3D(#11813,#11814,#11812,1.,#11815);
#11817=IFCMAPPEDITEM(#11776,#11816);
#11818=IFCSHAPEREPRESENTATION(#24,'Body','MappedRepresentation',(#11817));
#11819=IFCOPENINGELEMENT('0MU6EyutjAnPbmaSPTci28',$,'Opening',$,$,#12047,#11847,$,.OPENING.);
#11835=IFCCARTESIANPOINT((0.,0.,0.));
#11836=IFCDIRECTION((1.,0.,0.));
#11837=IFCDIRECTION((0.,0.,1.));
#11838=IFCAXIS2PLACEMENT3D(#11835,#11837,#11836);
#11839=IFCREPRESENTATIONMAP(#11838,#12037);
#11840=IFCCARTESIANPOINT((0.,0.,0.));
#11841=IFCDIRECTION((1.,0.,0.));
#11842=IFCDIRECTION((0.,1.,0.));
#11843=IFCDIRECTION((0.,0.,1.));
#11844=IFCCARTESIANTRANSFORMATIONOPERATOR3D(#11841,#11842,#11840,1.,#11843);
#11845=IFCMAPPEDITEM(#11839,#11844);
#11846=IFCSHAPEREPRESENTATION(#11,'Body','MappedRepresentation',(#11845));
#11847=IFCPRODUCTDEFINITIONSHAPE($,$,(#11846));
#11848=IFCRELVOIDSELEMENT('2w8qskHw56v8kZQ1EHwxPC',$,$,$,#7556,#11819);
#11854=IFCRELFILLSELEMENT('2eM99kolXCIfGs3V$8R9j0',$,$,$,#11819,#11795);
#11890=IFCCARTESIANPOINTLIST3D(((0.,0.,0.),(0.81982970237731934,0.,0.),(0.81982970237731934,0.,2.),(0.,0.,2.)));
#11891=IFCINDEXEDPOLYCURVE(#11890,(IFCLINEINDEX((1,2,3,4,1))),$);
#11892=IFCSHAPEREPRESENTATION(#18,'Profile','Curve3D',(#11891));
#11893=IFCCARTESIANPOINTLIST2D(((0.,0.),(0.,1.6134348511695862),(0.81982970237731934,1.6134348511695862),(0.81982970237731934,0.),(0.79482970200479031,0.),(0.79482970200479031,1.5985871553421021),(0.02500000037252903,1.5985871553421021),(0.02500000037252903,0.)));
#11894=IFCINDEXEDPOLYCURVE(#11893,(IFCLINEINDEX((1,2,3,4,5,6,7,8,1))),$);
#11895=IFCARBITRARYCLOSEDPROFILEDEF(.AREA.,$,#11894);
#11896=IFCCARTESIANPOINT((0.,0.02500000037252903,0.));
#11897=IFCDIRECTION((0.,-1.,0.));
#11898=IFCDIRECTION((1.,0.,0.));
#11899=IFCAXIS2PLACEMENT3D(#11896,#11897,#11898);
#11900=IFCDIRECTION((0.,0.,-1.));
#11901=IFCEXTRUDEDAREASOLID(#11895,#11899,#11900,0.02500000037252903);
#11902=IFCCARTESIANPOINTLIST2D(((0.,0.),(0.,1.6134348511695862),(0.81982970237731934,1.6134348511695862),(0.81982970237731934,0.),(0.76982970163226128,0.),(0.76982970163226128,1.5985871553421021),(0.05000000074505806,1.5985871553421021),(0.05000000074505806,0.)));
#11903=IFCINDEXEDPOLYCURVE(#11902,(IFCLINEINDEX((1,2,3,4,5,6,7,8,1))),$);
#11904=IFCARBITRARYCLOSEDPROFILEDEF(.AREA.,$,#11903);
#11905=IFCCARTESIANPOINT((0.,0.,0.));
#11906=IFCDIRECTION((0.,-1.,0.));
#11907=IFCDIRECTION((1.,0.,0.));
#11908=IFCAXIS2PLACEMENT3D(#11905,#11906,#11907);
#11909=IFCDIRECTION((0.,0.,-1.));
#11910=IFCEXTRUDEDAREASOLID(#11904,#11908,#11909,0.02500000037252903);
#11911=IFCCARTESIANPOINTLIST2D(((0.,0.),(0.71982970088720322,0.),(0.71982970088720322,0.10000000149011612),(0.,0.10000000149011612)));
#11912=IFCINDEXEDPOLYCURVE(#11911,(IFCLINEINDEX((1,2,3,4,1))),$);
#11913=IFCARBITRARYCLOSEDPROFILEDEF(.AREA.,$,#11912);
#11914=IFCCARTESIANPOINT((0.05000000074505806,0.,0.));
#11915=IFCDIRECTION((0.,0.,1.));
#11916=IFCDIRECTION((1.,0.,0.));
#11917=IFCAXIS2PLACEMENT3D(#11914,#11915,#11916);
#11918=IFCDIRECTION((0.,0.,1.));
#11919=IFCEXTRUDEDAREASOLID(#11913,#11917,#11918,0.02500000037252903);
#11920=IFCCARTESIANPOINTLIST2D(((0.,0.),(0.,2.0250000022351742),(0.86982970684766769,2.0250000022351742),(0.86982970684766769,0.),(0.79482970386743546,0.),(0.79482970386743546,1.9499999992549419),(0.075000002980232239,1.9499999992549419),(0.075000002980232239,0.)));
#11921=IFCINDEXEDPOLYCURVE(#11920,(IFCLINEINDEX((1,2,3,4,5,6,7,8,1))),$);
#11922=IFCARBITRARYCLOSEDPROFILEDEF(.AREA.,$,#11921);
#11923=IFCCARTESIANPOINT((-0.025000002235174179,-0.004999999888241291,0.));
#11924=IFCDIRECTION((0.,-1.,0.));
#11925=IFCDIRECTION((1.,0.,0.));
#11926=IFCAXIS2PLACEMENT3D(#11923,#11924,#11925);
#11927=IFCDIRECTION((0.,0.,-1.));
#11928=IFCEXTRUDEDAREASOLID(#11922,#11926,#11927,0.004999999888241291);
#11929=IFCCARTESIANPOINTLIST2D(((0.,0.),(0.,2.0250000022351742),(0.86982970684766769,2.0250000022351742),(0.86982970684766769,0.),(0.81982970423996449,0.),(0.81982970423996449,1.9499999992549419),(0.050000002607703209,1.9499999992549419),(0.050000002607703209,0.)));
#11930=IFCINDEXEDPOLYCURVE(#11929,(IFCLINEINDEX((1,2,3,4,5,6,7,8,1))),$);
#11931=IFCARBITRARYCLOSEDPROFILEDEF(.AREA.,$,#11930);
#11932=IFCCARTESIANPOINT((-0.025000002235174179,0.05000000074505806,0.));
#11933=IFCDIRECTION((0.,-1.,0.));
#11934=IFCDIRECTION((1.,0.,0.));
#11935=IFCAXIS2PLACEMENT3D(#11932,#11933,#11934);
#11936=IFCDIRECTION((0.,0.,-1.));
#11937=IFCEXTRUDEDAREASOLID(#11931,#11935,#11936,0.004999999888241291);
#11938=IFCCARTESIANPOINTLIST2D(((0.,0.),(0.76982970163226128,0.),(0.76982970163226128,0.035000000149011612),(0.,0.035000000149011612)));
#11939=IFCINDEXEDPOLYCURVE(#11938,(IFCLINEINDEX((1,2,3,4,1))),$);
#11940=IFCARBITRARYCLOSEDPROFILEDEF(.AREA.,$,#11939);
#11941=IFCCARTESIANPOINT((0.02500000037252903,0.02500000037252903,0.02500000037252903));
#11942=IFCDIRECTION((0.,0.,1.));
#11943=IFCDIRECTION((1.,0.,0.));
#11944=IFCAXIS2PLACEMENT3D(#11941,#11942,#11943);
#11945=IFCDIRECTION((0.,0.,1.));
#11946=IFCEXTRUDEDAREASOLID(#11940,#11944,#11945,1.5634348504245281);
#11947=IFCCARTESIANPOINTLIST2D(((0.,0.),(0.,-0.040000000000000001),(0.12,-0.040000000000000001),(0.12,-0.02),(0.02,-0.02),(0.02,0.)));
#11948=IFCINDEXEDPOLYCURVE(#11947,(IFCLINEINDEX((1,2,3,4,5,6,1))),$);
#11949=IFCARBITRARYCLOSEDPROFILEDEF(.AREA.,$,#11948);
#11950=IFCCARTESIANPOINT((0.075000000372529033,0.02500000037252903,1.015000000372529));
#11951=IFCDIRECTION((0.,0.,1.));
#11952=IFCDIRECTION((1.,0.,0.));
#11953=IFCAXIS2PLACEMENT3D(#11950,#11951,#11952);
#11954=IFCDIRECTION((0.,0.,1.));
#11955=IFCEXTRUDEDAREASOLID(#11949,#11953,#11954,0.02);
#11956=IFCEXTRUDEDAREASOLID(#11957,#11960,#11964,0.02);
#11957=IFCARBITRARYCLOSEDPROFILEDEF(.AREA.,$,#11958);
#11958=IFCINDEXEDPOLYCURVE(#11959,(IFCLINEINDEX((1,2,3,4,5,6,1))),$);
#11959=IFCCARTESIANPOINTLIST2D(((0.,0.),(0.,0.040000000000000008),(0.11999999999999998,0.040000000000000008),(0.11999999999999998,0.020000000000000004),(0.020000000000000004,0.020000000000000004),(0.020000000000000004,0.)));
#11960=IFCAXIS2PLACEMENT3D(#11961,#11962,#11963);
#11961=IFCCARTESIANPOINT((0.075000000372529033,0.060000000521540642,1.015000000372529));
#11962=IFCDIRECTION((0.,0.,1.));
#11963=IFCDIRECTION((1.,0.,0.));
#11964=IFCDIRECTION((0.,0.,1.));
#11965=IFCCARTESIANPOINTLIST2D(((0.,0.),(0.81982970237731934,0.),(0.81982970237731934,0.38656514883041382),(0.,0.38656514883041382)));
#11966=IFCINDEXEDPOLYCURVE(#11965,(IFCLINEINDEX((1,2,3,4,1))),$);
#11967=IFCCARTESIANPOINTLIST2D(((0.02500000037252903,0.014847695827484131),(0.79482970200479031,0.014847695827484131),(0.79482970200479031,0.36156514845788479),(0.02500000037252903,0.36156514845788479)));
#11968=IFCINDEXEDPOLYCURVE(#11967,(IFCLINEINDEX((1,2,3,4,1))),$);
#11969=IFCARBITRARYPROFILEDEFWITHVOIDS(.AREA.,$,#11966,(#11968));
#11970=IFCCARTESIANPOINT((0.,0.02500000037252903,1.6134348511695862));
#11971=IFCDIRECTION((0.,-1.,0.));
#11972=IFCDIRECTION((1.,0.,0.));
#11973=IFCAXIS2PLACEMENT3D(#11970,#11971,#11972);
#11974=IFCDIRECTION((0.,0.,-1.));
#11975=IFCEXTRUDEDAREASOLID(#11969,#11973,#11974,0.02500000037252903);
#11976=IFCCARTESIANPOINTLIST2D(((0.,0.),(0.81982970237731934,0.),(0.81982970237731934,0.38656514883041382),(0.,0.38656514883041382)));
#11977=IFCINDEXEDPOLYCURVE(#11976,(IFCLINEINDEX((1,2,3,4,1))),$);
#11978=IFCCARTESIANPOINTLIST2D(((0.05000000074505806,0.014847695827484131),(0.76982970163226128,0.014847695827484131),(0.76982970163226128,0.33656514808535576),(0.05000000074505806,0.33656514808535576)));
#11979=IFCINDEXEDPOLYCURVE(#11978,(IFCLINEINDEX((1,2,3,4,1))),$);
#11980=IFCARBITRARYPROFILEDEFWITHVOIDS(.AREA.,$,#11977,(#11979));
#11981=IFCCARTESIANPOINT((0.,0.,1.6134348511695862));
#11982=IFCDIRECTION((0.,-1.,0.));
#11983=IFCDIRECTION((1.,0.,0.));
#11984=IFCAXIS2PLACEMENT3D(#11981,#11982,#11983);
#11985=IFCDIRECTION((0.,0.,-1.));
#11986=IFCEXTRUDEDAREASOLID(#11980,#11984,#11985,0.02500000037252903);
#11987=IFCCARTESIANPOINTLIST2D(((0.,0.),(0.76982970163226128,0.),(0.76982970163226128,0.33656514808535576),(0.,0.33656514808535576)));
#11988=IFCINDEXEDPOLYCURVE(#11987,(IFCLINEINDEX((1,2,3,4,1))),$);
#11989=IFCCARTESIANPOINTLIST2D(((0.035000000149011612,0.035000000149011612),(0.73482970148324966,0.035000000149011612),(0.73482970148324966,0.30156514793634415),(0.035000000149011612,0.30156514793634415)));
#11990=IFCINDEXEDPOLYCURVE(#11989,(IFCLINEINDEX((1,2,3,4,1))),$);
#11991=IFCARBITRARYPROFILEDEFWITHVOIDS(.AREA.,$,#11988,(#11990));
#11992=IFCCARTESIANPOINT((0.02500000037252903,0.02500000037252903,1.6384348515421152));
#11993=IFCDIRECTION((0.,-1.,0.));
#11994=IFCDIRECTION((1.,0.,0.));
#11995=IFCAXIS2PLACEMENT3D(#11992,#11993,#11994);
#11996=IFCDIRECTION((0.,0.,-1.));
#11997=IFCEXTRUDEDAREASOLID(#11991,#11995,#11996,0.035000000149011612);
#11998=IFCINDEXEDPOLYCURVE(#11999,(IFCLINEINDEX((1,2,3,4,1))),$);
#11999=IFCCARTESIANPOINTLIST2D(((0.035000000149011612,0.035000000149011612),(0.73482970148324966,0.035000000149011612),(0.73482970148324966,0.30156514793634415),(0.035000000149011612,0.30156514793634415)));
#12000=IFCARBITRARYCLOSEDPROFILEDEF(.AREA.,$,#11998);
#12001=IFCCARTESIANPOINT((0.02500000037252903,0.037500000447034831,1.6384348515421152));
#12002=IFCDIRECTION((0.,-1.,0.));
#12003=IFCDIRECTION((1.,0.,0.));
#12004=IFCAXIS2PLACEMENT3D(#12001,#12002,#12003);
#12005=IFCDIRECTION((0.,0.,-1.));
#12006=IFCEXTRUDEDAREASOLID(#12000,#12004,#12005,0.01);
#12007=IFCSHAPEREPRESENTATION(#11,'Body','SweptSolid',(#11901,#11910,#11946,#11955,#11956,#11975,#11986,#11997,#12006,#11919,#11928,#11937));
#12008=IFCSHAPEREPRESENTATION(#11,'Body','SweptSolid',(#11901,#11910,#11975,#11986,#11919,#11928,#11937));
#12009=IFCSHAPEASPECT((#12008),'Lining',$,.T.,#11804);
#12010=IFCSHAPEREPRESENTATION(#11,'Body','SweptSolid',(#11946,#11955,#11956,#11997));
#12011=IFCSHAPEASPECT((#12010),'Framing',$,.T.,#11804);
#12012=IFCSHAPEREPRESENTATION(#11,'Body','SweptSolid',(#12006));
#12013=IFCSHAPEASPECT((#12012),'Glazing',$,.T.,#11804);
#12014=IFCCARTESIANPOINTLIST2D(((0.,0.),(0.,0.05000000074505806),(0.02500000037252903,0.05000000074505806),(0.02500000037252903,0.02500000037252903),(0.05000000074505806,0.02500000037252903),(0.05000000074505806,0.)));
#12015=IFCINDEXEDPOLYCURVE(#12014,(IFCLINEINDEX((1,2,3,4,5,6,1))),$);
#12016=IFCINDEXEDPOLYCURVE(#12017,(IFCLINEINDEX((1,2,3,4,5,6,1))),$);
#12017=IFCCARTESIANPOINTLIST2D(((0.81982970237731934,0.),(0.81982970237731934,0.05000000074505806),(0.79482970200479031,0.05000000074505806),(0.79482970200479031,0.02500000037252903),(0.76982970163226128,0.02500000037252903),(0.76982970163226128,0.)));
#12018=IFCDIRECTION((1.,0.));
#12019=IFCCARTESIANPOINT((0.75982970185577869,0.05000000074505806));
#12020=IFCAXIS2PLACEMENT2D(#12019,#12018);
#12021=IFCELLIPSE(#12020,0.73482970148324966,0.76982970163226128);
#12022=IFCCARTESIANPOINT((0.75982970185577869,0.81982970237731934));
#12023=IFCCARTESIANPOINT((0.02500000037252903,0.05000000074505806));
#12024=IFCTRIMMEDCURVE(#12021,(#12022),(#12023),.T.,.CARTESIAN.);
#12025=IFCCARTESIANPOINTLIST2D(((0.79482970200479031,0.05000000074505806),(0.75982970185577869,0.05000000074505806),(0.75982970185577869,0.81982970237731934),(0.79482970200479031,0.81982970237731934)));
#12026=IFCINDEXEDPOLYCURVE(#12025,(IFCLINEINDEX((1,2,3,4,1))),$);
#12027=IFCSHAPEREPRESENTATION(#24,'Body','Curve2D',(#12015,#12016,#12024,#12026));
#12028=IFCCARTESIANPOINTLIST2D(((0.,0.),(0.81982970237731934,0.),(0.81982970237731934,2.),(0.,2.)));
#12029=IFCINDEXEDPOLYCURVE(#12028,(IFCLINEINDEX((1,2,3,4,1))),$);
#12030=IFCARBITRARYCLOSEDPROFILEDEF(.AREA.,$,#12029);
#12031=IFCCARTESIANPOINT((0.,-0.60000002384185791,0.));
#12032=IFCDIRECTION((0.,-1.,0.));
#12033=IFCDIRECTION((1.,0.,0.));
#12034=IFCAXIS2PLACEMENT3D(#12031,#12032,#12033);
#12035=IFCDIRECTION((0.,0.,-1.));
#12036=IFCEXTRUDEDAREASOLID(#12030,#12034,#12035,1.2);
#12037=IFCSHAPEREPRESENTATION(#11,'Body','SweptSolid',(#12036));
#12043=IFCCARTESIANPOINT((3.0823360670209654,0.014999413742084855,0.));
#12044=IFCDIRECTION((0.,0.,1.));
#12045=IFCDIRECTION((0.99999999999997147,-2.384185719961227E-07,0.));
#12046=IFCAXIS2PLACEMENT3D(#12043,#12044,#12045);
#12047=IFCLOCALPLACEMENT(#7567,#12046);
#12048=IFCCARTESIANPOINT((0.,-5.5511151231257827E-17,0.));
#12049=IFCDIRECTION((0.,0.,1.));
#12050=IFCDIRECTION((1.,0.,0.));
#12051=IFCAXIS2PLACEMENT3D(#12048,#12049,#12050);
#12052=IFCLOCALPLACEMENT(#12047,#12051);
#12053=IFCDOORTYPE('1vGn9REY9DWelm67Eb0bNy',$,'Bedroom-1-2F',$,$,(#12054),(#12056,#12064,#12184),$,$,.DOOR.,.SINGLE_SWING_LEFT.,$,$);
#12054=IFCPROPERTYSET('30XHM$rS5Biuzp5EdykWml',$,'BBIM_Door',$,(#12055));
#12055=IFCPROPERTYSINGLEVALUE('Data',$,IFCTEXT('{"door_type": "SINGLE_SWING_LEFT", "overall_height": 2.0, "overall_width": 0.8302097320556641, "lining_properties": {"lining_depth": 0.05000000074505806, "lining_thickness": 0.05000000074505806, "lining_offset": 0.0, "lining_to_panel_offset_x": 0.02500000037252903, "lining_to_panel_offset_y": 0.02500000037252903, "transom_thickness": 0.02969539165496826, "transom_offset": 1.598587155342102, "casing_thickness": 0.07500000298023224, "casing_depth": 0.004999999888241291, "threshold_thickness": 0.02500000037252903, "threshold_depth": 0.10000000149011612, "threshold_offset": 0.0}, "panel_properties": {"panel_depth": 0.03500000014901161, "panel_width_ratio": 1.0, "frame_thickness": 0.03500000014901161, "frame_depth": 0.03500000014901161}}'),$);
#12056=IFCREPRESENTATIONMAP(#12057,#12270);
#12057=IFCAXIS2PLACEMENT3D(#12058,#12059,#12060);
#12058=IFCCARTESIANPOINT((0.,0.,0.));
#12059=IFCDIRECTION((0.,0.,1.));
#12060=IFCDIRECTION((1.,0.,0.));
#12064=IFCREPRESENTATIONMAP(#12065,#12385);
#12065=IFCAXIS2PLACEMENT3D(#12066,#12067,#12068);
#12066=IFCCARTESIANPOINT((0.,0.,0.));
#12067=IFCDIRECTION((0.,0.,1.));
#12068=IFCDIRECTION((1.,0.,0.));
#12184=IFCREPRESENTATIONMAP(#12185,#12405);
#12185=IFCAXIS2PLACEMENT3D(#12186,#12187,#12188);
#12186=IFCCARTESIANPOINT((0.,0.,0.));
#12187=IFCDIRECTION((0.,0.,1.));
#12188=IFCDIRECTION((1.,0.,0.));
#12203=IFCDOOR('2oyVmoSdr1EfCWAChg1WwC',$,'Door',$,$,#12430,#12212,$,2.,0.83020973205566406,$,.SINGLE_SWING_LEFT.,$);
#12204=IFCRELDEFINESBYTYPE('3j2aGMMMX4HfrDPfTm55l3',$,$,$,(#12203),#12053);
#12205=IFCCARTESIANPOINT((0.,0.,0.));
#12206=IFCDIRECTION((1.,0.,0.));
#12207=IFCDIRECTION((0.,1.,0.));
#12208=IFCDIRECTION((0.,0.,1.));
#12209=IFCCARTESIANTRANSFORMATIONOPERATOR3D(#12206,#12207,#12205,1.,#12208);
#12210=IFCMAPPEDITEM(#12056,#12209);
#12211=IFCSHAPEREPRESENTATION(#18,'Profile','MappedRepresentation',(#12210));
#12212=IFCPRODUCTDEFINITIONSHAPE($,$,(#12211,#12219,#12226));
#12213=IFCCARTESIANPOINT((0.,0.,0.));
#12214=IFCDIRECTION((1.,0.,0.));
#12215=IFCDIRECTION((0.,1.,0.));
#12216=IFCDIRECTION((0.,0.,1.));
#12217=IFCCARTESIANTRANSFORMATIONOPERATOR3D(#12214,#12215,#12213,1.,#12216);
#12218=IFCMAPPEDITEM(#12064,#12217);
#12219=IFCSHAPEREPRESENTATION(#11,'Body','MappedRepresentation',(#12218));
#12220=IFCCARTESIANPOINT((0.,0.,0.));
#12221=IFCDIRECTION((1.,0.,0.));
#12222=IFCDIRECTION((0.,1.,0.));
#12223=IFCDIRECTION((0.,0.,1.));
#12224=IFCCARTESIANTRANSFORMATIONOPERATOR3D(#12221,#12222,#12220,1.,#12223);
#12225=IFCMAPPEDITEM(#12184,#12224);
#12226=IFCSHAPEREPRESENTATION(#24,'Body','MappedRepresentation',(#12225));
#12227=IFCOPENINGELEMENT('0wWGoX$kf9y9ZaGY_CSOhm',$,'Opening',$,$,#12425,#12255,$,.OPENING.);
#12243=IFCCARTESIANPOINT((0.,0.,0.));
#12244=IFCDIRECTION((1.,0.,0.));
#12245=IFCDIRECTION((0.,0.,1.));
#12246=IFCAXIS2PLACEMENT3D(#12243,#12245,#12244);
#12247=IFCREPRESENTATIONMAP(#12246,#12415);
#12248=IFCCARTESIANPOINT((0.,0.,0.));
#12249=IFCDIRECTION((1.,0.,0.));
#12250=IFCDIRECTION((0.,1.,0.));
#12251=IFCDIRECTION((0.,0.,1.));
#12252=IFCCARTESIANTRANSFORMATIONOPERATOR3D(#12249,#12250,#12248,1.,#12251);
#12253=IFCMAPPEDITEM(#12247,#12252);
#12254=IFCSHAPEREPRESENTATION(#11,'Body','MappedRepresentation',(#12253));
#12255=IFCPRODUCTDEFINITIONSHAPE($,$,(#12254));
#12256=IFCRELVOIDSELEMENT('3cyZd_wTH3Bf_x0sIGV_tz',$,$,$,#7556,#12227);
#12262=IFCRELFILLSELEMENT('2A98RMzuD3P9$UAj$o0c3t',$,$,$,#12227,#12203);
#12268=IFCCARTESIANPOINTLIST3D(((0.,0.,0.),(0.83020973205566406,0.,0.),(0.83020973205566406,0.,2.),(0.,0.,2.)));
#12269=IFCINDEXEDPOLYCURVE(#12268,(IFCLINEINDEX((1,2,3,4,1))),$);
#12270=IFCSHAPEREPRESENTATION(#18,'Profile','Curve3D',(#12269));
#12271=IFCCARTESIANPOINTLIST2D(((0.,0.),(0.,1.6134348511695862),(0.83020973205566406,1.6134348511695862),(0.83020973205566406,0.),(0.80520973168313503,0.),(0.80520973168313503,1.5985871553421021),(0.02500000037252903,1.5985871553421021),(0.02500000037252903,0.)));
#12272=IFCINDEXEDPOLYCURVE(#12271,(IFCLINEINDEX((1,2,3,4,5,6,7,8,1))),$);
#12273=IFCARBITRARYCLOSEDPROFILEDEF(.AREA.,$,#12272);
#12274=IFCCARTESIANPOINT((0.,0.02500000037252903,0.));
#12275=IFCDIRECTION((0.,-1.,0.));
#12276=IFCDIRECTION((1.,0.,0.));
#12277=IFCAXIS2PLACEMENT3D(#12274,#12275,#12276);
#12278=IFCDIRECTION((0.,0.,-1.));
#12279=IFCEXTRUDEDAREASOLID(#12273,#12277,#12278,0.02500000037252903);
#12280=IFCCARTESIANPOINTLIST2D(((0.,0.),(0.,1.6134348511695862),(0.83020973205566406,1.6134348511695862),(0.83020973205566406,0.),(0.780209731310606,0.),(0.780209731310606,1.5985871553421021),(0.05000000074505806,1.5985871553421021),(0.05000000074505806,0.)));
#12281=IFCINDEXEDPOLYCURVE(#12280,(IFCLINEINDEX((1,2,3,4,5,6,7,8,1))),$);
#12282=IFCARBITRARYCLOSEDPROFILEDEF(.AREA.,$,#12281);
#12283=IFCCARTESIANPOINT((0.,0.,0.));
#12284=IFCDIRECTION((0.,-1.,0.));
#12285=IFCDIRECTION((1.,0.,0.));
#12286=IFCAXIS2PLACEMENT3D(#12283,#12284,#12285);
#12287=IFCDIRECTION((0.,0.,-1.));
#12288=IFCEXTRUDEDAREASOLID(#12282,#12286,#12287,0.02500000037252903);
#12289=IFCCARTESIANPOINTLIST2D(((0.,0.),(0.73020973056554794,0.),(0.73020973056554794,0.10000000149011612),(0.,0.10000000149011612)));
#12290=IFCINDEXEDPOLYCURVE(#12289,(IFCLINEINDEX((1,2,3,4,1))),$);
#12291=IFCARBITRARYCLOSEDPROFILEDEF(.AREA.,$,#12290);
#12292=IFCCARTESIANPOINT((0.05000000074505806,0.,0.));
#12293=IFCDIRECTION((0.,0.,1.));
#12294=IFCDIRECTION((1.,0.,0.));
#12295=IFCAXIS2PLACEMENT3D(#12292,#12293,#12294);
#12296=IFCDIRECTION((0.,0.,1.));
#12297=IFCEXTRUDEDAREASOLID(#12291,#12295,#12296,0.02500000037252903);
#12298=IFCCARTESIANPOINTLIST2D(((0.,0.),(0.,2.0250000022351742),(0.88020973652601242,2.0250000022351742),(0.88020973652601242,0.),(0.80520973354578018,0.),(0.80520973354578018,1.9499999992549419),(0.075000002980232239,1.9499999992549419),(0.075000002980232239,0.)));
#12299=IFCINDEXEDPOLYCURVE(#12298,(IFCLINEINDEX((1,2,3,4,5,6,7,8,1))),$);
#12300=IFCARBITRARYCLOSEDPROFILEDEF(.AREA.,$,#12299);
#12301=IFCCARTESIANPOINT((-0.025000002235174179,-0.004999999888241291,0.));
#12302=IFCDIRECTION((0.,-1.,0.));
#12303=IFCDIRECTION((1.,0.,0.));
#12304=IFCAXIS2PLACEMENT3D(#12301,#12302,#12303);
#12305=IFCDIRECTION((0.,0.,-1.));
#12306=IFCEXTRUDEDAREASOLID(#12300,#12304,#12305,0.004999999888241291);
#12307=IFCCARTESIANPOINTLIST2D(((0.,0.),(0.,2.0250000022351742),(0.88020973652601242,2.0250000022351742),(0.88020973652601242,0.),(0.83020973391830921,0.),(0.83020973391830921,1.9499999992549419),(0.050000002607703209,1.9499999992549419),(0.050000002607703209,0.)));
#12308=IFCINDEXEDPOLYCURVE(#12307,(IFCLINEINDEX((1,2,3,4,5,6,7,8,1))),$);
#12309=IFCARBITRARYCLOSEDPROFILEDEF(.AREA.,$,#12308);
#12310=IFCCARTESIANPOINT((-0.025000002235174179,0.05000000074505806,0.));
#12311=IFCDIRECTION((0.,-1.,0.));
#12312=IFCDIRECTION((1.,0.,0.));
#12313=IFCAXIS2PLACEMENT3D(#12310,#12311,#12312);
#12314=IFCDIRECTION((0.,0.,-1.));
#12315=IFCEXTRUDEDAREASOLID(#12309,#12313,#12314,0.004999999888241291);
#12316=IFCCARTESIANPOINTLIST2D(((0.,0.),(0.780209731310606,0.),(0.780209731310606,0.035000000149011612),(0.,0.035000000149011612)));
#12317=IFCINDEXEDPOLYCURVE(#12316,(IFCLINEINDEX((1,2,3,4,1))),$);
#12318=IFCARBITRARYCLOSEDPROFILEDEF(.AREA.,$,#12317);
#12319=IFCCARTESIANPOINT((0.02500000037252903,0.02500000037252903,0.02500000037252903));
#12320=IFCDIRECTION((0.,0.,1.));
#12321=IFCDIRECTION((1.,0.,0.));
#12322=IFCAXIS2PLACEMENT3D(#12319,#12320,#12321);
#12323=IFCDIRECTION((0.,0.,1.));
#12324=IFCEXTRUDEDAREASOLID(#12318,#12322,#12323,1.5634348504245281);
#12325=IFCCARTESIANPOINTLIST2D(((0.,0.),(0.,-0.040000000000000001),(-0.11999999999999988,-0.040000000000000001),(-0.11999999999999988,-0.02),(-0.020000000000000018,-0.02),(-0.020000000000000018,0.)));
#12326=IFCINDEXEDPOLYCURVE(#12325,(IFCLINEINDEX((1,2,3,4,5,6,1))),$);
#12327=IFCARBITRARYCLOSEDPROFILEDEF(.AREA.,$,#12326);
#12328=IFCCARTESIANPOINT((0.75520973168313499,0.02500000037252903,1.015000000372529));
#12329=IFCDIRECTION((0.,0.,1.));
#12330=IFCDIRECTION((1.,0.,0.));
#12331=IFCAXIS2PLACEMENT3D(#12328,#12329,#12330);
#12332=IFCDIRECTION((0.,0.,1.));
#12333=IFCEXTRUDEDAREASOLID(#12327,#12331,#12332,0.02);
#12334=IFCEXTRUDEDAREASOLID(#12335,#12338,#12342,0.02);
#12335=IFCARBITRARYCLOSEDPROFILEDEF(.AREA.,$,#12336);
#12336=IFCINDEXEDPOLYCURVE(#12337,(IFCLINEINDEX((1,2,3,4,5,6,1))),$);
#12337=IFCCARTESIANPOINTLIST2D(((0.,0.),(0.,0.040000000000000008),(-0.11999999999999988,0.040000000000000008),(-0.11999999999999988,0.020000000000000004),(-0.020000000000000018,0.020000000000000004),(-0.020000000000000018,0.)));
#12338=IFCAXIS2PLACEMENT3D(#12339,#12340,#12341);
#12339=IFCCARTESIANPOINT((0.75520973168313499,0.060000000521540642,1.015000000372529));
#12340=IFCDIRECTION((0.,0.,1.));
#12341=IFCDIRECTION((1.,0.,0.));
#12342=IFCDIRECTION((0.,0.,1.));
#12343=IFCCARTESIANPOINTLIST2D(((0.,0.),(0.83020973205566406,0.),(0.83020973205566406,0.38656514883041382),(0.,0.38656514883041382)));
#12344=IFCINDEXEDPOLYCURVE(#12343,(IFCLINEINDEX((1,2,3,4,1))),$);
#12345=IFCCARTESIANPOINTLIST2D(((0.02500000037252903,0.014847695827484131),(0.80520973168313503,0.014847695827484131),(0.80520973168313503,0.36156514845788479),(0.02500000037252903,0.36156514845788479)));
#12346=IFCINDEXEDPOLYCURVE(#12345,(IFCLINEINDEX((1,2,3,4,1))),$);
#12347=IFCARBITRARYPROFILEDEFWITHVOIDS(.AREA.,$,#12344,(#12346));
#12348=IFCCARTESIANPOINT((0.,0.02500000037252903,1.6134348511695862));
#12349=IFCDIRECTION((0.,-1.,0.));
#12350=IFCDIRECTION((1.,0.,0.));
#12351=IFCAXIS2PLACEMENT3D(#12348,#12349,#12350);
#12352=IFCDIRECTION((0.,0.,-1.));
#12353=IFCEXTRUDEDAREASOLID(#12347,#12351,#12352,0.02500000037252903);
#12354=IFCCARTESIANPOINTLIST2D(((0.,0.),(0.83020973205566406,0.),(0.83020973205566406,0.38656514883041382),(0.,0.38656514883041382)));
#12355=IFCINDEXEDPOLYCURVE(#12354,(IFCLINEINDEX((1,2,3,4,1))),$);
#12356=IFCCARTESIANPOINTLIST2D(((0.05000000074505806,0.014847695827484131),(0.780209731310606,0.014847695827484131),(0.780209731310606,0.33656514808535576),(0.05000000074505806,0.33656514808535576)));
#12357=IFCINDEXEDPOLYCURVE(#12356,(IFCLINEINDEX((1,2,3,4,1))),$);
#12358=IFCARBITRARYPROFILEDEFWITHVOIDS(.AREA.,$,#12355,(#12357));
#12359=IFCCARTESIANPOINT((0.,0.,1.6134348511695862));
#12360=IFCDIRECTION((0.,-1.,0.));
#12361=IFCDIRECTION((1.,0.,0.));
#12362=IFCAXIS2PLACEMENT3D(#12359,#12360,#12361);
#12363=IFCDIRECTION((0.,0.,-1.));
#12364=IFCEXTRUDEDAREASOLID(#12358,#12362,#12363,0.02500000037252903);
#12365=IFCCARTESIANPOINTLIST2D(((0.,0.),(0.780209731310606,0.),(0.780209731310606,0.33656514808535576),(0.,0.33656514808535576)));
#12366=IFCINDEXEDPOLYCURVE(#12365,(IFCLINEINDEX((1,2,3,4,1))),$);
#12367=IFCCARTESIANPOINTLIST2D(((0.035000000149011612,0.035000000149011612),(0.74520973116159439,0.035000000149011612),(0.74520973116159439,0.30156514793634415),(0.035000000149011612,0.30156514793634415)));
#12368=IFCINDEXEDPOLYCURVE(#12367,(IFCLINEINDEX((1,2,3,4,1))),$);
#12369=IFCARBITRARYPROFILEDEFWITHVOIDS(.AREA.,$,#12366,(#12368));
#12370=IFCCARTESIANPOINT((0.02500000037252903,0.02500000037252903,1.6384348515421152));
#12371=IFCDIRECTION((0.,-1.,0.));
#12372=IFCDIRECTION((1.,0.,0.));
#12373=IFCAXIS2PLACEMENT3D(#12370,#12371,#12372);
#12374=IFCDIRECTION((0.,0.,-1.));
#12375=IFCEXTRUDEDAREASOLID(#12369,#12373,#12374,0.035000000149011612);
#12376=IFCINDEXEDPOLYCURVE(#12377,(IFCLINEINDEX((1,2,3,4,1))),$);
#12377=IFCCARTESIANPOINTLIST2D(((0.035000000149011612,0.035000000149011612),(0.74520973116159439,0.035000000149011612),(0.74520973116159439,0.30156514793634415),(0.035000000149011612,0.30156514793634415)));
#12378=IFCARBITRARYCLOSEDPROFILEDEF(.AREA.,$,#12376);
#12379=IFCCARTESIANPOINT((0.02500000037252903,0.037500000447034831,1.6384348515421152));
#12380=IFCDIRECTION((0.,-1.,0.));
#12381=IFCDIRECTION((1.,0.,0.));
#12382=IFCAXIS2PLACEMENT3D(#12379,#12380,#12381);
#12383=IFCDIRECTION((0.,0.,-1.));
#12384=IFCEXTRUDEDAREASOLID(#12378,#12382,#12383,0.01);
#12385=IFCSHAPEREPRESENTATION(#11,'Body','SweptSolid',(#12279,#12288,#12324,#12333,#12334,#12353,#12364,#12375,#12384,#12297,#12306,#12315));
#12386=IFCSHAPEREPRESENTATION(#11,'Body','SweptSolid',(#12279,#12288,#12353,#12364,#12297,#12306,#12315));
#12387=IFCSHAPEASPECT((#12386),'Lining',$,.T.,#12212);
#12388=IFCSHAPEREPRESENTATION(#11,'Body','SweptSolid',(#12324,#12333,#12334,#12375));
#12389=IFCSHAPEASPECT((#12388),'Framing',$,.T.,#12212);
#12390=IFCSHAPEREPRESENTATION(#11,'Body','SweptSolid',(#12384));
#12391=IFCSHAPEASPECT((#12390),'Glazing',$,.T.,#12212);
#12392=IFCCARTESIANPOINTLIST2D(((0.,0.),(0.,0.05000000074505806),(0.02500000037252903,0.05000000074505806),(0.02500000037252903,0.02500000037252903),(0.05000000074505806,0.02500000037252903),(0.05000000074505806,0.)));
#12393=IFCINDEXEDPOLYCURVE(#12392,(IFCLINEINDEX((1,2,3,4,5,6,1))),$);
#12394=IFCINDEXEDPOLYCURVE(#12395,(IFCLINEINDEX((1,2,3,4,5,6,1))),$);
#12395=IFCCARTESIANPOINTLIST2D(((0.83020973205566406,0.),(0.83020973205566406,0.05000000074505806),(0.80520973168313503,0.05000000074505806),(0.80520973168313503,0.02500000037252903),(0.780209731310606,0.02500000037252903),(0.780209731310606,0.)));
#12396=IFCDIRECTION((1.,0.));
#12397=IFCCARTESIANPOINT((0.060000000521540642,0.05000000074505806));
#12398=IFCAXIS2PLACEMENT2D(#12397,#12396);
#12399=IFCELLIPSE(#12398,0.74520973116159439,0.780209731310606);
#12400=IFCCARTESIANPOINT((0.80520973168313503,0.05000000074505806));
#12401=IFCCARTESIANPOINT((0.060000000521540642,0.83020973205566406));
#12402=IFCTRIMMEDCURVE(#12399,(#12400),(#12401),.T.,.CARTESIAN.);
#12403=IFCCARTESIANPOINTLIST2D(((0.02500000037252903,0.05000000074505806),(0.060000000521540642,0.05000000074505806),(0.060000000521540642,0.83020973205566406),(0.02500000037252903,0.83020973205566406)));
#12404=IFCINDEXEDPOLYCURVE(#12403,(IFCLINEINDEX((1,2,3,4,1))),$);
#12405=IFCSHAPEREPRESENTATION(#24,'Body','Curve2D',(#12393,#12394,#12402,#12404));
#12406=IFCCARTESIANPOINTLIST2D(((0.,0.),(0.83020973205566406,0.),(0.83020973205566406,2.),(0.,2.)));
#12407=IFCINDEXEDPOLYCURVE(#12406,(IFCLINEINDEX((1,2,3,4,1))),$);
#12408=IFCARBITRARYCLOSEDPROFILEDEF(.AREA.,$,#12407);
#12409=IFCCARTESIANPOINT((0.,-0.60000002384185791,0.));
#12410=IFCDIRECTION((0.,-1.,0.));
#12411=IFCDIRECTION((1.,0.,0.));
#12412=IFCAXIS2PLACEMENT3D(#12409,#12410,#12411);
#12413=IFCDIRECTION((0.,0.,-1.));
#12414=IFCEXTRUDEDAREASOLID(#12408,#12412,#12413,1.2);
#12415=IFCSHAPEREPRESENTATION(#11,'Body','SweptSolid',(#12414));
#12421=IFCCARTESIANPOINT((4.3244770753980282,0.014999626730413607,0.));
#12422=IFCDIRECTION((0.,0.,1.));
#12423=IFCDIRECTION((0.99999999999997147,-2.384185719961227E-07,0.));
#12424=IFCAXIS2PLACEMENT3D(#12421,#12422,#12423);
#12425=IFCLOCALPLACEMENT(#7567,#12424);
#12426=IFCCARTESIANPOINT((8.8817841970012523E-16,0.,0.));
#12427=IFCDIRECTION((0.,0.,1.));
#12428=IFCDIRECTION((1.,0.,0.));
#12429=IFCAXIS2PLACEMENT3D(#12426,#12427,#12428);
#12430=IFCLOCALPLACEMENT(#12425,#12429);
#12431=IFCDOORTYPE('3SQ8CJkRj2oQVe3Y3l0MPq',$,'Bathroom-2F',$,$,(#12432),(#12434,#12442,#12562),$,$,.DOOR.,.SINGLE_SWING_LEFT.,$,$);
#12432=IFCPROPERTYSET('0zaZuhtsf7bhvjhPwf5y6a',$,'BBIM_Door',$,(#12433));
#12433=IFCPROPERTYSINGLEVALUE('Data',$,IFCTEXT('{"door_type": "SINGLE_SWING_LEFT", "overall_height": 2.0, "overall_width": 0.7057331204414368, "lining_properties": {"lining_depth": 0.05000000074505806, "lining_thickness": 0.05000000074505806, "lining_offset": 0.0, "lining_to_panel_offset_x": 0.02500000037252903, "lining_to_panel_offset_y": 0.02500000037252903, "transom_thickness": 0.02969539165496826, "transom_offset": 1.598587155342102, "casing_thickness": 0.07500000298023224, "casing_depth": 0.004999999888241291, "threshold_thickness": 0.02500000037252903, "threshold_depth": 0.10000000149011612, "threshold_offset": 0.0}, "panel_properties": {"panel_depth": 0.03500000014901161, "panel_width_ratio": 1.0, "frame_thickness": 0.03500000014901161, "frame_depth": 0.03500000014901161}}'),$);
#12434=IFCREPRESENTATIONMAP(#12435,#12648);
#12435=IFCAXIS2PLACEMENT3D(#12436,#12437,#12438);
#12436=IFCCARTESIANPOINT((0.,0.,0.));
#12437=IFCDIRECTION((0.,0.,1.));
#12438=IFCDIRECTION((1.,0.,0.));
#12442=IFCREPRESENTATIONMAP(#12443,#12763);
#12443=IFCAXIS2PLACEMENT3D(#12444,#12445,#12446);
#12444=IFCCARTESIANPOINT((0.,0.,0.));
#12445=IFCDIRECTION((0.,0.,1.));
#12446=IFCDIRECTION((1.,0.,0.));
#12562=IFCREPRESENTATIONMAP(#12563,#12783);
#12563=IFCAXIS2PLACEMENT3D(#12564,#12565,#12566);
#12564=IFCCARTESIANPOINT((0.,0.,0.));
#12565=IFCDIRECTION((0.,0.,1.));
#12566=IFCDIRECTION((1.,0.,0.));
#12581=IFCDOOR('1nCbBRkmb889$ZPAp6opxE',$,'Door',$,$,#12808,#12590,$,2.,0.70573312044143677,$,.SINGLE_SWING_LEFT.,$);
#12582=IFCRELDEFINESBYTYPE('3dzo9EGzP7kBrf$EYxuLhF',$,$,$,(#12581),#12431);
#12583=IFCCARTESIANPOINT((0.,0.,0.));
#12584=IFCDIRECTION((1.,0.,0.));
#12585=IFCDIRECTION((0.,1.,0.));
#12586=IFCDIRECTION((0.,0.,1.));
#12587=IFCCARTESIANTRANSFORMATIONOPERATOR3D(#12584,#12585,#12583,1.,#12586);
#12588=IFCMAPPEDITEM(#12434,#12587);
#12589=IFCSHAPEREPRESENTATION(#18,'Profile','MappedRepresentation',(#12588));
#12590=IFCPRODUCTDEFINITIONSHAPE($,$,(#12589,#12597,#12604));
#12591=IFCCARTESIANPOINT((0.,0.,0.));
#12592=IFCDIRECTION((1.,0.,0.));
#12593=IFCDIRECTION((0.,1.,0.));
#12594=IFCDIRECTION((0.,0.,1.));
#12595=IFCCARTESIANTRANSFORMATIONOPERATOR3D(#12592,#12593,#12591,1.,#12594);
#12596=IFCMAPPEDITEM(#12442,#12595);
#12597=IFCSHAPEREPRESENTATION(#11,'Body','MappedRepresentation',(#12596));
#12598=IFCCARTESIANPOINT((0.,0.,0.));
#12599=IFCDIRECTION((1.,0.,0.));
#12600=IFCDIRECTION((0.,1.,0.));
#12601=IFCDIRECTION((0.,0.,1.));
#12602=IFCCARTESIANTRANSFORMATIONOPERATOR3D(#12599,#12600,#12598,1.,#12601);
#12603=IFCMAPPEDITEM(#12562,#12602);
#12604=IFCSHAPEREPRESENTATION(#24,'Body','MappedRepresentation',(#12603));
#12605=IFCOPENINGELEMENT('0aeF1JSc16bAvs86pdjFEN',$,'Opening',$,$,#12803,#12633,$,.OPENING.);
#12621=IFCCARTESIANPOINT((0.,0.,0.));
#12622=IFCDIRECTION((1.,0.,0.));
#12623=IFCDIRECTION((0.,0.,1.));
#12624=IFCAXIS2PLACEMENT3D(#12621,#12623,#12622);
#12625=IFCREPRESENTATIONMAP(#12624,#12793);
#12626=IFCCARTESIANPOINT((0.,0.,0.));
#12627=IFCDIRECTION((1.,0.,0.));
#12628=IFCDIRECTION((0.,1.,0.));
#12629=IFCDIRECTION((0.,0.,1.));
#12630=IFCCARTESIANTRANSFORMATIONOPERATOR3D(#12627,#12628,#12626,1.,#12629);
#12631=IFCMAPPEDITEM(#12625,#12630);
#12632=IFCSHAPEREPRESENTATION(#11,'Body','MappedRepresentation',(#12631));
#12633=IFCPRODUCTDEFINITIONSHAPE($,$,(#12632));
#12634=IFCRELVOIDSELEMENT('1gt8hL_G1BrOK9WtlPRJ99',$,$,$,#8003,#12605);
#12640=IFCRELFILLSELEMENT('05FC7QmoDCtAvpjXkYSL71',$,$,$,#12605,#12581);
#12646=IFCCARTESIANPOINTLIST3D(((0.,0.,0.),(0.70573312044143677,0.,0.),(0.70573312044143677,0.,2.),(0.,0.,2.)));
#12647=IFCINDEXEDPOLYCURVE(#12646,(IFCLINEINDEX((1,2,3,4,1))),$);
#12648=IFCSHAPEREPRESENTATION(#18,'Profile','Curve3D',(#12647));
#12649=IFCCARTESIANPOINTLIST2D(((0.,0.),(0.,1.6134348511695862),(0.70573312044143677,1.6134348511695862),(0.70573312044143677,0.),(0.68073312006890774,0.),(0.68073312006890774,1.5985871553421021),(0.02500000037252903,1.5985871553421021),(0.02500000037252903,0.)));
#12650=IFCINDEXEDPOLYCURVE(#12649,(IFCLINEINDEX((1,2,3,4,5,6,7,8,1))),$);
#12651=IFCARBITRARYCLOSEDPROFILEDEF(.AREA.,$,#12650);
#12652=IFCCARTESIANPOINT((0.,0.02500000037252903,0.));
#12653=IFCDIRECTION((0.,-1.,0.));
#12654=IFCDIRECTION((1.,0.,0.));
#12655=IFCAXIS2PLACEMENT3D(#12652,#12653,#12654);
#12656=IFCDIRECTION((0.,0.,-1.));
#12657=IFCEXTRUDEDAREASOLID(#12651,#12655,#12656,0.02500000037252903);
#12658=IFCCARTESIANPOINTLIST2D(((0.,0.),(0.,1.6134348511695862),(0.70573312044143677,1.6134348511695862),(0.70573312044143677,0.),(0.65573311969637871,0.),(0.65573311969637871,1.5985871553421021),(0.05000000074505806,1.5985871553421021),(0.05000000074505806,0.)));
#12659=IFCINDEXEDPOLYCURVE(#12658,(IFCLINEINDEX((1,2,3,4,5,6,7,8,1))),$);
#12660=IFCARBITRARYCLOSEDPROFILEDEF(.AREA.,$,#12659);
#12661=IFCCARTESIANPOINT((0.,0.,0.));
#12662=IFCDIRECTION((0.,-1.,0.));
#12663=IFCDIRECTION((1.,0.,0.));
#12664=IFCAXIS2PLACEMENT3D(#12661,#12662,#12663);
#12665=IFCDIRECTION((0.,0.,-1.));
#12666=IFCEXTRUDEDAREASOLID(#12660,#12664,#12665,0.02500000037252903);
#12667=IFCCARTESIANPOINTLIST2D(((0.,0.),(0.60573311895132065,0.),(0.60573311895132065,0.10000000149011612),(0.,0.10000000149011612)));
#12668=IFCINDEXEDPOLYCURVE(#12667,(IFCLINEINDEX((1,2,3,4,1))),$);
#12669=IFCARBITRARYCLOSEDPROFILEDEF(.AREA.,$,#12668);
#12670=IFCCARTESIANPOINT((0.05000000074505806,0.,0.));
#12671=IFCDIRECTION((0.,0.,1.));
#12672=IFCDIRECTION((1.,0.,0.));
#12673=IFCAXIS2PLACEMENT3D(#12670,#12671,#12672);
#12674=IFCDIRECTION((0.,0.,1.));
#12675=IFCEXTRUDEDAREASOLID(#12669,#12673,#12674,0.02500000037252903);
#12676=IFCCARTESIANPOINTLIST2D(((0.,0.),(0.,2.0250000022351742),(0.75573312491178513,2.0250000022351742),(0.75573312491178513,0.),(0.68073312193155289,0.),(0.68073312193155289,1.9499999992549419),(0.075000002980232239,1.9499999992549419),(0.075000002980232239,0.)));
#12677=IFCINDEXEDPOLYCURVE(#12676,(IFCLINEINDEX((1,2,3,4,5,6,7,8,1))),$);
#12678=IFCARBITRARYCLOSEDPROFILEDEF(.AREA.,$,#12677);
#12679=IFCCARTESIANPOINT((-0.025000002235174179,-0.004999999888241291,0.));
#12680=IFCDIRECTION((0.,-1.,0.));
#12681=IFCDIRECTION((1.,0.,0.));
#12682=IFCAXIS2PLACEMENT3D(#12679,#12680,#12681);
#12683=IFCDIRECTION((0.,0.,-1.));
#12684=IFCEXTRUDEDAREASOLID(#12678,#12682,#12683,0.004999999888241291);
#12685=IFCCARTESIANPOINTLIST2D(((0.,0.),(0.,2.0250000022351742),(0.75573312491178513,2.0250000022351742),(0.75573312491178513,0.),(0.70573312230408192,0.),(0.70573312230408192,1.9499999992549419),(0.050000002607703209,1.9499999992549419),(0.050000002607703209,0.)));
#12686=IFCINDEXEDPOLYCURVE(#12685,(IFCLINEINDEX((1,2,3,4,5,6,7,8,1))),$);
#12687=IFCARBITRARYCLOSEDPROFILEDEF(.AREA.,$,#12686);
#12688=IFCCARTESIANPOINT((-0.025000002235174179,0.05000000074505806,0.));
#12689=IFCDIRECTION((0.,-1.,0.));
#12690=IFCDIRECTION((1.,0.,0.));
#12691=IFCAXIS2PLACEMENT3D(#12688,#12689,#12690);
#12692=IFCDIRECTION((0.,0.,-1.));
#12693=IFCEXTRUDEDAREASOLID(#12687,#12691,#12692,0.004999999888241291);
#12694=IFCCARTESIANPOINTLIST2D(((0.,0.),(0.65573311969637871,0.),(0.65573311969637871,0.035000000149011612),(0.,0.035000000149011612)));
#12695=IFCINDEXEDPOLYCURVE(#12694,(IFCLINEINDEX((1,2,3,4,1))),$);
#12696=IFCARBITRARYCLOSEDPROFILEDEF(.AREA.,$,#12695);
#12697=IFCCARTESIANPOINT((0.02500000037252903,0.02500000037252903,0.02500000037252903));
#12698=IFCDIRECTION((0.,0.,1.));
#12699=IFCDIRECTION((1.,0.,0.));
#12700=IFCAXIS2PLACEMENT3D(#12697,#12698,#12699);
#12701=IFCDIRECTION((0.,0.,1.));
#12702=IFCEXTRUDEDAREASOLID(#12696,#12700,#12701,1.5634348504245281);
#12703=IFCCARTESIANPOINTLIST2D(((0.,0.),(0.,-0.040000000000000001),(-0.11999999999999988,-0.040000000000000001),(-0.11999999999999988,-0.02),(-0.020000000000000018,-0.02),(-0.020000000000000018,0.)));
#12704=IFCINDEXEDPOLYCURVE(#12703,(IFCLINEINDEX((1,2,3,4,5,6,1))),$);
#12705=IFCARBITRARYCLOSEDPROFILEDEF(.AREA.,$,#12704);
#12706=IFCCARTESIANPOINT((0.63073312006890769,0.02500000037252903,1.015000000372529));
#12707=IFCDIRECTION((0.,0.,1.));
#12708=IFCDIRECTION((1.,0.,0.));
#12709=IFCAXIS2PLACEMENT3D(#12706,#12707,#12708);
#12710=IFCDIRECTION((0.,0.,1.));
#12711=IFCEXTRUDEDAREASOLID(#12705,#12709,#12710,0.02);
#12712=IFCEXTRUDEDAREASOLID(#12713,#12716,#12720,0.02);
#12713=IFCARBITRARYCLOSEDPROFILEDEF(.AREA.,$,#12714);
#12714=IFCINDEXEDPOLYCURVE(#12715,(IFCLINEINDEX((1,2,3,4,5,6,1))),$);
#12715=IFCCARTESIANPOINTLIST2D(((0.,0.),(0.,0.040000000000000008),(-0.11999999999999988,0.040000000000000008),(-0.11999999999999988,0.020000000000000004),(-0.020000000000000018,0.020000000000000004),(-0.020000000000000018,0.)));
#12716=IFCAXIS2PLACEMENT3D(#12717,#12718,#12719);
#12717=IFCCARTESIANPOINT((0.63073312006890769,0.060000000521540642,1.015000000372529));
#12718=IFCDIRECTION((0.,0.,1.));
#12719=IFCDIRECTION((1.,0.,0.));
#12720=IFCDIRECTION((0.,0.,1.));
#12721=IFCCARTESIANPOINTLIST2D(((0.,0.),(0.70573312044143677,0.),(0.70573312044143677,0.38656514883041382),(0.,0.38656514883041382)));
#12722=IFCINDEXEDPOLYCURVE(#12721,(IFCLINEINDEX((1,2,3,4,1))),$);
#12723=IFCCARTESIANPOINTLIST2D(((0.02500000037252903,0.014847695827484131),(0.68073312006890774,0.014847695827484131),(0.68073312006890774,0.36156514845788479),(0.02500000037252903,0.36156514845788479)));
#12724=IFCINDEXEDPOLYCURVE(#12723,(IFCLINEINDEX((1,2,3,4,1))),$);
#12725=IFCARBITRARYPROFILEDEFWITHVOIDS(.AREA.,$,#12722,(#12724));
#12726=IFCCARTESIANPOINT((0.,0.02500000037252903,1.6134348511695862));
#12727=IFCDIRECTION((0.,-1.,0.));
#12728=IFCDIRECTION((1.,0.,0.));
#12729=IFCAXIS2PLACEMENT3D(#12726,#12727,#12728);
#12730=IFCDIRECTION((0.,0.,-1.));
#12731=IFCEXTRUDEDAREASOLID(#12725,#12729,#12730,0.02500000037252903);
#12732=IFCCARTESIANPOINTLIST2D(((0.,0.),(0.70573312044143677,0.),(0.70573312044143677,0.38656514883041382),(0.,0.38656514883041382)));
#12733=IFCINDEXEDPOLYCURVE(#12732,(IFCLINEINDEX((1,2,3,4,1))),$);
#12734=IFCCARTESIANPOINTLIST2D(((0.05000000074505806,0.014847695827484131),(0.65573311969637871,0.014847695827484131),(0.65573311969637871,0.33656514808535576),(0.05000000074505806,0.33656514808535576)));
#12735=IFCINDEXEDPOLYCURVE(#12734,(IFCLINEINDEX((1,2,3,4,1))),$);
#12736=IFCARBITRARYPROFILEDEFWITHVOIDS(.AREA.,$,#12733,(#12735));
#12737=IFCCARTESIANPOINT((0.,0.,1.6134348511695862));
#12738=IFCDIRECTION((0.,-1.,0.));
#12739=IFCDIRECTION((1.,0.,0.));
#12740=IFCAXIS2PLACEMENT3D(#12737,#12738,#12739);
#12741=IFCDIRECTION((0.,0.,-1.));
#12742=IFCEXTRUDEDAREASOLID(#12736,#12740,#12741,0.02500000037252903);
#12743=IFCCARTESIANPOINTLIST2D(((0.,0.),(0.65573311969637871,0.),(0.65573311969637871,0.33656514808535576),(0.,0.33656514808535576)));
#12744=IFCINDEXEDPOLYCURVE(#12743,(IFCLINEINDEX((1,2,3,4,1))),$);
#12745=IFCCARTESIANPOINTLIST2D(((0.035000000149011612,0.035000000149011612),(0.6207331195473671,0.035000000149011612),(0.6207331195473671,0.30156514793634415),(0.035000000149011612,0.30156514793634415)));
#12746=IFCINDEXEDPOLYCURVE(#12745,(IFCLINEINDEX((1,2,3,4,1))),$);
#12747=IFCARBITRARYPROFILEDEFWITHVOIDS(.AREA.,$,#12744,(#12746));
#12748=IFCCARTESIANPOINT((0.02500000037252903,0.02500000037252903,1.6384348515421152));
#12749=IFCDIRECTION((0.,-1.,0.));
#12750=IFCDIRECTION((1.,0.,0.));
#12751=IFCAXIS2PLACEMENT3D(#12748,#12749,#12750);
#12752=IFCDIRECTION((0.,0.,-1.));
#12753=IFCEXTRUDEDAREASOLID(#12747,#12751,#12752,0.035000000149011612);
#12754=IFCINDEXEDPOLYCURVE(#12755,(IFCLINEINDEX((1,2,3,4,1))),$);
#12755=IFCCARTESIANPOINTLIST2D(((0.035000000149011612,0.035000000149011612),(0.6207331195473671,0.035000000149011612),(0.6207331195473671,0.30156514793634415),(0.035000000149011612,0.30156514793634415)));
#12756=IFCARBITRARYCLOSEDPROFILEDEF(.AREA.,$,#12754);
#12757=IFCCARTESIANPOINT((0.02500000037252903,0.037500000447034831,1.6384348515421152));
#12758=IFCDIRECTION((0.,-1.,0.));
#12759=IFCDIRECTION((1.,0.,0.));
#12760=IFCAXIS2PLACEMENT3D(#12757,#12758,#12759);
#12761=IFCDIRECTION((0.,0.,-1.));
#12762=IFCEXTRUDEDAREASOLID(#12756,#12760,#12761,0.01);
#12763=IFCSHAPEREPRESENTATION(#11,'Body','SweptSolid',(#12657,#12666,#12702,#12711,#12712,#12731,#12742,#12753,#12762,#12675,#12684,#12693));
#12764=IFCSHAPEREPRESENTATION(#11,'Body','SweptSolid',(#12657,#12666,#12731,#12742,#12675,#12684,#12693));
#12765=IFCSHAPEASPECT((#12764),'Lining',$,.T.,#12590);
#12766=IFCSHAPEREPRESENTATION(#11,'Body','SweptSolid',(#12702,#12711,#12712,#12753));
#12767=IFCSHAPEASPECT((#12766),'Framing',$,.T.,#12590);
#12768=IFCSHAPEREPRESENTATION(#11,'Body','SweptSolid',(#12762));
#12769=IFCSHAPEASPECT((#12768),'Glazing',$,.T.,#12590);
#12770=IFCCARTESIANPOINTLIST2D(((0.,0.),(0.,0.05000000074505806),(0.02500000037252903,0.05000000074505806),(0.02500000037252903,0.02500000037252903),(0.05000000074505806,0.02500000037252903),(0.05000000074505806,0.)));
#12771=IFCINDEXEDPOLYCURVE(#12770,(IFCLINEINDEX((1,2,3,4,5,6,1))),$);
#12772=IFCINDEXEDPOLYCURVE(#12773,(IFCLINEINDEX((1,2,3,4,5,6,1))),$);
#12773=IFCCARTESIANPOINTLIST2D(((0.70573312044143677,0.),(0.70573312044143677,0.05000000074505806),(0.68073312006890774,0.05000000074505806),(0.68073312006890774,0.02500000037252903),(0.65573311969637871,0.02500000037252903),(0.65573311969637871,0.)));
#12774=IFCDIRECTION((1.,0.));
#12775=IFCCARTESIANPOINT((0.060000000521540642,0.05000000074505806));
#12776=IFCAXIS2PLACEMENT2D(#12775,#12774);
#12777=IFCELLIPSE(#12776,0.6207331195473671,0.65573311969637871);
#12778=IFCCARTESIANPOINT((0.68073312006890774,0.05000000074505806));
#12779=IFCCARTESIANPOINT((0.060000000521540642,0.70573312044143677));
#12780=IFCTRIMMEDCURVE(#12777,(#12778),(#12779),.T.,.CARTESIAN.);
#12781=IFCCARTESIANPOINTLIST2D(((0.02500000037252903,0.05000000074505806),(0.060000000521540642,0.05000000074505806),(0.060000000521540642,0.70573312044143677),(0.02500000037252903,0.70573312044143677)));
#12782=IFCINDEXEDPOLYCURVE(#12781,(IFCLINEINDEX((1,2,3,4,1))),$);
#12783=IFCSHAPEREPRESENTATION(#24,'Body','Curve2D',(#12771,#12772,#12780,#12782));
#12784=IFCCARTESIANPOINTLIST2D(((0.,0.),(0.70573312044143677,0.),(0.70573312044143677,2.),(0.,2.)));
#12785=IFCINDEXEDPOLYCURVE(#12784,(IFCLINEINDEX((1,2,3,4,1))),$);
#12786=IFCARBITRARYCLOSEDPROFILEDEF(.AREA.,$,#12785);
#12787=IFCCARTESIANPOINT((0.,-0.60000002384185791,0.));
#12788=IFCDIRECTION((0.,-1.,0.));
#12789=IFCDIRECTION((1.,0.,0.));
#12790=IFCAXIS2PLACEMENT3D(#12787,#12788,#12789);
#12791=IFCDIRECTION((0.,0.,-1.));
#12792=IFCEXTRUDEDAREASOLID(#12786,#12790,#12791,1.2);
#12793=IFCSHAPEREPRESENTATION(#11,'Body','SweptSolid',(#12792));
#12799=IFCCARTESIANPOINT((3.4802454795327904,0.099998996295281195,0.));
#12800=IFCDIRECTION((0.,0.,1.));
#12801=IFCDIRECTION((-0.99999999999967748,8.0302708855249649E-07,0.));
#12802=IFCAXIS2PLACEMENT3D(#12799,#12800,#12801);
#12803=IFCLOCALPLACEMENT(#8014,#12802);
#12804=IFCCARTESIANPOINT((-1.1102230246251565E-16,0.,0.));
#12805=IFCDIRECTION((0.,0.,1.));
#12806=IFCDIRECTION((1.,4.3368086899420177E-19,0.));
#12807=IFCAXIS2PLACEMENT3D(#12804,#12805,#12806);
#12808=IFCLOCALPLACEMENT(#12803,#12807);
#12812=IFCCARTESIANPOINTLIST2D(((0.,0.),(0.,1.893837571144104),(0.60601580142974854,1.893837571144104),(0.60601580142974854,0.),(0.60501580138225108,0.),(0.60501580138225108,1.8928375710966066),(0.0010000000474974513,1.8928375710966066),(0.0010000000474974513,0.)));
#12813=IFCINDEXEDPOLYCURVE(#12812,(IFCLINEINDEX((1,2,3,4,5,6,7,8,1))),$);
#12814=IFCARBITRARYCLOSEDPROFILEDEF(.AREA.,$,#12813);
#12815=IFCCARTESIANPOINT((0.,0.,0.));
#12816=IFCDIRECTION((0.,-1.,0.));
#12817=IFCDIRECTION((1.,0.,0.));
#12818=IFCAXIS2PLACEMENT3D(#12815,#12816,#12817);
#12819=IFCDIRECTION((0.,0.,-1.));
#12820=IFCEXTRUDEDAREASOLID(#12814,#12818,#12819,0.05000000074505806);
#12821=IFCCARTESIANPOINTLIST2D(((0.,0.),(0.60401580133475363,0.),(0.60401580133475363,0.10000000149011612),(0.,0.10000000149011612)));
#12822=IFCINDEXEDPOLYCURVE(#12821,(IFCLINEINDEX((1,2,3,4,1))),$);
#12823=IFCARBITRARYCLOSEDPROFILEDEF(.AREA.,$,#12822);
#12824=IFCCARTESIANPOINT((0.0010000000474974513,0.,0.));
#12825=IFCDIRECTION((0.,0.,1.));
#12826=IFCDIRECTION((1.,0.,0.));
#12827=IFCAXIS2PLACEMENT3D(#12824,#12825,#12826);
#12828=IFCDIRECTION((0.,0.,1.));
#12829=IFCEXTRUDEDAREASOLID(#12823,#12827,#12828,0.02500000037252903);
#12830=IFCCARTESIANPOINTLIST2D(((0.,0.),(0.,2.0078229923965409),(0.83398664393462241,2.0078229923965409),(0.83398664393462241,0.),(0.71900122263468802,0.),(0.71900122263468802,1.8928375710966066),(0.11498542129993439,1.8928375710966066),(0.11498542129993439,0.)));
#12831=IFCINDEXEDPOLYCURVE(#12830,(IFCLINEINDEX((1,2,3,4,5,6,7,8,1))),$);
#12832=IFCARBITRARYCLOSEDPROFILEDEF(.AREA.,$,#12831);
#12833=IFCCARTESIANPOINT((-0.11398542125243694,-0.0010000000474974513,0.));
#12834=IFCDIRECTION((0.,-1.,0.));
#12835=IFCDIRECTION((1.,0.,0.));
#12836=IFCAXIS2PLACEMENT3D(#12833,#12834,#12835);
#12837=IFCDIRECTION((0.,0.,-1.));
#12838=IFCEXTRUDEDAREASOLID(#12832,#12836,#12837,0.0010000000474974513);
#12839=IFCCARTESIANPOINTLIST2D(((0.,0.),(0.,2.0078229923965409),(0.83398664393462241,2.0078229923965409),(0.83398664393462241,0.),(0.71900122263468802,0.),(0.71900122263468802,1.8928375710966066),(0.11498542129993439,1.8928375710966066),(0.11498542129993439,0.)));
#12840=IFCINDEXEDPOLYCURVE(#12839,(IFCLINEINDEX((1,2,3,4,5,6,7,8,1))),$);
#12841=IFCARBITRARYCLOSEDPROFILEDEF(.AREA.,$,#12840);
#12842=IFCCARTESIANPOINT((-0.11398542125243694,0.05000000074505806,0.));
#12843=IFCDIRECTION((0.,-1.,0.));
#12844=IFCDIRECTION((1.,0.,0.));
#12845=IFCAXIS2PLACEMENT3D(#12842,#12843,#12844);
#12846=IFCDIRECTION((0.,0.,-1.));
#12847=IFCEXTRUDEDAREASOLID(#12841,#12845,#12846,0.0010000000474974513);
#12848=IFCCARTESIANPOINTLIST2D(((0.,0.),(0.55601580068469048,0.),(0.55601580068469048,0.035000000149011612),(0.,0.035000000149011612)));
#12849=IFCINDEXEDPOLYCURVE(#12848,(IFCLINEINDEX((1,2,3,4,1))),$);
#12850=IFCARBITRARYCLOSEDPROFILEDEF(.AREA.,$,#12849);
#12851=IFCCARTESIANPOINT((0.02500000037252903,0.02500000037252903,0.02500000037252903));
#12852=IFCDIRECTION((0.,0.,1.));
#12853=IFCDIRECTION((1.,0.,0.));
#12854=IFCAXIS2PLACEMENT3D(#12851,#12852,#12853);
#12855=IFCDIRECTION((0.,0.,1.));
#12856=IFCEXTRUDEDAREASOLID(#12850,#12854,#12855,1.8438375703990459);
#12857=IFCCARTESIANPOINTLIST2D(((0.,0.),(0.,-0.040000000000000001),(0.12,-0.040000000000000001),(0.12,-0.02),(0.02,-0.02),(0.02,0.)));
#12858=IFCINDEXEDPOLYCURVE(#12857,(IFCLINEINDEX((1,2,3,4,5,6,1))),$);
#12859=IFCARBITRARYCLOSEDPROFILEDEF(.AREA.,$,#12858);
#12860=IFCCARTESIANPOINT((0.075000000372529033,0.02500000037252903,1.015000000372529));
#12861=IFCDIRECTION((0.,0.,1.));
#12862=IFCDIRECTION((1.,0.,0.));
#12863=IFCAXIS2PLACEMENT3D(#12860,#12861,#12862);
#12864=IFCDIRECTION((0.,0.,1.));
#12865=IFCEXTRUDEDAREASOLID(#12859,#12863,#12864,0.02);
#12866=IFCEXTRUDEDAREASOLID(#12867,#12870,#12874,0.02);
#12867=IFCARBITRARYCLOSEDPROFILEDEF(.AREA.,$,#12868);
#12868=IFCINDEXEDPOLYCURVE(#12869,(IFCLINEINDEX((1,2,3,4,5,6,1))),$);
#12869=IFCCARTESIANPOINTLIST2D(((0.,0.),(0.,0.040000000000000008),(0.11999999999999998,0.040000000000000008),(0.11999999999999998,0.020000000000000004),(0.020000000000000004,0.020000000000000004),(0.020000000000000004,0.)));
#12870=IFCAXIS2PLACEMENT3D(#12871,#12872,#12873);
#12871=IFCCARTESIANPOINT((0.075000000372529033,0.060000000521540642,1.015000000372529));
#12872=IFCDIRECTION((0.,0.,1.));
#12873=IFCDIRECTION((1.,0.,0.));
#12874=IFCDIRECTION((0.,0.,1.));
#12960=IFCBUILDINGSTOREY('14St8G_t97$B92P_X_iTEB',$,'Ceiling',$,$,#12980,$,$,$,$);
#12976=IFCCARTESIANPOINT((0.,0.,6.));
#12977=IFCDIRECTION((0.,0.,1.));
#12978=IFCDIRECTION((1.,0.,0.));
#12979=IFCAXIS2PLACEMENT3D(#12976,#12977,#12978);
#12980=IFCLOCALPLACEMENT(#56,#12979);
#12981=IFCSLAB('21geVt_WH5eOBCrYHnZnwA',$,'Slab',$,$,#12989,#12996,$,$);
#12982=IFCRELCONTAINEDINSPATIALSTRUCTURE('1KTzkYe2rFseUvF0rpcbaF',$,$,$,(#13004,#12981),#12960);
#12983=IFCMATERIALLAYERSETUSAGE(#1684,.AXIS3.,.POSITIVE.,-0.10000000149011612,$);
#12984=IFCRELASSOCIATESMATERIAL('2yr6$6mo99pu3TvN5Xp2sj',$,$,$,(#12981),#12983);
#12985=IFCCARTESIANPOINT((4.2257342338562012,6.469855785369873,0.));
#12986=IFCDIRECTION((0.,0.,1.));
#12987=IFCDIRECTION((1.,0.,0.));
#12988=IFCAXIS2PLACEMENT3D(#12985,#12986,#12987);
#12989=IFCLOCALPLACEMENT(#12980,#12988);
#12990=IFCCARTESIANPOINTLIST2D(((0.,0.),(-3.9999992847442627,4.76837158203125E-07),(-3.9999985694885254,-0.96799135208129883),(-7.5500001907348633,-0.94996023178100586),(-7.5499982833862305,-8.0999994277954102),(-4.,-8.1046276092529297),(-4.,-8.6680717468261719),(-2.4082698822021484,-8.6632223129272461),(-2.4077000617980957,-9.6000003814697266),(-4.76837158203125E-07,-9.6000003814697266),(0.,0.)));
#12991=IFCINDEXEDPOLYCURVE(#12990,$,$);
#12992=IFCDIRECTION((0.,0.,1.));
#12993=IFCARBITRARYCLOSEDPROFILEDEF(.AREA.,$,#12991);
#12994=IFCEXTRUDEDAREASOLID(#12993,#13003,#12992,0.10000000000000001);
#12995=IFCSHAPEREPRESENTATION(#11,'Body','SweptSolid',(#12994));
#12996=IFCPRODUCTDEFINITIONSHAPE($,$,(#12995));
#12997=IFCPROPERTYSET('2cmjmeNef9Z8hk_$1Wp6cz',$,'EPset_Parametric',$,(#12999));
#12998=IFCRELDEFINESBYPROPERTIES('2bHQyBZPjCpuyizZO16aQO',$,$,$,(#12981),#12997);
#12999=IFCPROPERTYSINGLEVALUE('Engine',$,IFCLABEL('Bonsai.DumbLayer3'),$);
#13000=IFCCARTESIANPOINT((-0.,-0.,-0.10000000149011612));
#13001=IFCDIRECTION((0.,0.,1.));
#13002=IFCDIRECTION((1.,0.,0.));
#13003=IFCAXIS2PLACEMENT3D(#13000,#13001,#13002);
#13004=IFCROOF('2kXCCmfaXA3PXWz8f3vQl1',$,'Roof',$,$,#13218,#13013,$,$);
#13005=IFCRELDEFINESBYTYPE('1ENbc7St99M9CBpA6rXlIA',$,$,$,(#13004),#6282);
#13006=IFCCARTESIANPOINT((0.,0.,0.));
#13007=IFCDIRECTION((1.,0.,0.));
#13008=IFCDIRECTION((0.,1.,0.));
#13009=IFCDIRECTION((0.,0.,1.));
#13010=IFCCARTESIANTRANSFORMATIONOPERATOR3D(#13007,#13008,#13006,1.,#13009);
#13011=IFCMAPPEDITEM(#6312,#13010);
#13012=IFCSHAPEREPRESENTATION(#11,'Body','MappedRepresentation',(#13011));
#13013=IFCPRODUCTDEFINITIONSHAPE($,$,(#13012,#13020));
#13014=IFCCARTESIANPOINT((0.,0.,0.));
#13015=IFCDIRECTION((1.,0.,0.));
#13016=IFCDIRECTION((0.,1.,0.));
#13017=IFCDIRECTION((0.,0.,1.));
#13018=IFCCARTESIANTRANSFORMATIONOPERATOR3D(#13015,#13016,#13014,1.,#13017);
#13019=IFCMAPPEDITEM(#6340,#13018);
#13020=IFCSHAPEREPRESENTATION(#13,'Box','MappedRepresentation',(#13019));
#13061=IFCCARTESIANPOINTLIST2D(((0.,0.),(0.10073013812110121,0.10000000000000001),(6.1056189853466538,0.10000000000000001),(6.1056189853466538,0.)));
#13062=IFCINDEXEDPOLYCURVE(#13061,(IFCLINEINDEX((1,2,3,4,1))),$);
#13063=IFCARBITRARYCLOSEDPROFILEDEF(.AREA.,$,#13062);
#13064=IFCCARTESIANPOINT((0.,0.,0.));
#13065=IFCDIRECTION((0.,0.,1.));
#13066=IFCDIRECTION((1.,0.,0.));
#13067=IFCAXIS2PLACEMENT3D(#13064,#13065,#13066);
#13068=IFCDIRECTION((0.,0.,1.));
#13069=IFCEXTRUDEDAREASOLID(#13063,#13067,#13068,3.);
#13070=IFCSHAPEREPRESENTATION(#11,'Body','SweptSolid',(#13069));
#13071=IFCCARTESIANPOINTLIST2D(((0.,0.),(6.1056189853466538,0.)));
#13072=IFCINDEXEDPOLYCURVE(#13071,$,$);
#13073=IFCSHAPEREPRESENTATION(#23,'Axis','Curve2D',(#13072));
#13074=IFCCARTESIANPOINT((4.225733979313647,0.36423706689415081,0.));
#13075=IFCDIRECTION((0.,0.,1.));
#13076=IFCDIRECTION((7.5497901264043123E-08,0.99999999999999722,0.));
#13077=IFCAXIS2PLACEMENT3D(#13074,#13075,#13076);
#13078=IFCLOCALPLACEMENT(#6235,#13077);
#13117=IFCWALL('0UDEVSl913OuPoPxtTizHr',$,'Wall',$,$,#13173,#13123,$,$);
#13118=IFCMATERIALLAYERSETUSAGE(#82,.AXIS2.,.POSITIVE.,0.,$);
#13119=IFCRELASSOCIATESMATERIAL('3QSwj$$onF4OBIzeBigyT_',$,$,$,(#13117),#13118);
#13123=IFCPRODUCTDEFINITIONSHAPE($,$,(#13213,#13210));
#13139=IFCPROPERTYSET('0QAPHVo1D9expdEKwdkTKN',$,'EPset_Parametric',$,(#13141));
#13140=IFCRELDEFINESBYPROPERTIES('1OXoKOhVjDBexDWQV1PmY6',$,$,$,(#13117),#13139);
#13141=IFCPROPERTYSINGLEVALUE('Engine',$,IFCLABEL('Bonsai.DumbLayer2'),$);
#13155=IFCRELCONNECTSPATHELEMENTS('2YQRCvd_T079GnXAxrI7mO',$,$,$,$,#13117,#8041,(),(),.ATEND.,.ATSTART.);
#13169=IFCCARTESIANPOINT((4.1196132407489525,0.36500909471934484,0.));
#13170=IFCDIRECTION((0.,0.,1.));
#13171=IFCDIRECTION((-0.011386073495257065,-0.99993517656414144,0.));
#13172=IFCAXIS2PLACEMENT3D(#13169,#13170,#13171);
#13173=IFCLOCALPLACEMENT(#6235,#13172);
#13174=IFCCARTESIANPOINTLIST2D(((0.,0.),(0.,0.10000000000000001),(3.9943935941547468,0.10000000000000001),(3.8939816013265323,0.)));
#13175=IFCINDEXEDPOLYCURVE(#13174,(IFCLINEINDEX((1,2,3,4,1))),$);
#13176=IFCARBITRARYCLOSEDPROFILEDEF(.AREA.,$,#13175);
#13177=IFCCARTESIANPOINT((0.,0.,0.));
#13178=IFCDIRECTION((0.,0.,1.));
#13179=IFCDIRECTION((1.,0.,0.));
#13180=IFCAXIS2PLACEMENT3D(#13177,#13178,#13179);
#13181=IFCDIRECTION((0.,0.,1.));
#13182=IFCEXTRUDEDAREASOLID(#13176,#13180,#13181,3.);
#13183=IFCSHAPEREPRESENTATION(#11,'Body','SweptSolid',(#13182));
#13184=IFCCARTESIANPOINTLIST2D(((0.,0.),(3.8939816013265323,0.)));
#13185=IFCINDEXEDPOLYCURVE(#13184,$,$);
#13186=IFCSHAPEREPRESENTATION(#23,'Axis','Curve2D',(#13185));
#13187=IFCRELCONNECTSPATHELEMENTS('1WTpNBGvX76w9Fi03sTkv3',$,$,$,$,#6978,#13117,(),(),.ATEND.,.ATEND.);
#13188=IFCCARTESIANPOINTLIST2D(((0.,0.),(0.09993917845251013,0.10000000000000001),(2.2629189801383829,0.10000000000000001),(2.3617867817394522,0.)));
#13189=IFCINDEXEDPOLYCURVE(#13188,(IFCLINEINDEX((1,2,3,4,1))),$);
#13190=IFCARBITRARYCLOSEDPROFILEDEF(.AREA.,$,#13189);
#13191=IFCCARTESIANPOINT((0.,0.,0.));
#13192=IFCDIRECTION((0.,0.,1.));
#13193=IFCDIRECTION((1.,0.,0.));
#13194=IFCAXIS2PLACEMENT3D(#13191,#13192,#13193);
#13195=IFCDIRECTION((0.,0.,1.));
#13196=IFCEXTRUDEDAREASOLID(#13190,#13194,#13195,3.);
#13197=IFCSHAPEREPRESENTATION(#11,'Body','SweptSolid',(#13196));
#13198=IFCCARTESIANPOINTLIST2D(((0.,0.),(2.2617802989756317,0.)));
#13199=IFCINDEXEDPOLYCURVE(#13198,$,$);
#13200=IFCSHAPEREPRESENTATION(#23,'Axis','Curve2D',(#13199));
#13201=IFCCARTESIANPOINTLIST2D(((0.,0.),(-0.10041199282821454,0.10000000000000001),(3.4942413537813644,0.10000000000000001),(3.3953735521802946,0.)));
#13202=IFCINDEXEDPOLYCURVE(#13201,(IFCLINEINDEX((1,2,3,4,1))),$);
#13203=IFCARBITRARYCLOSEDPROFILEDEF(.AREA.,$,#13202);
#13204=IFCCARTESIANPOINT((0.,0.,0.));
#13205=IFCDIRECTION((0.,0.,1.));
#13206=IFCDIRECTION((1.,0.,0.));
#13207=IFCAXIS2PLACEMENT3D(#13204,#13205,#13206);
#13208=IFCDIRECTION((0.,0.,1.));
#13209=IFCEXTRUDEDAREASOLID(#13203,#13207,#13208,3.);
#13210=IFCSHAPEREPRESENTATION(#11,'Body','SweptSolid',(#13209));
#13211=IFCCARTESIANPOINTLIST2D(((0.,0.),(3.4953800349441155,0.)));
#13212=IFCINDEXEDPOLYCURVE(#13211,$,$);
#13213=IFCSHAPEREPRESENTATION(#23,'Axis','Curve2D',(#13212));
#13214=IFCCARTESIANPOINT((0.54243373870849609,1.6379814147949219,0.10154247283935547));
#13215=IFCDIRECTION((0.,0.,1.));
#13216=IFCDIRECTION((1.,0.,0.));
#13217=IFCAXIS2PLACEMENT3D(#13214,#13215,#13216);
#13218=IFCLOCALPLACEMENT(#12980,#13217);
#13222=IFCCARTESIANPOINTLIST2D(((0.,0.),(0.,1.893837571144104),(0.74701917171478271,1.893837571144104),(0.74701917171478271,0.),(0.74601917166728526,0.),(0.74601917166728526,1.8928375710966066),(0.0010000000474974513,1.8928375710966066),(0.0010000000474974513,0.)));
#13223=IFCINDEXEDPOLYCURVE(#13222,(IFCLINEINDEX((1,2,3,4,5,6,7,8,1))),$);
#13224=IFCARBITRARYCLOSEDPROFILEDEF(.AREA.,$,#13223);
#13225=IFCCARTESIANPOINT((0.,0.,0.));
#13226=IFCDIRECTION((0.,-1.,0.));
#13227=IFCDIRECTION((1.,0.,0.));
#13228=IFCAXIS2PLACEMENT3D(#13225,#13226,#13227);
#13229=IFCDIRECTION((0.,0.,-1.));
#13230=IFCEXTRUDEDAREASOLID(#13224,#13228,#13229,0.05000000074505806);
#13231=IFCCARTESIANPOINTLIST2D(((0.,0.),(0.74501917161978781,0.),(0.74501917161978781,0.10000000149011612),(0.,0.10000000149011612)));
#13232=IFCINDEXEDPOLYCURVE(#13231,(IFCLINEINDEX((1,2,3,4,1))),$);
#13233=IFCARBITRARYCLOSEDPROFILEDEF(.AREA.,$,#13232);
#13234=IFCCARTESIANPOINT((0.0010000000474974513,0.,0.));
#13235=IFCDIRECTION((0.,0.,1.));
#13236=IFCDIRECTION((1.,0.,0.));
#13237=IFCAXIS2PLACEMENT3D(#13234,#13235,#13236);
#13238=IFCDIRECTION((0.,0.,1.));
#13239=IFCEXTRUDEDAREASOLID(#13233,#13237,#13238,0.02500000037252903);
#13240=IFCCARTESIANPOINTLIST2D(((0.,0.),(0.,1.936688901972957),(0.83272183337248862,1.936688901972957),(0.83272183337248862,0.),(0.78887050249613822,0.),(0.78887050249613822,1.8928375710966066),(0.043851330876350403,1.8928375710966066),(0.043851330876350403,0.)));
#13241=IFCINDEXEDPOLYCURVE(#13240,(IFCLINEINDEX((1,2,3,4,5,6,7,8,1))),$);
#13242=IFCARBITRARYCLOSEDPROFILEDEF(.AREA.,$,#13241);
#13243=IFCCARTESIANPOINT((-0.042851330828852952,-0.0010000000474974513,0.));
#13244=IFCDIRECTION((0.,-1.,0.));
#13245=IFCDIRECTION((1.,0.,0.));
#13246=IFCAXIS2PLACEMENT3D(#13243,#13244,#13245);
#13247=IFCDIRECTION((0.,0.,-1.));
#13248=IFCEXTRUDEDAREASOLID(#13242,#13246,#13247,0.0010000000474974513);
#13249=IFCCARTESIANPOINTLIST2D(((0.,0.),(0.,1.936688901972957),(0.83272183337248862,1.936688901972957),(0.83272183337248862,0.),(0.78887050249613822,0.),(0.78887050249613822,1.8928375710966066),(0.043851330876350403,1.8928375710966066),(0.043851330876350403,0.)));
#13250=IFCINDEXEDPOLYCURVE(#13249,(IFCLINEINDEX((1,2,3,4,5,6,7,8,1))),$);
#13251=IFCARBITRARYCLOSEDPROFILEDEF(.AREA.,$,#13250);
#13252=IFCCARTESIANPOINT((-0.042851330828852952,0.05000000074505806,0.));
#13253=IFCDIRECTION((0.,-1.,0.));
#13254=IFCDIRECTION((1.,0.,0.));
#13255=IFCAXIS2PLACEMENT3D(#13252,#13253,#13254);
#13256=IFCDIRECTION((0.,0.,-1.));
#13257=IFCEXTRUDEDAREASOLID(#13251,#13255,#13256,0.0010000000474974513);
#13258=IFCCARTESIANPOINTLIST2D(((0.,0.),(0.69701917096972466,0.),(0.69701917096972466,0.035000000149011612),(0.,0.035000000149011612)));
#13259=IFCINDEXEDPOLYCURVE(#13258,(IFCLINEINDEX((1,2,3,4,1))),$);
#13260=IFCARBITRARYCLOSEDPROFILEDEF(.AREA.,$,#13259);
#13261=IFCCARTESIANPOINT((0.02500000037252903,0.02500000037252903,0.02500000037252903));
#13262=IFCDIRECTION((0.,0.,1.));
#13263=IFCDIRECTION((1.,0.,0.));
#13264=IFCAXIS2PLACEMENT3D(#13261,#13262,#13263);
#13265=IFCDIRECTION((0.,0.,1.));
#13266=IFCEXTRUDEDAREASOLID(#13260,#13264,#13265,1.8438375703990459);
#13267=IFCCARTESIANPOINTLIST2D(((0.,0.),(0.,-0.040000000000000001),(0.12,-0.040000000000000001),(0.12,-0.02),(0.02,-0.02),(0.02,0.)));
#13268=IFCINDEXEDPOLYCURVE(#13267,(IFCLINEINDEX((1,2,3,4,5,6,1))),$);
#13269=IFCARBITRARYCLOSEDPROFILEDEF(.AREA.,$,#13268);
#13270=IFCCARTESIANPOINT((0.075000000372529033,0.02500000037252903,1.015000000372529));
#13271=IFCDIRECTION((0.,0.,1.));
#13272=IFCDIRECTION((1.,0.,0.));
#13273=IFCAXIS2PLACEMENT3D(#13270,#13271,#13272);
#13274=IFCDIRECTION((0.,0.,1.));
#13275=IFCEXTRUDEDAREASOLID(#13269,#13273,#13274,0.02);
#13276=IFCEXTRUDEDAREASOLID(#13277,#13280,#13284,0.02);
#13277=IFCARBITRARYCLOSEDPROFILEDEF(.AREA.,$,#13278);
#13278=IFCINDEXEDPOLYCURVE(#13279,(IFCLINEINDEX((1,2,3,4,5,6,1))),$);
#13279=IFCCARTESIANPOINTLIST2D(((0.,0.),(0.,0.040000000000000008),(0.11999999999999998,0.040000000000000008),(0.11999999999999998,0.020000000000000004),(0.020000000000000004,0.020000000000000004),(0.020000000000000004,0.)));
#13280=IFCAXIS2PLACEMENT3D(#13281,#13282,#13283);
#13281=IFCCARTESIANPOINT((0.075000000372529033,0.060000000521540642,1.015000000372529));
#13282=IFCDIRECTION((0.,0.,1.));
#13283=IFCDIRECTION((1.,0.,0.));
#13284=IFCDIRECTION((0.,0.,1.));
#13340=IFCCARTESIANPOINTLIST3D(((0.,0.,0.),(0.74701917171478271,0.,0.),(0.74701917171478271,0.,1.893837571144104),(0.,0.,1.893837571144104)));
#13341=IFCINDEXEDPOLYCURVE(#13340,(IFCLINEINDEX((1,2,3,4,1))),$);
#13342=IFCSHAPEREPRESENTATION(#18,'Profile','Curve3D',(#13341));
#13343=IFCCARTESIANPOINTLIST2D(((0.,0.),(0.,1.893837571144104),(0.74701917171478271,1.893837571144104),(0.74701917171478271,0.),(0.74601917166728526,0.),(0.74601917166728526,1.8928375710966066),(0.0010000000474974513,1.8928375710966066),(0.0010000000474974513,0.)));
#13344=IFCINDEXEDPOLYCURVE(#13343,(IFCLINEINDEX((1,2,3,4,5,6,7,8,1))),$);
#13345=IFCARBITRARYCLOSEDPROFILEDEF(.AREA.,$,#13344);
#13346=IFCCARTESIANPOINT((0.,0.,0.));
#13347=IFCDIRECTION((0.,-1.,0.));
#13348=IFCDIRECTION((1.,0.,0.));
#13349=IFCAXIS2PLACEMENT3D(#13346,#13347,#13348);
#13350=IFCDIRECTION((0.,0.,-1.));
#13351=IFCEXTRUDEDAREASOLID(#13345,#13349,#13350,0.05000000074505806);
#13352=IFCCARTESIANPOINTLIST2D(((0.,0.),(0.74501917161978781,0.),(0.74501917161978781,0.10000000149011612),(0.,0.10000000149011612)));
#13353=IFCINDEXEDPOLYCURVE(#13352,(IFCLINEINDEX((1,2,3,4,1))),$);
#13354=IFCARBITRARYCLOSEDPROFILEDEF(.AREA.,$,#13353);
#13355=IFCCARTESIANPOINT((0.0010000000474974513,0.,0.));
#13356=IFCDIRECTION((0.,0.,1.));
#13357=IFCDIRECTION((1.,0.,0.));
#13358=IFCAXIS2PLACEMENT3D(#13355,#13356,#13357);
#13359=IFCDIRECTION((0.,0.,1.));
#13360=IFCEXTRUDEDAREASOLID(#13354,#13358,#13359,0.02500000037252903);
#13361=IFCCARTESIANPOINTLIST2D(((0.,0.),(0.,1.936688901972957),(0.83272183337248862,1.936688901972957),(0.83272183337248862,0.),(0.78887050249613822,0.),(0.78887050249613822,1.8928375710966066),(0.043851330876350403,1.8928375710966066),(0.043851330876350403,0.)));
#13362=IFCINDEXEDPOLYCURVE(#13361,(IFCLINEINDEX((1,2,3,4,5,6,7,8,1))),$);
#13363=IFCARBITRARYCLOSEDPROFILEDEF(.AREA.,$,#13362);
#13364=IFCCARTESIANPOINT((-0.042851330828852952,-0.0010000000474974513,0.));
#13365=IFCDIRECTION((0.,-1.,0.));
#13366=IFCDIRECTION((1.,0.,0.));
#13367=IFCAXIS2PLACEMENT3D(#13364,#13365,#13366);
#13368=IFCDIRECTION((0.,0.,-1.));
#13369=IFCEXTRUDEDAREASOLID(#13363,#13367,#13368,0.0010000000474974513);
#13370=IFCCARTESIANPOINTLIST2D(((0.,0.),(0.,1.936688901972957),(0.83272183337248862,1.936688901972957),(0.83272183337248862,0.),(0.78887050249613822,0.),(0.78887050249613822,1.8928375710966066),(0.043851330876350403,1.8928375710966066),(0.043851330876350403,0.)));
#13371=IFCINDEXEDPOLYCURVE(#13370,(IFCLINEINDEX((1,2,3,4,5,6,7,8,1))),$);
#13372=IFCARBITRARYCLOSEDPROFILEDEF(.AREA.,$,#13371);
#13373=IFCCARTESIANPOINT((-0.042851330828852952,0.05000000074505806,0.));
#13374=IFCDIRECTION((0.,-1.,0.));
#13375=IFCDIRECTION((1.,0.,0.));
#13376=IFCAXIS2PLACEMENT3D(#13373,#13374,#13375);
#13377=IFCDIRECTION((0.,0.,-1.));
#13378=IFCEXTRUDEDAREASOLID(#13372,#13376,#13377,0.0010000000474974513);
#13379=IFCCARTESIANPOINTLIST2D(((0.,0.),(0.69701917096972466,0.),(0.69701917096972466,0.035000000149011612),(0.,0.035000000149011612)));
#13380=IFCINDEXEDPOLYCURVE(#13379,(IFCLINEINDEX((1,2,3,4,1))),$);
#13381=IFCARBITRARYCLOSEDPROFILEDEF(.AREA.,$,#13380);
#13382=IFCCARTESIANPOINT((0.02500000037252903,0.02500000037252903,0.02500000037252903));
#13383=IFCDIRECTION((0.,0.,1.));
#13384=IFCDIRECTION((1.,0.,0.));
#13385=IFCAXIS2PLACEMENT3D(#13382,#13383,#13384);
#13386=IFCDIRECTION((0.,0.,1.));
#13387=IFCEXTRUDEDAREASOLID(#13381,#13385,#13386,1.8438375703990459);
#13388=IFCCARTESIANPOINTLIST2D(((0.,0.),(0.,-0.040000000000000001),(-0.11999999999999988,-0.040000000000000001),(-0.11999999999999988,-0.02),(-0.020000000000000018,-0.02),(-0.020000000000000018,0.)));
#13389=IFCINDEXEDPOLYCURVE(#13388,(IFCLINEINDEX((1,2,3,4,5,6,1))),$);
#13390=IFCARBITRARYCLOSEDPROFILEDEF(.AREA.,$,#13389);
#13391=IFCCARTESIANPOINT((0.67201917134225364,0.02500000037252903,1.015000000372529));
#13392=IFCDIRECTION((0.,0.,1.));
#13393=IFCDIRECTION((1.,0.,0.));
#13394=IFCAXIS2PLACEMENT3D(#13391,#13392,#13393);
#13395=IFCDIRECTION((0.,0.,1.));
#13396=IFCEXTRUDEDAREASOLID(#13390,#13394,#13395,0.02);
#13397=IFCEXTRUDEDAREASOLID(#13398,#13401,#13405,0.02);
#13398=IFCARBITRARYCLOSEDPROFILEDEF(.AREA.,$,#13399);
#13399=IFCINDEXEDPOLYCURVE(#13400,(IFCLINEINDEX((1,2,3,4,5,6,1))),$);
#13400=IFCCARTESIANPOINTLIST2D(((0.,0.),(0.,0.040000000000000008),(-0.11999999999999988,0.040000000000000008),(-0.11999999999999988,0.020000000000000004),(-0.020000000000000018,0.020000000000000004),(-0.020000000000000018,0.)));
#13401=IFCAXIS2PLACEMENT3D(#13402,#13403,#13404);
#13402=IFCCARTESIANPOINT((0.67201917134225364,0.060000000521540642,1.015000000372529));
#13403=IFCDIRECTION((0.,0.,1.));
#13404=IFCDIRECTION((1.,0.,0.));
#13405=IFCDIRECTION((0.,0.,1.));
#13406=IFCSHAPEREPRESENTATION(#11,'Body','SweptSolid',(#13351,#13387,#13396,#13397,#13360,#13369,#13378));
#13407=IFCCARTESIANPOINTLIST2D(((0.,0.),(0.0010000000474974513,0.),(0.0010000000474974513,0.05000000074505806),(0.,0.05000000074505806)));
#13408=IFCINDEXEDPOLYCURVE(#13407,(IFCLINEINDEX((1,2,3,4,1))),$);
#13409=IFCINDEXEDPOLYCURVE(#13410,(IFCLINEINDEX((1,2,3,4,1))),$);
#13410=IFCCARTESIANPOINTLIST2D(((0.74701917171478271,0.),(0.74601917166728526,0.),(0.74601917166728526,0.05000000074505806),(0.74701917171478271,0.05000000074505806)));
#13411=IFCDIRECTION((1.,0.));
#13412=IFCCARTESIANPOINT((0.060000000521540642,0.05000000074505806));
#13413=IFCAXIS2PLACEMENT2D(#13412,#13411);
#13414=IFCELLIPSE(#13413,0.66201917082071304,0.69701917096972466);
#13415=IFCCARTESIANPOINT((0.72201917134225368,0.05000000074505806));
#13416=IFCCARTESIANPOINT((0.060000000521540642,0.74701917171478271));
#13417=IFCTRIMMEDCURVE(#13414,(#13415),(#13416),.T.,.CARTESIAN.);
#13418=IFCCARTESIANPOINTLIST2D(((0.02500000037252903,0.05000000074505806),(0.060000000521540642,0.05000000074505806),(0.060000000521540642,0.74701917171478271),(0.02500000037252903,0.74701917171478271)));
#13419=IFCINDEXEDPOLYCURVE(#13418,(IFCLINEINDEX((1,2,3,4,1))),$);
#13420=IFCSHAPEREPRESENTATION(#24,'Body','Curve2D',(#13408,#13409,#13417,#13419));
#13421=IFCCARTESIANPOINTLIST2D(((0.,0.),(0.74701917171478271,0.),(0.74701917171478271,1.893837571144104),(0.,1.893837571144104)));
#13422=IFCINDEXEDPOLYCURVE(#13421,(IFCLINEINDEX((1,2,3,4,1))),$);
#13423=IFCARBITRARYCLOSEDPROFILEDEF(.AREA.,$,#13422);
#13424=IFCCARTESIANPOINT((0.,-0.60000002384185791,0.));
#13425=IFCDIRECTION((0.,-1.,0.));
#13426=IFCDIRECTION((1.,0.,0.));
#13427=IFCAXIS2PLACEMENT3D(#13424,#13425,#13426);
#13428=IFCDIRECTION((0.,0.,-1.));
#13429=IFCEXTRUDEDAREASOLID(#13423,#13427,#13428,1.2);
#13430=IFCSHAPEREPRESENTATION(#11,'Body','SweptSolid',(#13429));
#13436=IFCCARTESIANPOINT((0.047690868377708195,-1.0992353471905858E-07,0.));
#13437=IFCDIRECTION((0.,0.,1.));
#13438=IFCDIRECTION((0.99999999999999289,-1.1920928955077312E-07,0.));
#13439=IFCAXIS2PLACEMENT3D(#13436,#13437,#13438);
#13440=IFCLOCALPLACEMENT(#803,#13439);
#13441=IFCCARTESIANPOINT((-4.4408920985006262E-16,-2.2204460492503131E-16,0.));
#13442=IFCDIRECTION((0.,0.,1.));
#13443=IFCDIRECTION((0.99999999999999989,0.,0.));
#13444=IFCAXIS2PLACEMENT3D(#13441,#13442,#13443);
#13445=IFCLOCALPLACEMENT(#13440,#13444);
#13446=IFCWINDOWTYPE('2$RU1VzrD69ehHJiOfhrdJ',$,'Bedroom-1-2-2F',$,$,(#13447),(#13449,#13457,#13547),$,$,.WINDOW.,.SINGLE_PANEL.,$,$);
#13447=IFCPROPERTYSET('3sTLsxSLLEcAiuDc_P4cPV',$,'BBIM_Window',$,(#13448));
#13448=IFCPROPERTYSINGLEVALUE('Data',$,IFCTEXT('{"window_type": "DOUBLE_PANEL_VERTICAL", "overall_height": 0.8999999761581421, "overall_width": 1.25443434715271, "lining_properties": {"lining_depth": 0.05000000074505806, "lining_thickness": 0.05000000074505806, "lining_offset": 0.05000000074505806, "lining_to_panel_offset_x": 0.02500000037252903, "lining_to_panel_offset_y": 0.02500000037252903, "mullion_thickness": 0.039544880390167236, "first_mullion_offset": 0.5750251412391663}, "panel_properties": {"frame_depth": [0.03500000014901161, 0.03500000014901161, 0.03500000014901161], "frame_thickness": [0.03500000014901161, 0.03500000014901161, 0.03500000014901161]}}'),$);
#13449=IFCREPRESENTATIONMAP(#13450,#13682);
#13450=IFCAXIS2PLACEMENT3D(#13451,#13452,#13453);
#13451=IFCCARTESIANPOINT((0.,0.,0.));
#13452=IFCDIRECTION((0.,0.,1.));
#13453=IFCDIRECTION((1.,0.,0.));
#13457=IFCREPRESENTATIONMAP(#13458,#13767);
#13458=IFCAXIS2PLACEMENT3D(#13459,#13460,#13461);
#13459=IFCCARTESIANPOINT((0.,0.,0.));
#13460=IFCDIRECTION((0.,0.,1.));
#13461=IFCDIRECTION((1.,0.,0.));
#13547=IFCREPRESENTATIONMAP(#13548,#13806);
#13548=IFCAXIS2PLACEMENT3D(#13549,#13550,#13551);
#13549=IFCCARTESIANPOINT((0.,0.,0.));
#13550=IFCDIRECTION((0.,0.,1.));
#13551=IFCDIRECTION((1.,0.,0.));
#13585=IFCWINDOW('1$MgnixFz5LwQLAyCMN3ua',$,'Window',$,$,#13831,#13594,$,0.89999997615814209,1.25443434715271,$,.DOUBLE_PANEL_VERTICAL.,$);
#13586=IFCRELDEFINESBYTYPE('0HlgNnXgT5de_Nns_7$yD7',$,$,$,(#13585),#13446);
#13587=IFCCARTESIANPOINT((0.,0.,0.));
#13588=IFCDIRECTION((1.,0.,0.));
#13589=IFCDIRECTION((0.,1.,0.));
#13590=IFCDIRECTION((0.,0.,1.));
#13591=IFCCARTESIANTRANSFORMATIONOPERATOR3D(#13588,#13589,#13587,1.,#13590);
#13592=IFCMAPPEDITEM(#13449,#13591);
#13593=IFCSHAPEREPRESENTATION(#18,'Profile','MappedRepresentation',(#13592));
#13594=IFCPRODUCTDEFINITIONSHAPE($,$,(#13593,#13601,#13608));
#13595=IFCCARTESIANPOINT((0.,0.,0.));
#13596=IFCDIRECTION((1.,0.,0.));
#13597=IFCDIRECTION((0.,1.,0.));
#13598=IFCDIRECTION((0.,0.,1.));
#13599=IFCCARTESIANTRANSFORMATIONOPERATOR3D(#13596,#13597,#13595,1.,#13598);
#13600=IFCMAPPEDITEM(#13457,#13599);
#13601=IFCSHAPEREPRESENTATION(#11,'Body','MappedRepresentation',(#13600));
#13602=IFCCARTESIANPOINT((0.,0.,0.));
#13603=IFCDIRECTION((1.,0.,0.));
#13604=IFCDIRECTION((0.,1.,0.));
#13605=IFCDIRECTION((0.,0.,1.));
#13606=IFCCARTESIANTRANSFORMATIONOPERATOR3D(#13603,#13604,#13602,1.,#13605);
#13607=IFCMAPPEDITEM(#13547,#13606);
#13608=IFCSHAPEREPRESENTATION(#24,'Body','MappedRepresentation',(#13607));
#13609=IFCOPENINGELEMENT('04BLRZFbP7zR$MuIyy4ePS',$,'Opening',$,$,#13826,#13637,$,.OPENING.);
#13625=IFCCARTESIANPOINT((0.,0.,0.));
#13626=IFCDIRECTION((1.,0.,0.));
#13627=IFCDIRECTION((0.,0.,1.));
#13628=IFCAXIS2PLACEMENT3D(#13625,#13627,#13626);
#13629=IFCREPRESENTATIONMAP(#13628,#13816);
#13630=IFCCARTESIANPOINT((0.,0.,0.));
#13631=IFCDIRECTION((1.,0.,0.));
#13632=IFCDIRECTION((0.,1.,0.));
#13633=IFCDIRECTION((0.,0.,1.));
#13634=IFCCARTESIANTRANSFORMATIONOPERATOR3D(#13631,#13632,#13630,1.,#13633);
#13635=IFCMAPPEDITEM(#13629,#13634);
#13636=IFCSHAPEREPRESENTATION(#11,'Body','MappedRepresentation',(#13635));
#13637=IFCPRODUCTDEFINITIONSHAPE($,$,(#13636));
#13638=IFCRELVOIDSELEMENT('2kRoDVk$1A_vxyWYbkNX79',$,$,$,#7594,#13609);
#13644=IFCRELFILLSELEMENT('2yuhNlztbCyREfqg8eVvz5',$,$,$,#13609,#13585);
#13680=IFCCARTESIANPOINTLIST3D(((0.,0.,0.),(1.25443434715271,0.,0.),(1.25443434715271,0.,0.89999997615814209),(0.,0.,0.89999997615814209)));
#13681=IFCINDEXEDPOLYCURVE(#13680,(IFCLINEINDEX((1,2,3,4,1))),$);
#13682=IFCSHAPEREPRESENTATION(#18,'Profile','Curve3D',(#13681));
#13683=IFCCARTESIANPOINTLIST2D(((0.,0.),(0.57502514123916626,0.),(0.57502514123916626,0.89999997615814209),(0.,0.89999997615814209)));
#13684=IFCINDEXEDPOLYCURVE(#13683,(IFCLINEINDEX((1,2,3,4,1))),$);
#13685=IFCCARTESIANPOINTLIST2D(((0.02500000037252903,0.02500000037252903),(0.58025270141661167,0.02500000037252903),(0.58025270141661167,0.87499997578561306),(0.02500000037252903,0.87499997578561306)));
#13686=IFCINDEXEDPOLYCURVE(#13685,(IFCLINEINDEX((1,2,3,4,1))),$);
#13687=IFCARBITRARYPROFILEDEFWITHVOIDS(.AREA.,$,#13684,(#13686));
#13688=IFCCARTESIANPOINT((0.,0.090000001713633537,0.));
#13689=IFCDIRECTION((0.,-1.,0.));
#13690=IFCDIRECTION((1.,0.,0.));
#13691=IFCAXIS2PLACEMENT3D(#13688,#13689,#13690);
#13692=IFCDIRECTION((0.,0.,-1.));
#13693=IFCEXTRUDEDAREASOLID(#13687,#13691,#13692,0.0099999997764825821);
#13694=IFCCARTESIANPOINTLIST2D(((0.,0.),(0.57502514123916626,0.),(0.57502514123916626,0.89999997615814209),(0.,0.89999997615814209)));
#13695=IFCINDEXEDPOLYCURVE(#13694,(IFCLINEINDEX((1,2,3,4,1))),$);
#13696=IFCCARTESIANPOINTLIST2D(((0.05000000074505806,0.05000000074505806),(0.55525270104408264,0.05000000074505806),(0.55525270104408264,0.84999997541308403),(0.05000000074505806,0.84999997541308403)));
#13697=IFCINDEXEDPOLYCURVE(#13696,(IFCLINEINDEX((1,2,3,4,1))),$);
#13698=IFCARBITRARYPROFILEDEFWITHVOIDS(.AREA.,$,#13695,(#13697));
#13699=IFCCARTESIANPOINT((0.,0.05000000074505806,0.));
#13700=IFCDIRECTION((0.,-1.,0.));
#13701=IFCDIRECTION((1.,0.,0.));
#13702=IFCAXIS2PLACEMENT3D(#13699,#13700,#13701);
#13703=IFCDIRECTION((0.,0.,-1.));
#13704=IFCEXTRUDEDAREASOLID(#13698,#13702,#13703,0.040000000968575478);
#13705=IFCCARTESIANPOINTLIST2D(((0.,0.),(0.55525270104408264,0.),(0.55525270104408264,0.84999997541308403),(0.,0.84999997541308403)));
#13706=IFCINDEXEDPOLYCURVE(#13705,(IFCLINEINDEX((1,2,3,4,1))),$);
#13707=IFCCARTESIANPOINTLIST2D(((0.035000000149011612,0.035000000149011612),(0.52025270089507103,0.035000000149011612),(0.52025270089507103,0.81499997526407242),(0.035000000149011612,0.81499997526407242)));
#13708=IFCINDEXEDPOLYCURVE(#13707,(IFCLINEINDEX((1,2,3,4,1))),$);
#13709=IFCARBITRARYPROFILEDEFWITHVOIDS(.AREA.,$,#13706,(#13708));
#13710=IFCCARTESIANPOINT((0.02500000037252903,0.090000001713633537,0.02500000037252903));
#13711=IFCDIRECTION((0.,-1.,0.));
#13712=IFCDIRECTION((1.,0.,0.));
#13713=IFCAXIS2PLACEMENT3D(#13710,#13711,#13712);
#13714=IFCDIRECTION((0.,0.,-1.));
#13715=IFCEXTRUDEDAREASOLID(#13709,#13713,#13714,0.035000000149011612);
#13716=IFCINDEXEDPOLYCURVE(#13717,(IFCLINEINDEX((1,2,3,4,1))),$);
#13717=IFCCARTESIANPOINTLIST2D(((0.035000000149011612,0.035000000149011612),(0.52025270089507103,0.035000000149011612),(0.52025270089507103,0.81499997526407242),(0.035000000149011612,0.81499997526407242)));
#13718=IFCARBITRARYCLOSEDPROFILEDEF(.AREA.,$,#13716);
#13719=IFCCARTESIANPOINT((0.02500000037252903,0.10250000178813934,0.02500000037252903));
#13720=IFCDIRECTION((0.,-1.,0.));
#13721=IFCDIRECTION((1.,0.,0.));
#13722=IFCAXIS2PLACEMENT3D(#13719,#13720,#13721);
#13723=IFCDIRECTION((0.,0.,-1.));
#13724=IFCEXTRUDEDAREASOLID(#13718,#13722,#13723,0.01);
#13725=IFCCARTESIANPOINTLIST2D(((0.,0.),(0.6794092059135437,0.),(0.6794092059135437,0.89999997615814209),(0.,0.89999997615814209)));
#13726=IFCINDEXEDPOLYCURVE(#13725,(IFCLINEINDEX((1,2,3,4,1))),$);
#13727=IFCCARTESIANPOINTLIST2D(((-0.0052275601774454117,0.02500000037252903),(0.65440920554101467,0.02500000037252903),(0.65440920554101467,0.87499997578561306),(-0.0052275601774454117,0.87499997578561306)));
#13728=IFCINDEXEDPOLYCURVE(#13727,(IFCLINEINDEX((1,2,3,4,1))),$);
#13729=IFCARBITRARYPROFILEDEFWITHVOIDS(.AREA.,$,#13726,(#13728));
#13730=IFCCARTESIANPOINT((0.57502514123916626,0.090000001713633537,0.));
#13731=IFCDIRECTION((0.,-1.,0.));
#13732=IFCDIRECTION((1.,0.,0.));
#13733=IFCAXIS2PLACEMENT3D(#13730,#13731,#13732);
#13734=IFCDIRECTION((0.,0.,-1.));
#13735=IFCEXTRUDEDAREASOLID(#13729,#13733,#13734,0.0099999997764825821);
#13736=IFCCARTESIANPOINTLIST2D(((0.,0.),(0.6794092059135437,0.),(0.6794092059135437,0.89999997615814209),(0.,0.89999997615814209)));
#13737=IFCINDEXEDPOLYCURVE(#13736,(IFCLINEINDEX((1,2,3,4,1))),$);
#13738=IFCCARTESIANPOINTLIST2D(((0.019772440195083618,0.05000000074505806),(0.62940920516848564,0.05000000074505806),(0.62940920516848564,0.84999997541308403),(0.019772440195083618,0.84999997541308403)));
#13739=IFCINDEXEDPOLYCURVE(#13738,(IFCLINEINDEX((1,2,3,4,1))),$);
#13740=IFCARBITRARYPROFILEDEFWITHVOIDS(.AREA.,$,#13737,(#13739));
#13741=IFCCARTESIANPOINT((0.57502514123916626,0.05000000074505806,0.));
#13742=IFCDIRECTION((0.,-1.,0.));
#13743=IFCDIRECTION((1.,0.,0.));
#13744=IFCAXIS2PLACEMENT3D(#13741,#13742,#13743);
#13745=IFCDIRECTION((0.,0.,-1.));
#13746=IFCEXTRUDEDAREASOLID(#13740,#13744,#13745,0.040000000968575478);
#13747=IFCCARTESIANPOINTLIST2D(((0.,0.),(0.65963676571846008,0.),(0.65963676571846008,0.84999997541308403),(0.,0.84999997541308403)));
#13748=IFCINDEXEDPOLYCURVE(#13747,(IFCLINEINDEX((1,2,3,4,1))),$);
#13749=IFCCARTESIANPOINTLIST2D(((0.035000000149011612,0.035000000149011612),(0.62463676556944847,0.035000000149011612),(0.62463676556944847,0.81499997526407242),(0.035000000149011612,0.81499997526407242)));
#13750=IFCINDEXEDPOLYCURVE(#13749,(IFCLINEINDEX((1,2,3,4,1))),$);
#13751=IFCARBITRARYPROFILEDEFWITHVOIDS(.AREA.,$,#13748,(#13750));
#13752=IFCCARTESIANPOINT((0.56979758106172085,0.090000001713633537,0.02500000037252903));
#13753=IFCDIRECTION((0.,-1.,0.));
#13754=IFCDIRECTION((1.,0.,0.));
#13755=IFCAXIS2PLACEMENT3D(#13752,#13753,#13754);
#13756=IFCDIRECTION((0.,0.,-1.));
#13757=IFCEXTRUDEDAREASOLID(#13751,#13755,#13756,0.035000000149011612);
#13758=IFCINDEXEDPOLYCURVE(#13759,(IFCLINEINDEX((1,2,3,4,1))),$);
#13759=IFCCARTESIANPOINTLIST2D(((0.035000000149011612,0.035000000149011612),(0.62463676556944847,0.035000000149011612),(0.62463676556944847,0.81499997526407242),(0.035000000149011612,0.81499997526407242)));
#13760=IFCARBITRARYCLOSEDPROFILEDEF(.AREA.,$,#13758);
#13761=IFCCARTESIANPOINT((0.56979758106172085,0.10250000178813934,0.02500000037252903));
#13762=IFCDIRECTION((0.,-1.,0.));
#13763=IFCDIRECTION((1.,0.,0.));
#13764=IFCAXIS2PLACEMENT3D(#13761,#13762,#13763);
#13765=IFCDIRECTION((0.,0.,-1.));
#13766=IFCEXTRUDEDAREASOLID(#13760,#13764,#13765,0.01);
#13767=IFCSHAPEREPRESENTATION(#11,'Body','SweptSolid',(#13693,#13704,#13715,#13724,#13735,#13746,#13757,#13766));
#13768=IFCSHAPEREPRESENTATION(#11,'Body','SweptSolid',(#13693,#13704,#13735,#13746));
#13769=IFCSHAPEASPECT((#13768),'Lining',$,.T.,#13594);
#13770=IFCSHAPEREPRESENTATION(#11,'Body','SweptSolid',(#13715,#13757));
#13771=IFCSHAPEASPECT((#13770),'Framing',$,.T.,#13594);
#13772=IFCSHAPEREPRESENTATION(#11,'Body','SweptSolid',(#13724,#13766));
#13773=IFCSHAPEASPECT((#13772),'Glazing',$,.T.,#13594);
#13774=IFCCARTESIANPOINTLIST2D(((0.05000000074505806,0.05000000074505806),(0.55525270104408264,0.05000000074505806)));
#13775=IFCINDEXEDPOLYCURVE(#13774,$,$);
#13776=IFCCARTESIANPOINTLIST2D(((0.,0.10000000149011612),(0.02500000037252903,0.10000000149011612),(0.02500000037252903,0.090000001713633537),(0.05000000074505806,0.090000001713633537),(0.05000000074505806,0.05000000074505806),(0.,0.05000000074505806)));
#13777=IFCINDEXEDPOLYCURVE(#13776,(IFCLINEINDEX((1,2,3,4,5,6,1))),$);
#13778=IFCCARTESIANPOINTLIST2D(((0.57502514123916626,0.10000000149011612),(0.58025270141661167,0.10000000149011612),(0.58025270141661167,0.090000001713633537),(0.55525270104408264,0.090000001713633537),(0.55525270104408264,0.05000000074505806),(0.57502514123916626,0.05000000074505806)));
#13779=IFCINDEXEDPOLYCURVE(#13778,$,$);
#13780=IFCCARTESIANPOINTLIST2D(((0.02500000037252903,0.090000001713633537),(0.060000000521540642,0.090000001713633537),(0.060000000521540642,0.12500000186264515),(0.02500000037252903,0.12500000186264515)));
#13781=IFCINDEXEDPOLYCURVE(#13780,(IFCLINEINDEX((1,2,3,4,1))),$);
#13782=IFCINDEXEDPOLYCURVE(#13783,(IFCLINEINDEX((1,2,3,4,1))),$);
#13783=IFCCARTESIANPOINTLIST2D(((0.58025270141661167,0.090000001713633537),(0.54525270126760006,0.090000001713633537),(0.54525270126760006,0.12500000186264515),(0.58025270141661167,0.12500000186264515)));
#13784=IFCCARTESIANPOINTLIST2D(((0.060000000521540642,0.090000001713633537),(0.54525270126760006,0.090000001713633537)));
#13785=IFCINDEXEDPOLYCURVE(#13784,$,$);
#13786=IFCINDEXEDPOLYCURVE(#13787,$,$);
#13787=IFCCARTESIANPOINTLIST2D(((0.060000000521540642,0.12500000186264515),(0.54525270126760006,0.12500000186264515)));
#13788=IFCINDEXEDPOLYCURVE(#13789,$,$);
#13789=IFCCARTESIANPOINTLIST2D(((0.060000000521540642,0.10750000178813934),(0.54525270126760006,0.10750000178813934)));
#13790=IFCCARTESIANPOINTLIST2D(((0.59479758143424988,0.05000000074505806),(1.2044343464076519,0.05000000074505806)));
#13791=IFCINDEXEDPOLYCURVE(#13790,$,$);
#13792=IFCCARTESIANPOINTLIST2D(((0.57502514123916626,0.10000000149011612),(0.56979758106172085,0.10000000149011612),(0.56979758106172085,0.090000001713633537),(0.59479758143424988,0.090000001713633537),(0.59479758143424988,0.05000000074505806),(0.57502514123916626,0.05000000074505806)));
#13793=IFCINDEXEDPOLYCURVE(#13792,$,$);
#13794=IFCCARTESIANPOINTLIST2D(((1.25443434715271,0.10000000149011612),(1.2294343467801809,0.10000000149011612),(1.2294343467801809,0.090000001713633537),(1.2044343464076519,0.090000001713633537),(1.2044343464076519,0.05000000074505806),(1.25443434715271,0.05000000074505806)));
#13795=IFCINDEXEDPOLYCURVE(#13794,(IFCLINEINDEX((1,2,3,4,5,6,1))),$);
#13796=IFCCARTESIANPOINTLIST2D(((0.56979758106172085,0.090000001713633537),(0.60479758121073246,0.090000001713633537),(0.60479758121073246,0.12500000186264515),(0.56979758106172085,0.12500000186264515)));
#13797=IFCINDEXEDPOLYCURVE(#13796,(IFCLINEINDEX((1,2,3,4,1))),$);
#13798=IFCINDEXEDPOLYCURVE(#13799,(IFCLINEINDEX((1,2,3,4,1))),$);
#13799=IFCCARTESIANPOINTLIST2D(((1.2294343467801809,0.090000001713633537),(1.1944343466311693,0.090000001713633537),(1.1944343466311693,0.12500000186264515),(1.2294343467801809,0.12500000186264515)));
#13800=IFCCARTESIANPOINTLIST2D(((0.60479758121073246,0.090000001713633537),(1.1944343466311693,0.090000001713633537)));
#13801=IFCINDEXEDPOLYCURVE(#13800,$,$);
#13802=IFCINDEXEDPOLYCURVE(#13803,$,$);
#13803=IFCCARTESIANPOINTLIST2D(((0.60479758121073246,0.12500000186264515),(1.1944343466311693,0.12500000186264515)));
#13804=IFCINDEXEDPOLYCURVE(#13805,$,$);
#13805=IFCCARTESIANPOINTLIST2D(((0.60479758121073246,0.10750000178813934),(1.1944343466311693,0.10750000178813934)));
#13806=IFCSHAPEREPRESENTATION(#24,'Body','Curve2D',(#13775,#13777,#13779,#13781,#13782,#13785,#13786,#13788,#13791,#13793,#13795,#13797,#13798,#13801,#13802,#13804));
#13807=IFCCARTESIANPOINTLIST2D(((0.,0.),(1.25443434715271,0.),(1.25443434715271,0.89999997615814209),(0.,0.89999997615814209)));
#13808=IFCINDEXEDPOLYCURVE(#13807,(IFCLINEINDEX((1,2,3,4,1))),$);
#13809=IFCARBITRARYCLOSEDPROFILEDEF(.AREA.,$,#13808);
#13810=IFCCARTESIANPOINT((0.,-0.60000002384185791,0.));
#13811=IFCDIRECTION((0.,-1.,0.));
#13812=IFCDIRECTION((1.,0.,0.));
#13813=IFCAXIS2PLACEMENT3D(#13810,#13811,#13812);
#13814=IFCDIRECTION((0.,0.,-1.));
#13815=IFCEXTRUDEDAREASOLID(#13809,#13813,#13814,1.2);
#13816=IFCSHAPEREPRESENTATION(#11,'Body','SweptSolid',(#13815));
#13822=IFCCARTESIANPOINT((3.1202445813268409,0.099999557407238981,1.));
#13823=IFCDIRECTION((0.,0.,1.));
#13824=IFCDIRECTION((-0.99999999999992417,3.8940921757128636E-07,0.));
#13825=IFCAXIS2PLACEMENT3D(#13822,#13823,#13824);
#13826=IFCLOCALPLACEMENT(#7650,#13825);
#13827=IFCCARTESIANPOINT((0.,0.,0.));
#13828=IFCDIRECTION((0.,0.,1.));
#13829=IFCDIRECTION((1.,0.,0.));
#13830=IFCAXIS2PLACEMENT3D(#13827,#13828,#13829);
#13831=IFCLOCALPLACEMENT(#13826,#13830);
#13832=IFCCOVERINGTYPE('1_XT2gtLLBJhTwI7ezl3hV',$,'FL-1-GF',$,$,(#13836),$,$,$,.FLOORING.);
#13833=IFCMATERIALLAYERSET((#13927,#13928),$,$);
#13834=IFCRELASSOCIATESMATERIAL('1e_J6$Ppz3Jg4BIiUQJIXv',$,$,$,(#13832),#13833);
#13836=IFCPROPERTYSET('1ZakEtl2P3rhPjIV1MrbZI',$,'EPset_Parametric',$,(#13837));
#13837=IFCPROPERTYSINGLEVALUE('LayerSetDirection',$,IFCLABEL('AXIS3'),$);
#13891=IFCCOVERING('2BvkqLf158duRPEHDIUyet',$,'Covering',$,$,#13924,#13905,$,$);
#13892=IFCRELDEFINESBYTYPE('0_GYNwhlT3787oOSlC9PaD',$,$,$,(#13891),#13832);
#13893=IFCMATERIALLAYERSETUSAGE(#13833,.AXIS3.,.POSITIVE.,0.,$);
#13894=IFCRELASSOCIATESMATERIAL('2IPh9eZrP45wwWLVX0MHm$',$,$,$,(#13891),#13893);
#13895=IFCCARTESIANPOINTLIST2D(((-1.0614268779754639,3.1276710033416748),(2.1885731220245361,3.1276710033416748),(2.1885731220245361,-5.7223291397094727),(-1.611426830291748,-5.7223291397094727),(-1.611426830291748,-5.7223291397094727),(-1.611426830291748,-3.3223288059234619),(-1.611426830291748,-3.2723288536071777),(-1.611426830291748,-3.2723288536071777),(-1.611426830291748,-3.2223289012908936),(-1.611426830291748,-0.6223289966583252),(-3.0554268360137939,-0.6223289966583252),(-3.1054267883300781,-0.6223289966583252),(-3.1054267883300781,0.20667099952697754),(-1.2114267349243164,0.20667099952697754),(-1.1614267826080322,0.20667099952697754),(-1.111426830291748,0.20667099952697754),(-1.0614268779754639,0.20667099952697754),(-1.0614268779754639,1.6276710033416748),(-1.0614268779754639,1.6776711940765381),(-1.0614268779754639,1.7776710987091064),(-1.0614268779754639,1.8276712894439697)));
#13896=IFCINDEXEDPOLYCURVE(#13895,(IFCLINEINDEX((1,2,3,4,5,6,7,8,9,10,11,12,13,14,15,16,17,18,19,20,21,1))),$);
#13897=IFCARBITRARYCLOSEDPROFILEDEF(.AREA.,$,#13896);
#13898=IFCCARTESIANPOINT((0.,0.,0.));
#13899=IFCDIRECTION((0.,0.,1.));
#13900=IFCDIRECTION((1.,0.,0.));
#13901=IFCAXIS2PLACEMENT3D(#13898,#13899,#13900);
#13902=IFCDIRECTION((0.,0.,1.));
#13903=IFCEXTRUDEDAREASOLID(#13897,#13901,#13902,0.09999999962747097);
#13904=IFCSHAPEREPRESENTATION(#11,'Body','SweptSolid',(#13903));
#13905=IFCPRODUCTDEFINITIONSHAPE($,$,(#13904));
#13920=IFCCARTESIANPOINT((1.9374268054962158,3.2423288822174072,0.));
#13921=IFCDIRECTION((0.,0.,1.));
#13922=IFCDIRECTION((1.,0.,0.));
#13923=IFCAXIS2PLACEMENT3D(#13920,#13921,#13922);
#13924=IFCLOCALPLACEMENT(#62,#13923);
#13925=IFCMATERIAL('screed',$,'cement');
#13926=IFCMATERIAL('parquet',$,'wood');
#13927=IFCMATERIALLAYER(#13925,0.070000000298023224,$,$,$,$,$);
#13928=IFCMATERIALLAYER(#13926,0.029999999329447746,$,$,$,$,$);
#13929=IFCSTAIRFLIGHTTYPE('00xK5vkSL4o8YFBj1qsQjP',$,'ST-1-GF',$,$,(#13930,#13932),(#13974,#16317),$,$,.STRAIGHT.);
#13930=IFCPROPERTYSET('04WWGWHuX4xu26PDSYJpsb',$,'BBIM_Stair',$,(#13931));
#13931=IFCPROPERTYSINGLEVALUE('Data',$,IFCTEXT('{"stair_type": "GENERIC", "width": 0.8999999761581421, "height": 1.7999999523162842, "number_of_treads": 7, "tread_run": 0.18849237263202667, "nosing_length": 0.0, "nosing_depth": 0.0, "custom_first_last_tread_run": [null, null], "custom_tread_lock": true}'),$);
#13932=IFCPROPERTYSET('35x2TealH99usqsIvxoUmG',$,'Pset_StairFlightCommon',$,(#13933,#13934,#13935,#13936,#13937));
#13933=IFCPROPERTYSINGLEVALUE('NumberOfRiser',$,IFCCOUNTMEASURE(8.),$);
#13934=IFCPROPERTYSINGLEVALUE('NumberOfTreads',$,IFCCOUNTMEASURE(7.),$);
#13935=IFCPROPERTYSINGLEVALUE('RiserHeight',$,IFCPOSITIVELENGTHMEASURE(0.22499999403953552),$);
#13936=IFCPROPERTYSINGLEVALUE('TreadLength',$,IFCPOSITIVELENGTHMEASURE(0.25),$);
#13937=IFCPROPERTYSINGLEVALUE('NosingLength',$,IFCLENGTHMEASURE(0.),$);
#13970=IFCCARTESIANPOINT((0.,0.,0.));
#13971=IFCDIRECTION((1.,0.,0.));
#13972=IFCDIRECTION((0.,0.,1.));
#13973=IFCAXIS2PLACEMENT3D(#13970,#13972,#13971);
#13974=IFCREPRESENTATIONMAP(#13973,#16308);
#13997=IFCSTAIRFLIGHT('0tgqZAPxv2fvKBpgNlIFQD',$,'StairFlight',$,$,#14181,#14006,$,8,7,0.22499999403953552,0.25,.STRAIGHT.);
#13998=IFCRELDEFINESBYTYPE('0qIcBig5XCNeDywIHQw50M',$,$,$,(#13997),#13929);
#14006=IFCPRODUCTDEFINITIONSHAPE($,$,(#14013,#16324));
#14007=IFCCARTESIANPOINT((0.,0.,0.));
#14008=IFCDIRECTION((1.,0.,0.));
#14009=IFCDIRECTION((0.,1.,0.));
#14010=IFCDIRECTION((0.,0.,1.));
#14011=IFCCARTESIANTRANSFORMATIONOPERATOR3D(#14008,#14009,#14007,1.,#14010);
#14012=IFCMAPPEDITEM(#13974,#14011);
#14013=IFCSHAPEREPRESENTATION(#11,'Body','MappedRepresentation',(#14012));
#14177=IFCCARTESIANPOINT((1.8179936408996582,0.481414794921875,0.099999994039535522));
#14178=IFCDIRECTION((0.,0.,1.));
#14179=IFCDIRECTION((1.,0.,0.));
#14180=IFCAXIS2PLACEMENT3D(#14177,#14178,#14179);
#14181=IFCLOCALPLACEMENT(#62,#14180);
#14182=IFCSLABTYPE('18FdJfX9z7M9QHYAXxLZMm',$,'Slab Landing-1',$,$,(#14186),$,$,$,.LANDING.);
#14183=IFCMATERIALLAYERSET((#14185),$,$);
#14184=IFCRELASSOCIATESMATERIAL('29a4wReI5839HusXQiSqmX',$,$,$,(#14182),#14183);
#14185=IFCMATERIALLAYER(#81,1.7999999523162842,$,$,$,$,$);
#14186=IFCPROPERTYSET('2llZ42i5b2q91OsiD2QgBq',$,'EPset_Parametric',$,(#14187));
#14187=IFCPROPERTYSINGLEVALUE('LayerSetDirection',$,IFCLABEL('AXIS3'),$);
#14216=IFCSLAB('2F_t7JEVXBaR4YXf$eVzL$',$,'Slab',$,$,#14248,#14231,$,$);
#14217=IFCRELDEFINESBYTYPE('3mcofyTFz0bejbVDscPa_o',$,$,$,(#14216),#14182);
#14218=IFCMATERIALLAYERSETUSAGE(#14183,.AXIS3.,.POSITIVE.,-0.10000000149011612,$);
#14219=IFCRELASSOCIATESMATERIAL('0Pc_Y05$D3HhHrcITRPGXc',$,$,$,(#14216),#14218);
#14227=IFCDIRECTION((0.,0.,1.));
#14229=IFCEXTRUDEDAREASOLID(#14825,#14238,#14227,1.7999999523162842);
#14230=IFCSHAPEREPRESENTATION(#11,'Body','SweptSolid',(#14229));
#14231=IFCPRODUCTDEFINITIONSHAPE($,$,(#14230));
#14232=IFCPROPERTYSET('2lteVAgm942gujJM00EB7y',$,'EPset_Parametric',$,(#14234));
#14233=IFCRELDEFINESBYPROPERTIES('268ubcnTT84eBtvIR0P3fS',$,$,$,(#14216),#14232);
#14234=IFCPROPERTYSINGLEVALUE('Engine',$,IFCLABEL('Bonsai.DumbLayer3'),$);
#14235=IFCCARTESIANPOINT((-0.,-0.,-0.10000000149011612));
#14236=IFCDIRECTION((0.,0.,1.));
#14237=IFCDIRECTION((1.,0.,0.));
#14238=IFCAXIS2PLACEMENT3D(#14235,#14236,#14237);
#14244=IFCCARTESIANPOINT((3.3259329795837402,1.3043138980865479,0.20000004768371582));
#14245=IFCDIRECTION((0.,0.,1.));
#14246=IFCDIRECTION((1.,0.,0.));
#14247=IFCAXIS2PLACEMENT3D(#14244,#14245,#14246);
#14248=IFCLOCALPLACEMENT(#62,#14247);
#14403=IFCRAILINGTYPE('2lTSmkM$90OBqhcEWSIlpy',$,'Balcony-2',$,$,(#14404,#14406),(#14408,#14527),$,$,.USERDEFINED.);
#14404=IFCPROPERTYSET('2AYQEx3PH1_OeoCFd1Iz9z',$,'BBIM_Railing',$,(#14405));
#14405=IFCPROPERTYSINGLEVALUE('Data',$,IFCTEXT('{"railing_type": "FRAMELESS_PANEL", "height": 1.0, "thickness": 0.05000000074505806, "spacing": 0.05000000074505806, "path_data": {"edges": [[0, 1], [1, 2]], "verts": [[-0.1656203269958496, 0.0, 0.0], [0.0, 0.0, 0.0], [1.0, 0.0, 0.0]]}}'),$);
#14406=IFCPROPERTYSET('03A3GWQ0v1Tulo1LItZEDK',$,'Pset_RailingCommon',$,(#14407));
#14407=IFCPROPERTYSINGLEVALUE('Height',$,IFCPOSITIVELENGTHMEASURE(1.),$);
#14408=IFCREPRESENTATIONMAP(#14409,#14518);
#14409=IFCAXIS2PLACEMENT3D(#14410,#14411,#14412);
#14410=IFCCARTESIANPOINT((0.,0.,0.));
#14411=IFCDIRECTION((0.,0.,1.));
#14412=IFCDIRECTION((1.,0.,0.));
#14482=IFCRAILING('2Uosof41z3pekAltekK_3x',$,'Railing',$,'FRAMELESS_PANEL',#14665,#14491,$,.USERDEFINED.);
#14483=IFCRELDEFINESBYTYPE('2WFZT1vTXCfRaqw1OeFmDY',$,$,$,(#14482),#14403);
#14484=IFCCARTESIANPOINT((0.,0.,0.));
#14485=IFCDIRECTION((1.,0.,0.));
#14486=IFCDIRECTION((0.,1.,0.));
#14487=IFCDIRECTION((0.,0.,1.));
#14488=IFCCARTESIANTRANSFORMATIONOPERATOR3D(#14485,#14486,#14484,1.,#14487);
#14489=IFCMAPPEDITEM(#14408,#14488);
#14490=IFCSHAPEREPRESENTATION(#11,'Body','MappedRepresentation',(#14489));
#14491=IFCPRODUCTDEFINITIONSHAPE($,$,(#14490,#14534));
#14504=IFCINDEXEDPOLYGONALFACE((16,19,18,17));
#14505=IFCINDEXEDPOLYGONALFACE((20,23,22,21));
#14506=IFCINDEXEDPOLYGONALFACE((5,11,10,4,8,9));
#14507=IFCINDEXEDPOLYGONALFACE((7,15,14,6,12,13));
#14508=IFCINDEXEDPOLYGONALFACE((7,13,23,20,15));
#14509=IFCINDEXEDPOLYGONALFACE((5,9,19,16,11));
#14510=IFCINDEXEDPOLYGONALFACE((12,22,23,13));
#14511=IFCINDEXEDPOLYGONALFACE((14,21,22,12,6));
#14512=IFCINDEXEDPOLYGONALFACE((15,20,21,14));
#14513=IFCINDEXEDPOLYGONALFACE((11,16,17,10));
#14514=IFCINDEXEDPOLYGONALFACE((8,18,19,9));
#14515=IFCINDEXEDPOLYGONALFACE((4,10,17,18,8));
#14516=IFCCARTESIANPOINTLIST3D(((-0.16562032699584961,0.,0.),(0.,0.,0.),(1.,0.,0.),(-0.14062032103538513,0.,0.),(-0.024999998509883881,0.,0.),(0.02500000037252903,0.,0.),(0.97500002384185791,0.,0.),(-0.14062032103538513,0.024999998509883881,0.),(-0.024999998509883881,0.024999998509883881,0.),(-0.14062032103538513,-0.024999998509883881,0.),(-0.024999998509883881,-0.024999998509883881,0.),(0.02500000037252903,0.02500000037252903,0.),(0.97500002384185791,0.02500000037252903,0.),(0.02500000037252903,-0.02500000037252903,0.),(0.97500002384185791,-0.02500000037252903,0.),(-0.024999998509883881,-0.024999998509883881,1.),(-0.14062032103538513,-0.024999998509883881,1.),(-0.14062032103538513,0.024999998509883881,1.),(-0.024999998509883881,0.024999998509883881,1.),(0.97500002384185791,-0.02500000037252903,1.),(0.02500000037252903,-0.02500000037252903,1.),(0.02500000037252903,0.02500000037252903,1.),(0.97500002384185791,0.02500000037252903,1.)));
#14517=IFCPOLYGONALFACESET(#14516,.F.,(#14504,#14505,#14506,#14507,#14508,#14509,#14510,#14511,#14512,#14513,#14514,#14515),$);
#14518=IFCSHAPEREPRESENTATION(#11,'Body','Tessellation',(#14517));
#14520=IFCCARTESIANPOINT((-0.16562032699584961,-0.02500000037252903,0.));
#14521=IFCBOUNDINGBOX(#14520,1.1656203269958496,0.05000000074505806,1.);
#14522=IFCSHAPEREPRESENTATION(#13,'Box','BoundingBox',(#14521));
#14523=IFCCARTESIANPOINT((0.,0.,0.));
#14524=IFCDIRECTION((1.,0.,0.));
#14525=IFCDIRECTION((0.,0.,1.));
#14526=IFCAXIS2PLACEMENT3D(#14523,#14525,#14524);
#14527=IFCREPRESENTATIONMAP(#14526,#14522);
#14528=IFCCARTESIANPOINT((0.,0.,0.));
#14529=IFCDIRECTION((1.,0.,0.));
#14530=IFCDIRECTION((0.,1.,0.));
#14531=IFCDIRECTION((0.,0.,1.));
#14532=IFCCARTESIANTRANSFORMATIONOPERATOR3D(#14529,#14530,#14528,1.,#14531);
#14533=IFCMAPPEDITEM(#14527,#14532);
#14534=IFCSHAPEREPRESENTATION(#13,'Box','MappedRepresentation',(#14533));
#14535=IFCRAILINGTYPE('20kWtpTOH71xsQal5j7221',$,'Balcony-3',$,$,(#14536,#14538),(#14540,#14804),$,$,.USERDEFINED.);
#14536=IFCPROPERTYSET('2Ehvvj0Uv0l9ofVUEqnx0F',$,'BBIM_Railing',$,(#14537));
#14537=IFCPROPERTYSINGLEVALUE('Data',$,IFCTEXT('{"railing_type": "FRAMELESS_PANEL", "height": 1.0, "thickness": 0.05000000074505806, "spacing": 0.05000000074505806, "path_data": {"edges": [[0, 1], [1, 2]], "verts": [[-1.0, 0.0, 0.0], [0.0, 0.0, 0.0], [0.5499997138977051, 1.9670137518801312e-08, 0.0]]}}'),$);
#14538=IFCPROPERTYSET('34ueV0e79EMgDO9$mEBlm7',$,'Pset_RailingCommon',$,(#14539));
#14539=IFCPROPERTYSINGLEVALUE('Height',$,IFCPOSITIVELENGTHMEASURE(1.),$);
#14540=IFCREPRESENTATIONMAP(#14541,#14795);
#14541=IFCAXIS2PLACEMENT3D(#14542,#14543,#14544);
#14542=IFCCARTESIANPOINT((0.,0.,0.));
#14543=IFCDIRECTION((0.,0.,1.));
#14544=IFCDIRECTION((1.,0.,0.));
#14661=IFCCARTESIANPOINT((-3.1586434841156006,-3.1301436424255371,0.));
#14662=IFCDIRECTION((0.,0.,1.));
#14663=IFCDIRECTION((1.,0.,0.));
#14664=IFCAXIS2PLACEMENT3D(#14661,#14662,#14663);
#14665=IFCLOCALPLACEMENT(#6235,#14664);
#14723=IFCRAILING('2gX6L59YjBDg3iwdiX1wxh',$,'Railing',$,'FRAMELESS_PANEL',#14816,#14732,$,.USERDEFINED.);
#14724=IFCRELDEFINESBYTYPE('18MNMk3kDA9OY5sxJA8Na7',$,$,$,(#14723),#14535);
#14725=IFCCARTESIANPOINT((0.,0.,0.));
#14726=IFCDIRECTION((1.,0.,0.));
#14727=IFCDIRECTION((0.,1.,0.));
#14728=IFCDIRECTION((0.,0.,1.));
#14729=IFCCARTESIANTRANSFORMATIONOPERATOR3D(#14726,#14727,#14725,1.,#14728);
#14730=IFCMAPPEDITEM(#14540,#14729);
#14731=IFCSHAPEREPRESENTATION(#11,'Body','MappedRepresentation',(#14730));
#14732=IFCPRODUCTDEFINITIONSHAPE($,$,(#14731,#14811));
#14781=IFCINDEXEDPOLYGONALFACE((16,19,18,17));
#14782=IFCINDEXEDPOLYGONALFACE((20,23,22,21));
#14783=IFCINDEXEDPOLYGONALFACE((5,11,10,4,8,9));
#14784=IFCINDEXEDPOLYGONALFACE((7,15,14,6,12,13));
#14785=IFCINDEXEDPOLYGONALFACE((6,14,21,22,12));
#14786=IFCINDEXEDPOLYGONALFACE((15,20,21,14));
#14787=IFCINDEXEDPOLYGONALFACE((5,9,19,16,11));
#14788=IFCINDEXEDPOLYGONALFACE((7,13,23,20,15));
#14789=IFCINDEXEDPOLYGONALFACE((11,16,17,10));
#14790=IFCINDEXEDPOLYGONALFACE((8,18,19,9));
#14791=IFCINDEXEDPOLYGONALFACE((12,22,23,13));
#14792=IFCINDEXEDPOLYGONALFACE((10,17,18,8,4));
#14793=IFCCARTESIANPOINTLIST3D(((-1.,0.,0.),(0.,0.,0.),(0.54999971389770508,1.9670137518801312E-08,0.),(-0.97500002384185791,0.,0.),(-0.02500000037252903,0.,0.),(0.02500000037252903,8.9409762926706549E-10,0.),(0.52499973773956299,1.8776040278112305E-08,0.),(-0.97500002384185791,0.02500000037252903,0.),(-0.02500000037252903,0.02500000037252903,0.),(-0.97500002384185791,-0.02500000037252903,0.),(-0.02500000037252903,-0.02500000037252903,0.),(0.02500000037252903,0.02500000037252903,0.),(0.52499973773956299,0.025000018998980522,0.),(0.02500000037252903,-0.02500000037252903,0.),(0.52499973773956299,-0.024999981746077538,0.),(-0.02500000037252903,-0.02500000037252903,1.),(-0.97500002384185791,-0.02500000037252903,1.),(-0.97500002384185791,0.02500000037252903,1.),(-0.02500000037252903,0.02500000037252903,1.),(0.52499973773956299,-0.024999981746077538,1.),(0.02500000037252903,-0.02500000037252903,1.),(0.02500000037252903,0.02500000037252903,1.),(0.52499973773956299,0.025000018998980522,1.)));
#14794=IFCPOLYGONALFACESET(#14793,.F.,(#14781,#14782,#14783,#14784,#14785,#14786,#14787,#14788,#14789,#14790,#14791,#14792),$);
#14795=IFCSHAPEREPRESENTATION(#11,'Body','Tessellation',(#14794));
#14797=IFCCARTESIANPOINT((-1.,-0.02500000037252903,0.));
#14798=IFCBOUNDINGBOX(#14797,1.5499997138977051,0.050000019371509552,1.);
#14799=IFCSHAPEREPRESENTATION(#13,'Box','BoundingBox',(#14798));
#14800=IFCCARTESIANPOINT((0.,0.,0.));
#14801=IFCDIRECTION((1.,0.,0.));
#14802=IFCDIRECTION((0.,0.,1.));
#14803=IFCAXIS2PLACEMENT3D(#14800,#14802,#14801);
#14804=IFCREPRESENTATIONMAP(#14803,#14799);
#14805=IFCCARTESIANPOINT((0.,0.,0.));
#14806=IFCDIRECTION((1.,0.,0.));
#14807=IFCDIRECTION((0.,1.,0.));
#14808=IFCDIRECTION((0.,0.,1.));
#14809=IFCCARTESIANTRANSFORMATIONOPERATOR3D(#14806,#14807,#14805,1.,#14808);
#14810=IFCMAPPEDITEM(#14804,#14809);
#14811=IFCSHAPEREPRESENTATION(#13,'Box','MappedRepresentation',(#14810));
#14812=IFCCARTESIANPOINT((-3.2992639541625977,-2.1801433563232422,0.));
#14813=IFCDIRECTION((0.,0.,1.));
#14814=IFCDIRECTION((-4.3711388286737889E-08,0.99999999999999911,0.));
#14815=IFCAXIS2PLACEMENT3D(#14812,#14813,#14814);
#14816=IFCLOCALPLACEMENT(#6235,#14815);
#14823=IFCCARTESIANPOINTLIST2D(((0.79980111122131348,-0.00012969970703125),(0.79980158805847168,-0.80767834186553955),(0.,-0.81889611482620239),(0.,0.00018453598022460938),(0.79980111122131348,-0.00012969970703125)));
#14824=IFCINDEXEDPOLYCURVE(#14823,$,$);
#14825=IFCARBITRARYCLOSEDPROFILEDEF(.AREA.,$,#14824);
#14830=IFCMATERIALLAYERSET((#14831),$,$);
#14831=IFCMATERIALLAYER(#81,1.7999999523162842,$,$,$,$,$);
#14836=IFCMATERIALLAYERSET((#14837),$,$);
#14837=IFCMATERIALLAYER(#81,0.10000000000000001,$,$,$,$,$);
#14866=IFCSTAIRFLIGHTTYPE('1FwffTp6fCFxEL1DCGt379',$,'ST-2-GF',$,$,(#14867,#14869),(#14875,#17819),$,$,.STRAIGHT.);
#14867=IFCPROPERTYSET('3NU$nsqFj9tfmK6RAXC0K$',$,'BBIM_Stair',$,(#14868));
#14868=IFCPROPERTYSINGLEVALUE('Data',$,IFCTEXT('{"stair_type": "GENERIC", "width": 0.8999999761581421, "height": 1.100000023841858, "number_of_treads": 7, "tread_run": 0.18849237263202667, "nosing_length": 0.0, "nosing_depth": 0.0, "custom_first_last_tread_run": [null, null], "custom_tread_lock": true}'),$);
#14869=IFCPROPERTYSET('18w$gZ3RL69f$LmflShy1Z',$,'Pset_StairFlightCommon',$,(#14870,#14871,#14872,#14873,#14874));
#14870=IFCPROPERTYSINGLEVALUE('NumberOfRiser',$,IFCCOUNTMEASURE(8.),$);
#14871=IFCPROPERTYSINGLEVALUE('NumberOfTreads',$,IFCCOUNTMEASURE(7.),$);
#14872=IFCPROPERTYSINGLEVALUE('RiserHeight',$,IFCPOSITIVELENGTHMEASURE(0.13750000298023224),$);
#14873=IFCPROPERTYSINGLEVALUE('TreadLength',$,IFCPOSITIVELENGTHMEASURE(0.25),$);
#14874=IFCPROPERTYSINGLEVALUE('NosingLength',$,IFCLENGTHMEASURE(0.),$);
#14875=IFCREPRESENTATIONMAP(#14876,#17810);
#14876=IFCAXIS2PLACEMENT3D(#14877,#14878,#14879);
#14877=IFCCARTESIANPOINT((0.,0.,0.));
#14878=IFCDIRECTION((0.,0.,1.));
#14879=IFCDIRECTION((1.,0.,0.));
#14911=IFCSLABTYPE('2HYZOrKuj4YPcKmZBxGRz0',$,'Slab Landing-2',$,$,(#14912),$,$,$,.LANDING.);
#14912=IFCPROPERTYSET('0OS3_6elLBFeQCZ4f_F_qc',$,'EPset_Parametric',$,(#14913));
#14913=IFCPROPERTYSINGLEVALUE('LayerSetDirection',$,IFCLABEL('AXIS3'),$);
#14914=IFCRELASSOCIATESMATERIAL('2jtTjfzUj1kwcmt6QPaa5g',$,$,$,(#14911),#14915);
#14915=IFCMATERIALLAYERSET((#14916),$,$);
#14916=IFCMATERIALLAYER(#81,1.7999999523162842,$,$,$,$,$);
#14917=IFCSLAB('2IUJAUvSbAMuoV_ONQWNx2',$,'Slab',$,$,#14944,#14932,$,$);
#14918=IFCRELDEFINESBYTYPE('0gCGLkkPTBxfgXcKKRxYpH',$,$,$,(#14917),#14911);
#14919=IFCMATERIALLAYERSETUSAGE(#14915,.AXIS3.,.POSITIVE.,-1.7999999523162842,$);
#14920=IFCRELASSOCIATESMATERIAL('0EQu6FI791tx7EO1d9ZFvE',$,$,$,(#14917),#14919);
#14928=IFCDIRECTION((0.,0.,1.));
#14930=IFCEXTRUDEDAREASOLID(#16110,#14939,#14928,1.7999999523162842);
#14931=IFCSHAPEREPRESENTATION(#11,'Body','SweptSolid',(#14930));
#14932=IFCPRODUCTDEFINITIONSHAPE($,$,(#14931));
#14933=IFCPROPERTYSET('0fVExaIxD3iv0G6vs5MjjD',$,'EPset_Parametric',$,(#14935));
#14934=IFCRELDEFINESBYPROPERTIES('2zv3sgPUX3LeOpJCam0351',$,$,$,(#14917),#14933);
#14935=IFCPROPERTYSINGLEVALUE('Engine',$,IFCLABEL('Bonsai.DumbLayer3'),$);
#14936=IFCCARTESIANPOINT((-0.,-0.,-1.7999999523162842));
#14937=IFCDIRECTION((0.,0.,1.));
#14938=IFCDIRECTION((1.,0.,0.));
#14939=IFCAXIS2PLACEMENT3D(#14936,#14937,#14938);
#14940=IFCCARTESIANPOINT((3.3277649879455566,1.3044977188110352,1.9000000953674316));
#14941=IFCDIRECTION((0.,0.,1.));
#14942=IFCDIRECTION((1.,0.,0.));
#14943=IFCAXIS2PLACEMENT3D(#14940,#14941,#14942);
#14944=IFCLOCALPLACEMENT(#62,#14943);
#14945=IFCSTAIRFLIGHT('1eEoe$j6TB4xlQVxgIJoJo',$,'StairFlight',$,$,#16207,#14954,$,8,7,0.13750000298023224,0.25,.STRAIGHT.);
#14946=IFCRELDEFINESBYTYPE('3huaaUhfb00g8Zeka4AG8f',$,$,$,(#14945),#14866);
#14947=IFCCARTESIANPOINT((0.,0.,0.));
#14948=IFCDIRECTION((1.,0.,0.));
#14949=IFCDIRECTION((0.,1.,0.));
#14950=IFCDIRECTION((0.,0.,1.));
#14951=IFCCARTESIANTRANSFORMATIONOPERATOR3D(#14948,#14949,#14947,1.,#14950);
#14952=IFCMAPPEDITEM(#14875,#14951);
#14953=IFCSHAPEREPRESENTATION(#11,'Body','MappedRepresentation',(#14952));
#14954=IFCPRODUCTDEFINITIONSHAPE($,$,(#14953,#17826));
#15015=IFCSLABTYPE('3RG6CL50X6CBjnsX7G5COV',$,'Slab Under Stairs',$,$,(#15016),$,$,$,.LANDING.);
#15016=IFCPROPERTYSET('0lsgiXLlj1e8hN4WrYLjDu',$,'EPset_Parametric',$,(#15017));
#15017=IFCPROPERTYSINGLEVALUE('LayerSetDirection',$,IFCLABEL('AXIS3'),$);
#15018=IFCRELASSOCIATESMATERIAL('2jiEfP75X1Vw6YbHcV0vgM',$,$,$,(#15015),#15019);
#15019=IFCMATERIALLAYERSET((#15020),$,$);
#15020=IFCMATERIALLAYER(#81,1.7999999523162842,$,$,$,$,$);
#15021=IFCSLAB('3PTpHUjzX75xWVhOXvic_4',$,'Slab',$,$,#16202,#15036,$,$);
#15022=IFCRELDEFINESBYTYPE('2tFhNFNVPBhwazsCQAWbjh',$,$,$,(#15021),#15015);
#15023=IFCMATERIALLAYERSETUSAGE(#15019,.AXIS3.,.POSITIVE.,-1.7999999523162842,$);
#15024=IFCRELASSOCIATESMATERIAL('0DdA_WyEjAvQcssHZUkfm4',$,$,$,(#15021),#15023);
#15030=IFCCARTESIANPOINTLIST2D(((0.,0.),(2.384185791015625E-07,-0.82308363914489746),(-1.5079388618469238,-0.82308411598205566),(-1.5079391002655029,-4.76837158203125E-07),(0.,0.)));
#15031=IFCINDEXEDPOLYCURVE(#15030,$,$);
#15032=IFCDIRECTION((0.,0.,1.));
#15033=IFCARBITRARYCLOSEDPROFILEDEF(.AREA.,$,#15031);
#15034=IFCEXTRUDEDAREASOLID(#15033,#15043,#15032,1.7999999523162842);
#15035=IFCSHAPEREPRESENTATION(#11,'Body','SweptSolid',(#15034));
#15036=IFCPRODUCTDEFINITIONSHAPE($,$,(#15035));
#15037=IFCPROPERTYSET('18T5bUFQXCpAm3YjujzWaH',$,'EPset_Parametric',$,(#15039));
#15038=IFCRELDEFINESBYPROPERTIES('36alYiN8LCpQozM32YodTp',$,$,$,(#15021),#15037);
#15039=IFCPROPERTYSINGLEVALUE('Engine',$,IFCLABEL('Bonsai.DumbLayer3'),$);
#15040=IFCCARTESIANPOINT((-0.,-0.,-1.7999999523162842));
#15041=IFCDIRECTION((0.,0.,1.));
#15042=IFCDIRECTION((1.,0.,0.));
#15043=IFCAXIS2PLACEMENT3D(#15040,#15041,#15042);
#15046=IFCMATERIALLAYERSET((#15048),$,$);
#15048=IFCMATERIALLAYER(#81,0.10000000000000001,$,$,$,$,$);
#15087=IFCMATERIALLAYERSET((#15089),$,$);
#15089=IFCMATERIALLAYER(#81,0.10000000000000001,$,$,$,$,$);
#15092=IFCRAILINGTYPE('1xwwzcoQHDwAtc3T0MjNdx',$,'Stair Railings-1',$,$,(#15093,#15095),(#15124,#16425),$,$,.USERDEFINED.);
#15093=IFCPROPERTYSET('3uVnYDjcP6RvcOd_7h3Jvd',$,'BBIM_Railing',$,(#15094));
#15094=IFCPROPERTYSINGLEVALUE('Data',$,IFCTEXT('{"railing_type": "FRAMELESS_PANEL", "height": 0.550000011920929, "thickness": 0.05000000074505806, "spacing": 0.05000000074505806, "path_data": {"edges": [[0, 1], [1, 2]], "verts": [[-1.0, -0.02422964572906494, -0.22499999403953552], [-0.29027676582336426, -0.02422964572906494, 0.5624999403953552], [0.5329391956329346, -0.02422964572906494, 1.5750000476837158]]}}'),$);
#15095=IFCPROPERTYSET('26s6y3u7b7GwXzwwkYsyBj',$,'Pset_RailingCommon',$,(#15096));
#15096=IFCPROPERTYSINGLEVALUE('Height',$,IFCPOSITIVELENGTHMEASURE(0.55000001192092896),$);
#15120=IFCCARTESIANPOINT((0.,0.,0.));
#15121=IFCDIRECTION((1.,0.,0.));
#15122=IFCDIRECTION((0.,0.,1.));
#15123=IFCAXIS2PLACEMENT3D(#15120,#15122,#15121);
#15124=IFCREPRESENTATIONMAP(#15123,#16416);
#15379=IFCRELDEFINESBYTYPE('3$jzQ1Y6HFMvJ0DZfD8tly',$,$,$,(#15483,#15678),#15092);
#15483=IFCRAILING('1XTr0uTIr86OMgMpSxgFhg',$,'Railing',$,'FRAMELESS_PANEL',#16600,#15496,$,.USERDEFINED.);
#15489=IFCCARTESIANPOINT((0.,0.,0.));
#15490=IFCDIRECTION((1.,0.,0.));
#15491=IFCDIRECTION((0.,1.,0.));
#15492=IFCDIRECTION((0.,0.,1.));
#15493=IFCCARTESIANTRANSFORMATIONOPERATOR3D(#15490,#15491,#15489,1.,#15492);
#15494=IFCMAPPEDITEM(#15124,#15493);
#15495=IFCSHAPEREPRESENTATION(#11,'Body','MappedRepresentation',(#15494));
#15496=IFCPRODUCTDEFINITIONSHAPE($,$,(#15495,#16432));
#15678=IFCRAILING('1jyqY4NLn6rxzzsJWltA2$',$,'Railing',$,'FRAMELESS_PANEL',#16177,#15691,$,.USERDEFINED.);
#15684=IFCCARTESIANPOINT((0.,0.,0.));
#15685=IFCDIRECTION((1.,0.,0.));
#15686=IFCDIRECTION((0.,1.,0.));
#15687=IFCDIRECTION((0.,0.,1.));
#15688=IFCCARTESIANTRANSFORMATIONOPERATOR3D(#15685,#15686,#15684,1.,#15687);
#15689=IFCMAPPEDITEM(#15124,#15688);
#15690=IFCSHAPEREPRESENTATION(#11,'Body','MappedRepresentation',(#15689));
#15691=IFCPRODUCTDEFINITIONSHAPE($,$,(#15690,#16439));
#15699=IFCRAILINGTYPE('3fkw5wJXz4phw0dmrdLVrC',$,'Stair Railings-2',$,$,(#15700,#15702),(#15704,#16093),$,$,.USERDEFINED.);
#15700=IFCPROPERTYSET('1CK6hEAqX2oBMYc5MzJ6tL',$,'BBIM_Railing',$,(#15701));
#15701=IFCPROPERTYSINGLEVALUE('Data',$,IFCTEXT('{"railing_type": "FRAMELESS_PANEL", "height": 0.44999998807907104, "thickness": 0.05000000074505806, "spacing": 0.05000000074505806, "path_data": {"edges": [[0, 1]], "verts": [[-1.0, -0.04022085666656494, 0.0], [-0.07519867271184921, -0.02500009536743164, 0.0]]}}'),$);
#15702=IFCPROPERTYSET('1O40ntt7D9GwcORv8vqxBp',$,'Pset_RailingCommon',$,(#15703));
#15703=IFCPROPERTYSINGLEVALUE('Height',$,IFCPOSITIVELENGTHMEASURE(0.44999998807907104),$);
#15704=IFCREPRESENTATIONMAP(#15705,#16084);
#15705=IFCAXIS2PLACEMENT3D(#15706,#15707,#15708);
#15706=IFCCARTESIANPOINT((0.,0.,0.));
#15707=IFCDIRECTION((0.,0.,1.));
#15708=IFCDIRECTION((1.,0.,0.));
#15732=IFCRAILING('1o9Xix1DbBUgzOG0sGK9Zh',$,'Railing',$,'FRAMELESS_PANEL',#16182,#15741,$,.USERDEFINED.);
#15733=IFCRELDEFINESBYTYPE('0SuWUer_H3Ruz5A65XMjpz',$,$,$,(#15732,#15931),#15699);
#15734=IFCCARTESIANPOINT((0.,0.,0.));
#15735=IFCDIRECTION((1.,0.,0.));
#15736=IFCDIRECTION((0.,1.,0.));
#15737=IFCDIRECTION((0.,0.,1.));
#15738=IFCCARTESIANTRANSFORMATIONOPERATOR3D(#15735,#15736,#15734,1.,#15737);
#15739=IFCMAPPEDITEM(#15704,#15738);
#15740=IFCSHAPEREPRESENTATION(#11,'Body','MappedRepresentation',(#15739));
#15741=IFCPRODUCTDEFINITIONSHAPE($,$,(#15740,#16100));
#15931=IFCRAILING('36gbBTR4jDov2jy7rIWhYP',$,'Railing',$,'FRAMELESS_PANEL',#16192,#15944,$,.USERDEFINED.);
#15937=IFCCARTESIANPOINT((0.,0.,0.));
#15938=IFCDIRECTION((1.,0.,0.));
#15939=IFCDIRECTION((0.,1.,0.));
#15940=IFCDIRECTION((0.,0.,1.));
#15941=IFCCARTESIANTRANSFORMATIONOPERATOR3D(#15938,#15939,#15937,1.,#15940);
#15942=IFCMAPPEDITEM(#15704,#15941);
#15943=IFCSHAPEREPRESENTATION(#11,'Body','MappedRepresentation',(#15942));
#15944=IFCPRODUCTDEFINITIONSHAPE($,$,(#15943,#16107));
#15952=IFCRAILINGTYPE('2tzawoiqD2BhiUdrm6tvah',$,'Stair Railings-3',$,$,(#15953,#15955),(#15957,#16574),$,$,.USERDEFINED.);
#15953=IFCPROPERTYSET('3hESrIQN94GhVEapWWp2XC',$,'BBIM_Railing',$,(#15954));
#15954=IFCPROPERTYSINGLEVALUE('Data',$,IFCTEXT('{"railing_type": "FRAMELESS_PANEL", "height": 0.5, "thickness": 0.05000000074505806, "spacing": 0.05000000074505806, "path_data": {"edges": [[0, 1], [1, 2]], "verts": [[-1.0306837558746338, 9.998037064917753e-09, -0.12968584895133972], [-0.29027676582336426, 1.1920928955078125e-07, 0.41770219802856445], [0.49961012601852417, 1.0859993793133071e-08, 0.9703145027160645]]}}'),$);
#15955=IFCPROPERTYSET('2ogSXFJvnCIu3qT7mkwhti',$,'Pset_RailingCommon',$,(#15956));
#15956=IFCPROPERTYSINGLEVALUE('Height',$,IFCPOSITIVELENGTHMEASURE(0.5),$);
#15957=IFCREPRESENTATIONMAP(#15958,#16565);
#15958=IFCAXIS2PLACEMENT3D(#15959,#15960,#15961);
#15959=IFCCARTESIANPOINT((0.,0.,0.));
#15960=IFCDIRECTION((0.,0.,1.));
#15961=IFCDIRECTION((1.,0.,0.));
#15985=IFCRAILING('3ZBuDu8f9AfuudgXEqOGJY',$,'Railing',$,'FRAMELESS_PANEL',#16197,#15994,$,.USERDEFINED.);
#15986=IFCRELDEFINESBYTYPE('1VEQK4TkjF0Qbb4AZxXdjj',$,$,$,(#15985,#16239,#16260),#15952);
#15987=IFCCARTESIANPOINT((0.,0.,0.));
#15988=IFCDIRECTION((1.,0.,0.));
#15989=IFCDIRECTION((0.,1.,0.));
#15990=IFCDIRECTION((0.,0.,1.));
#15991=IFCCARTESIANTRANSFORMATIONOPERATOR3D(#15988,#15989,#15987,1.,#15990);
#15992=IFCMAPPEDITEM(#15957,#15991);
#15993=IFCSHAPEREPRESENTATION(#11,'Body','MappedRepresentation',(#15992));
#15994=IFCPRODUCTDEFINITIONSHAPE($,$,(#15993,#16581));
#16076=IFCINDEXEDPOLYGONALFACE((9,12,11,10));
#16077=IFCINDEXEDPOLYGONALFACE((4,8,7,3,5,6));
#16078=IFCINDEXEDPOLYGONALFACE((8,9,10,7));
#16079=IFCINDEXEDPOLYGONALFACE((6,12,9,8,4));
#16080=IFCINDEXEDPOLYGONALFACE((5,11,12,6));
#16081=IFCINDEXEDPOLYGONALFACE((3,7,10,11,5));
#16082=IFCCARTESIANPOINTLIST3D(((-1.,-0.040220856666564941,0.),(-0.075198672711849213,-0.025000095367431641,0.),(-0.97500336170196533,-0.039809450507164001,0.),(-0.10019528865814209,-0.025411499664187431,0.),(-0.97541475296020508,-0.014812836423516273,0.),(-0.10060669481754303,-0.00041488558053970337,0.),(-0.97459197044372559,-0.064806066453456879,0.),(-0.09978388249874115,-0.050408113747835159,0.),(-0.09978388249874115,-0.050408113747835159,0.44999998807907104),(-0.97459197044372559,-0.064806066453456879,0.44999998807907104),(-0.97541475296020508,-0.014812836423516273,0.44999998807907104),(-0.10060669481754303,-0.00041488558053970337,0.44999998807907104)));
#16083=IFCPOLYGONALFACESET(#16082,.F.,(#16076,#16077,#16078,#16079,#16080,#16081),$);
#16084=IFCSHAPEREPRESENTATION(#11,'Body','Tessellation',(#16083));
#16086=IFCCARTESIANPOINT((-1.,-0.064806066453456879,0.));
#16087=IFCBOUNDINGBOX(#16086,0.92480134963989258,0.064391180872917175,0.44999998807907104);
#16088=IFCSHAPEREPRESENTATION(#13,'Box','BoundingBox',(#16087));
#16089=IFCCARTESIANPOINT((0.,0.,0.));
#16090=IFCDIRECTION((1.,0.,0.));
#16091=IFCDIRECTION((0.,0.,1.));
#16092=IFCAXIS2PLACEMENT3D(#16089,#16091,#16090);
#16093=IFCREPRESENTATIONMAP(#16092,#16088);
#16094=IFCCARTESIANPOINT((0.,0.,0.));
#16095=IFCDIRECTION((1.,0.,0.));
#16096=IFCDIRECTION((0.,1.,0.));
#16097=IFCDIRECTION((0.,0.,1.));
#16098=IFCCARTESIANTRANSFORMATIONOPERATOR3D(#16095,#16096,#16094,1.,#16097);
#16099=IFCMAPPEDITEM(#16093,#16098);
#16100=IFCSHAPEREPRESENTATION(#13,'Box','MappedRepresentation',(#16099));
#16101=IFCCARTESIANPOINT((0.,0.,0.));
#16102=IFCDIRECTION((1.,0.,0.));
#16103=IFCDIRECTION((0.,1.,0.));
#16104=IFCDIRECTION((0.,0.,1.));
#16105=IFCCARTESIANTRANSFORMATIONOPERATOR3D(#16102,#16103,#16101,1.,#16104);
#16106=IFCMAPPEDITEM(#16093,#16105);
#16107=IFCSHAPEREPRESENTATION(#13,'Box','MappedRepresentation',(#16106));
#16108=IFCCARTESIANPOINTLIST2D(((-0.0018322467803955078,0.),(4.291534423828125E-06,0.94472455978393555),(0.79796981811523438,0.96426677703857422),(0.79796934127807617,-0.0004596710205078125),(-0.0018322467803955078,0.)));
#16109=IFCINDEXEDPOLYCURVE(#16108,$,$);
#16110=IFCARBITRARYCLOSEDPROFILEDEF(.AREA.,$,#16109);
#16173=IFCCARTESIANPOINT((2.7929935455322266,0.53064441680908203,0.32499998807907104));
#16174=IFCDIRECTION((0.,0.,1.));
#16175=IFCDIRECTION((1.,0.,0.));
#16176=IFCAXIS2PLACEMENT3D(#16173,#16174,#16175);
#16177=IFCLOCALPLACEMENT(#62,#16176);
#16178=IFCCARTESIANPOINT((4.3009328842163086,0.54622083902359009,1.9000000953674316));
#16179=IFCDIRECTION((0.,0.,1.));
#16180=IFCDIRECTION((1.,0.,0.));
#16181=IFCAXIS2PLACEMENT3D(#16178,#16179,#16180);
#16182=IFCLOCALPLACEMENT(#62,#16181);
#16188=IFCCARTESIANPOINT((4.3027691841125488,2.272071361541748,1.9000000953674316));
#16189=IFCDIRECTION((0.,0.,1.));
#16190=IFCDIRECTION((1.,0.,0.));
#16191=IFCAXIS2PLACEMENT3D(#16188,#16189,#16190);
#16192=IFCLOCALPLACEMENT(#62,#16191);
#16193=IFCCARTESIANPOINT((2.2952492237091064,2.2322580814361572,2.0296859741210938));
#16194=IFCDIRECTION((0.,0.,1.));
#16195=IFCDIRECTION((-0.99999999999994693,-3.2584136988587576E-07,0.));
#16196=IFCAXIS2PLACEMENT3D(#16193,#16194,#16195);
#16197=IFCLOCALPLACEMENT(#62,#16196);
#16198=IFCCARTESIANPOINT((3.3277692794799805,2.257258415222168,1.9000000953674316));
#16199=IFCDIRECTION((0.,0.,1.));
#16200=IFCDIRECTION((1.,0.,0.));
#16201=IFCAXIS2PLACEMENT3D(#16198,#16199,#16200);
#16202=IFCLOCALPLACEMENT(#62,#16201);
#16203=IFCCARTESIANPOINT((3.3277692794799805,2.257258415222168,1.9000003337860107));
#16204=IFCDIRECTION((0.,0.,1.));
#16205=IFCDIRECTION((-0.99999999999992428,-3.8941436741876494E-07,0.));
#16206=IFCAXIS2PLACEMENT3D(#16203,#16204,#16205);
#16207=IFCLOCALPLACEMENT(#62,#16206);
#16239=IFCRAILING('0bRLJC3Gj58xs8hZjZT3bl',$,'Railing',$,'FRAMELESS_PANEL',#16240,#16252,$,.USERDEFINED.);
#16240=IFCLOCALPLACEMENT(#62,#16241);
#16241=IFCAXIS2PLACEMENT3D(#16242,#16243,#16244);
#16242=IFCCARTESIANPOINT((2.2952492237091064,2.2322580814361572,2.0296859741210938));
#16243=IFCDIRECTION((0.,0.,1.));
#16244=IFCDIRECTION((-0.99999999999994693,-3.2584136988587576E-07,0.));
#16245=IFCCARTESIANPOINT((0.,0.,0.));
#16246=IFCDIRECTION((1.,0.,0.));
#16247=IFCDIRECTION((0.,1.,0.));
#16248=IFCDIRECTION((0.,0.,1.));
#16249=IFCCARTESIANTRANSFORMATIONOPERATOR3D(#16246,#16247,#16245,1.,#16248);
#16250=IFCMAPPEDITEM(#15957,#16249);
#16251=IFCSHAPEREPRESENTATION(#11,'Body','MappedRepresentation',(#16250));
#16252=IFCPRODUCTDEFINITIONSHAPE($,$,(#16251,#16588));
#16260=IFCRAILING('3byqJjoob1Oum17Ygjdbtg',$,'Railing',$,'FRAMELESS_PANEL',#16605,#16273,$,.USERDEFINED.);
#16266=IFCCARTESIANPOINT((0.,0.,0.));
#16267=IFCDIRECTION((1.,0.,0.));
#16268=IFCDIRECTION((0.,1.,0.));
#16269=IFCDIRECTION((0.,0.,1.));
#16270=IFCCARTESIANTRANSFORMATIONOPERATOR3D(#16267,#16268,#16266,1.,#16269);
#16271=IFCMAPPEDITEM(#15957,#16270);
#16272=IFCSHAPEREPRESENTATION(#11,'Body','MappedRepresentation',(#16271));
#16273=IFCPRODUCTDEFINITIONSHAPE($,$,(#16272,#16595));
#16286=IFCINDEXEDPOLYGONALFACE((2,1,18,17,16,15,14,13,12,11,10,9,8,7,6,5,4,3));
#16287=IFCINDEXEDPOLYGONALFACE((19,20,21,22,23,24,25,26,27,28,29,30,31,32,33,34,35,36));
#16288=IFCINDEXEDPOLYGONALFACE((15,16,33,32));
#16289=IFCINDEXEDPOLYGONALFACE((8,9,26,25));
#16290=IFCINDEXEDPOLYGONALFACE((1,2,19,36));
#16291=IFCINDEXEDPOLYGONALFACE((16,17,34,33));
#16292=IFCINDEXEDPOLYGONALFACE((9,10,27,26));
#16293=IFCINDEXEDPOLYGONALFACE((2,3,20,19));
#16294=IFCINDEXEDPOLYGONALFACE((17,18,35,34));
#16295=IFCINDEXEDPOLYGONALFACE((10,11,28,27));
#16296=IFCINDEXEDPOLYGONALFACE((3,4,21,20));
#16297=IFCINDEXEDPOLYGONALFACE((18,1,36,35));
#16298=IFCINDEXEDPOLYGONALFACE((11,12,29,28));
#16299=IFCINDEXEDPOLYGONALFACE((4,5,22,21));
#16300=IFCINDEXEDPOLYGONALFACE((12,13,30,29));
#16301=IFCINDEXEDPOLYGONALFACE((5,6,23,22));
#16302=IFCINDEXEDPOLYGONALFACE((13,14,31,30));
#16303=IFCINDEXEDPOLYGONALFACE((6,7,24,23));
#16304=IFCINDEXEDPOLYGONALFACE((14,15,32,31));
#16305=IFCINDEXEDPOLYGONALFACE((7,8,25,24));
#16306=IFCCARTESIANPOINTLIST3D(((0.,0.,0.),(0.,0.,0.22499999403953552),(0.18849237263202667,0.,0.22499999403953552),(0.18849237263202667,0.,0.44999998807907104),(0.37698474526405334,0.,0.44999998807907104),(0.37698474526405334,0.,0.67499995231628418),(0.56547713279724121,0.,0.67499995231628418),(0.56547713279724121,0.,0.89999997615814209),(0.75396949052810669,0.,0.89999997615814209),(0.75396949052810669,0.,1.125),(0.94246184825897217,0.,1.125),(0.94246184825897217,0.,1.3500000238418579),(1.1309542655944824,0.,1.3500000238418579),(1.1309542655944824,0.,1.5750000476837158),(1.3194466829299927,0.,1.5750000476837158),(1.3194466829299927,0.,1.8000000715255737),(1.5079391002655029,0.,1.8000000715255737),(1.5079391002655029,0.,0.),(0.,0.89999997615814209,0.22499999403953552),(0.18849237263202667,0.89999997615814209,0.22499999403953552),(0.18849237263202667,0.89999997615814209,0.44999998807907104),(0.37698474526405334,0.89999997615814209,0.44999998807907104),(0.37698474526405334,0.89999997615814209,0.67499995231628418),(0.56547713279724121,0.89999997615814209,0.67499995231628418),(0.56547713279724121,0.89999997615814209,0.89999997615814209),(0.75396949052810669,0.89999997615814209,0.89999997615814209),(0.75396949052810669,0.89999997615814209,1.125),(0.94246184825897217,0.89999997615814209,1.125),(0.94246184825897217,0.89999997615814209,1.3500000238418579),(1.1309542655944824,0.89999997615814209,1.3500000238418579),(1.1309542655944824,0.89999997615814209,1.5750000476837158),(1.3194466829299927,0.89999997615814209,1.5750000476837158),(1.3194466829299927,0.89999997615814209,1.8000000715255737),(1.5079391002655029,0.89999997615814209,1.8000000715255737),(1.5079391002655029,0.89999997615814209,0.),(0.,0.89999997615814209,0.)));
#16307=IFCPOLYGONALFACESET(#16306,.T.,(#16286,#16287,#16288,#16289,#16290,#16291,#16292,#16293,#16294,#16295,#16296,#16297,#16298,#16299,#16300,#16301,#16302,#16303,#16304,#16305),$);
#16308=IFCSHAPEREPRESENTATION(#11,'Body','Tessellation',(#16307));
#16310=IFCCARTESIANPOINT((0.,0.,0.));
#16311=IFCBOUNDINGBOX(#16310,1.5079391002655029,0.89999997615814209,1.8000000715255737);
#16312=IFCSHAPEREPRESENTATION(#13,'Box','BoundingBox',(#16311));
#16313=IFCCARTESIANPOINT((0.,0.,0.));
#16314=IFCDIRECTION((1.,0.,0.));
#16315=IFCDIRECTION((0.,0.,1.));
#16316=IFCAXIS2PLACEMENT3D(#16313,#16315,#16314);
#16317=IFCREPRESENTATIONMAP(#16316,#16312);
#16318=IFCCARTESIANPOINT((0.,0.,0.));
#16319=IFCDIRECTION((1.,0.,0.));
#16320=IFCDIRECTION((0.,1.,0.));
#16321=IFCDIRECTION((0.,0.,1.));
#16322=IFCCARTESIANTRANSFORMATIONOPERATOR3D(#16319,#16320,#16318,1.,#16321);
#16323=IFCMAPPEDITEM(#16317,#16322);
#16324=IFCSHAPEREPRESENTATION(#13,'Box','MappedRepresentation',(#16323));
#16402=IFCINDEXEDPOLYGONALFACE((16,19,18,17));
#16403=IFCINDEXEDPOLYGONALFACE((20,23,22,21));
#16404=IFCINDEXEDPOLYGONALFACE((5,11,10,4,8,9));
#16405=IFCINDEXEDPOLYGONALFACE((7,15,14,6,12,13));
#16406=IFCINDEXEDPOLYGONALFACE((15,20,21,14));
#16407=IFCINDEXEDPOLYGONALFACE((6,14,21,22,12));
#16408=IFCINDEXEDPOLYGONALFACE((9,19,16,11,5));
#16409=IFCINDEXEDPOLYGONALFACE((7,13,23,20,15));
#16410=IFCINDEXEDPOLYGONALFACE((11,16,17,10));
#16411=IFCINDEXEDPOLYGONALFACE((8,18,19,9));
#16412=IFCINDEXEDPOLYGONALFACE((12,22,23,13));
#16413=IFCINDEXEDPOLYGONALFACE((10,17,18,8,4));
#16414=IFCCARTESIANPOINTLIST3D(((-1.,-0.024229645729064941,-0.22499999403953552),(-0.29027676582336426,-0.024229645729064941,0.56249994039535522),(0.53293919563293457,-0.024229645729064941,1.5750000476837158),(-0.97500002384185791,-0.024229645729064941,-0.1972603052854538),(-0.31527677178382874,-0.024229645729064941,0.5347602367401123),(-0.26527675986289978,-0.024229645729064941,0.59324824810028076),(0.50793921947479248,-0.024229645729064941,1.5442516803741455),(-0.97500002384185791,0.00077035464346408844,-0.1972603052854538),(-0.31527677178382874,0.00077035464346408844,0.5347602367401123),(-0.97500002384185791,-0.049229644238948822,-0.1972603052854538),(-0.31527677178382874,-0.049229644238948822,0.5347602367401123),(-0.26527675986289978,0.00077035464346408844,0.59324824810028076),(0.50793921947479248,0.00077035464346408844,1.5442516803741455),(-0.26527675986289978,-0.049229644238948822,0.59324824810028076),(0.50793921947479248,-0.049229644238948822,1.5442516803741455),(-0.31527677178382874,-0.049229644238948822,1.0847601890563965),(-0.97500002384185791,-0.049229644238948822,0.35273969173431396),(-0.97500002384185791,0.00077035464346408844,0.35273969173431396),(-0.31527677178382874,0.00077035464346408844,1.0847601890563965),(0.50793921947479248,-0.049229644238948822,2.0942516326904297),(-0.26527675986289978,-0.049229644238948822,1.1432483196258545),(-0.26527675986289978,0.00077035464346408844,1.1432483196258545),(0.50793921947479248,0.00077035464346408844,2.0942516326904297)));
#16415=IFCPOLYGONALFACESET(#16414,.F.,(#16402,#16403,#16404,#16405,#16406,#16407,#16408,#16409,#16410,#16411,#16412,#16413),$);
#16416=IFCSHAPEREPRESENTATION(#11,'Body','Tessellation',(#16415));
#16418=IFCCARTESIANPOINT((-1.,-0.049229644238948822,-0.22499999403953552));
#16419=IFCBOUNDINGBOX(#16418,1.5329391956329346,0.049999997019767761,2.319251537322998);
#16420=IFCSHAPEREPRESENTATION(#13,'Box','BoundingBox',(#16419));
#16421=IFCCARTESIANPOINT((0.,0.,0.));
#16422=IFCDIRECTION((1.,0.,0.));
#16423=IFCDIRECTION((0.,0.,1.));
#16424=IFCAXIS2PLACEMENT3D(#16421,#16423,#16422);
#16425=IFCREPRESENTATIONMAP(#16424,#16420);
#16426=IFCCARTESIANPOINT((0.,0.,0.));
#16427=IFCDIRECTION((1.,0.,0.));
#16428=IFCDIRECTION((0.,1.,0.));
#16429=IFCDIRECTION((0.,0.,1.));
#16430=IFCCARTESIANTRANSFORMATIONOPERATOR3D(#16427,#16428,#16426,1.,#16429);
#16431=IFCMAPPEDITEM(#16425,#16430);
#16432=IFCSHAPEREPRESENTATION(#13,'Box','MappedRepresentation',(#16431));
#16433=IFCCARTESIANPOINT((0.,0.,0.));
#16434=IFCDIRECTION((1.,0.,0.));
#16435=IFCDIRECTION((0.,1.,0.));
#16436=IFCDIRECTION((0.,0.,1.));
#16437=IFCCARTESIANTRANSFORMATIONOPERATOR3D(#16434,#16435,#16433,1.,#16436);
#16438=IFCMAPPEDITEM(#16425,#16437);
#16439=IFCSHAPEREPRESENTATION(#13,'Box','MappedRepresentation',(#16438));
#16551=IFCINDEXEDPOLYGONALFACE((16,19,18,17));
#16552=IFCINDEXEDPOLYGONALFACE((20,23,22,21));
#16553=IFCINDEXEDPOLYGONALFACE((5,11,10,4,8,9));
#16554=IFCINDEXEDPOLYGONALFACE((7,15,14,6,12,13));
#16555=IFCINDEXEDPOLYGONALFACE((8,18,19,9));
#16556=IFCINDEXEDPOLYGONALFACE((13,23,20,15,7));
#16557=IFCINDEXEDPOLYGONALFACE((5,9,19,16,11));
#16558=IFCINDEXEDPOLYGONALFACE((12,22,23,13));
#16559=IFCINDEXEDPOLYGONALFACE((14,21,22,12,6));
#16560=IFCINDEXEDPOLYGONALFACE((15,20,21,14));
#16561=IFCINDEXEDPOLYGONALFACE((11,16,17,10));
#16562=IFCINDEXEDPOLYGONALFACE((4,10,17,18,8));
#16563=IFCCARTESIANPOINTLIST3D(((-1.0306837558746338,9.998037064917753E-09,-0.12968584895133972),(-0.29027676582336426,1.1920928955078125E-07,0.41770219802856445),(0.49961012601852417,1.0859993793133071E-08,0.97031450271606445),(-1.0056837797164917,1.3685578892363992E-08,-0.11120317131280899),(-0.31527677178382874,1.1552175038787027E-07,0.39921951293945312),(-0.26527675986289978,1.1578002556689171E-07,0.43519243597984314),(0.47461012005805969,1.4289260441557872E-08,0.95282429456710815),(-1.0056837797164917,0.025000013411045074,-0.11120317131280899),(-0.31527677178382874,0.025000115856528282,0.39921951293945312),(-1.0056837797164917,-0.024999987334012985,-0.11120317131280899),(-0.31527677178382874,-0.024999884888529778,0.39921951293945312),(-0.26527675986289978,0.025000115856528282,0.43519243597984314),(0.47461012005805969,0.025000015273690224,0.95282429456710815),(-0.26527675986289978,-0.024999884888529778,0.43519243597984314),(0.47461012005805969,-0.024999985471367836,0.95282429456710815),(-0.31527677178382874,-0.024999884888529778,0.89921951293945312),(-1.0056837797164917,-0.024999987334012985,0.38879683613777161),(-1.0056837797164917,0.025000013411045074,0.38879683613777161),(-0.31527677178382874,0.025000115856528282,0.89921951293945312),(0.47461012005805969,-0.024999985471367836,1.4528243541717529),(-0.26527675986289978,-0.024999884888529778,0.93519246578216553),(-0.26527675986289978,0.025000115856528282,0.93519246578216553),(0.47461012005805969,0.025000015273690224,1.4528243541717529)));
#16564=IFCPOLYGONALFACESET(#16563,.F.,(#16551,#16552,#16553,#16554,#16555,#16556,#16557,#16558,#16559,#16560,#16561,#16562),$);
#16565=IFCSHAPEREPRESENTATION(#11,'Body','Tessellation',(#16564));
#16567=IFCCARTESIANPOINT((-1.0306837558746338,-0.024999987334012985,-0.12968584895133972));
#16568=IFCBOUNDINGBOX(#16567,1.5302939414978027,0.050000101327896118,1.582510232925415);
#16569=IFCSHAPEREPRESENTATION(#13,'Box','BoundingBox',(#16568));
#16570=IFCCARTESIANPOINT((0.,0.,0.));
#16571=IFCDIRECTION((1.,0.,0.));
#16572=IFCDIRECTION((0.,0.,1.));
#16573=IFCAXIS2PLACEMENT3D(#16570,#16572,#16571);
#16574=IFCREPRESENTATIONMAP(#16573,#16569);
#16575=IFCCARTESIANPOINT((0.,0.,0.));
#16576=IFCDIRECTION((1.,0.,0.));
#16577=IFCDIRECTION((0.,1.,0.));
#16578=IFCDIRECTION((0.,0.,1.));
#16579=IFCCARTESIANTRANSFORMATIONOPERATOR3D(#16576,#16577,#16575,1.,#16578);
#16580=IFCMAPPEDITEM(#16574,#16579);
#16581=IFCSHAPEREPRESENTATION(#13,'Box','MappedRepresentation',(#16580));
#16582=IFCCARTESIANPOINT((0.,0.,0.));
#16583=IFCDIRECTION((1.,0.,0.));
#16584=IFCDIRECTION((0.,1.,0.));
#16585=IFCDIRECTION((0.,0.,1.));
#16586=IFCCARTESIANTRANSFORMATIONOPERATOR3D(#16583,#16584,#16582,1.,#16585);
#16587=IFCMAPPEDITEM(#16574,#16586);
#16588=IFCSHAPEREPRESENTATION(#13,'Box','MappedRepresentation',(#16587));
#16589=IFCCARTESIANPOINT((0.,0.,0.));
#16590=IFCDIRECTION((1.,0.,0.));
#16591=IFCDIRECTION((0.,1.,0.));
#16592=IFCDIRECTION((0.,0.,1.));
#16593=IFCCARTESIANTRANSFORMATIONOPERATOR3D(#16590,#16591,#16589,1.,#16592);
#16594=IFCMAPPEDITEM(#16574,#16593);
#16595=IFCSHAPEREPRESENTATION(#13,'Box','MappedRepresentation',(#16594));
#16596=IFCCARTESIANPOINT((2.7929935455322266,1.3806444406509399,0.32499998807907104));
#16597=IFCDIRECTION((0.,0.,1.));
#16598=IFCDIRECTION((1.,0.,0.));
#16599=IFCAXIS2PLACEMENT3D(#16596,#16597,#16598);
#16600=IFCLOCALPLACEMENT(#62,#16599);
#16601=IFCCARTESIANPOINT((2.2952492237091064,1.3822580575942993,2.0296859741210938));
#16602=IFCDIRECTION((0.,0.,1.));
#16603=IFCDIRECTION((-0.99999999999994693,-3.2584136988587576E-07,0.));
#16604=IFCAXIS2PLACEMENT3D(#16601,#16602,#16603);
#16605=IFCLOCALPLACEMENT(#62,#16604);
#16606=IFCOPENINGELEMENT('0z5icWmp9E4x4ZAFivnE6K',$,'Cube',$,$,#16630,#16624,$,$);
#16612=IFCINDEXEDPOLYGONALFACE((1,2,4,3));
#16613=IFCINDEXEDPOLYGONALFACE((3,4,8,7));
#16614=IFCINDEXEDPOLYGONALFACE((7,8,6,5));
#16615=IFCINDEXEDPOLYGONALFACE((5,6,2,1));
#16616=IFCINDEXEDPOLYGONALFACE((3,7,5,1));
#16617=IFCINDEXEDPOLYGONALFACE((8,4,2,6));
#16618=IFCCARTESIANPOINTLIST3D(((-1.1576757431030273,0.88560235500335693,-1.),(-1.1576757431030273,0.88560235500335693,1.),(-1.1576757431030273,-0.88560235500335693,-1.),(-1.1576757431030273,-0.88560235500335693,1.),(1.1576757431030273,0.88560235500335693,-1.),(1.1576757431030273,0.88560235500335693,1.),(1.1576757431030273,-0.88560235500335693,-1.),(1.1576757431030273,-0.88560235500335693,1.)));
#16619=IFCPOLYGONALFACESET(#16618,.T.,(#16612,#16613,#16614,#16615,#16616,#16617),$);
#16620=IFCSHAPEREPRESENTATION(#11,'Body','Tessellation',(#16619));
#16621=IFCCARTESIANPOINT((-1.1576757431030273,-0.88560235500335693,-1.));
#16622=IFCBOUNDINGBOX(#16621,2.3153514862060547,1.7712047100067139,2.);
#16623=IFCSHAPEREPRESENTATION(#13,'Box','BoundingBox',(#16622));
#16624=IFCPRODUCTDEFINITIONSHAPE($,$,(#16623,#16620));
#16625=IFCRELVOIDSELEMENT('2KKVoGbsrCbwVLMiad9qNu',$,$,$,#7287,#16606);
#16626=IFCCARTESIANPOINT((-1.257676362991333,-5.1095782518386841,0.78541660308837891));
#16627=IFCDIRECTION((0.,0.,1.));
#16628=IFCDIRECTION((1.,0.,0.));
#16629=IFCAXIS2PLACEMENT3D(#16626,#16627,#16628);
#16630=IFCLOCALPLACEMENT(#7294,#16629);
#16631=IFCRAILINGTYPE('0HfCEb$BzEo8BbibG46Edi',$,'Balcony-1',$,$,(#16632,#16634),(#16636,#16656),$,$,.USERDEFINED.);
#16632=IFCPROPERTYSET('2VnDEbK0z6oh7K8VygqdIg',$,'BBIM_Railing',$,(#16633));
#16633=IFCPROPERTYSINGLEVALUE('Data',$,IFCTEXT('{"railing_type": "FRAMELESS_PANEL", "height": 1.0, "thickness": 0.05000000074505806, "spacing": 0.05000000074505806, "path_data": {"edges": [[0, 1], [1, 2]], "verts": [[-1.0, 0.0, 0.0], [0.0, 0.0, 0.0], [0.9750000238418579, 1.967011620251924e-08, 0.0]]}}'),$);
#16634=IFCPROPERTYSET('26VpUmaCb8rBa51vU4bePr',$,'Pset_RailingCommon',$,(#16635));
#16635=IFCPROPERTYSINGLEVALUE('Height',$,IFCPOSITIVELENGTHMEASURE(1.),$);
#16636=IFCREPRESENTATIONMAP(#16637,#16641);
#16637=IFCAXIS2PLACEMENT3D(#16638,#16639,#16640);
#16638=IFCCARTESIANPOINT((0.,0.,0.));
#16639=IFCDIRECTION((0.,0.,1.));
#16640=IFCDIRECTION((1.,0.,0.));
#16641=IFCSHAPEREPRESENTATION(#11,'Body','Tessellation',(#16642));
#16642=IFCPOLYGONALFACESET(#16643,.F.,(#16644,#16645,#16646,#16647,#16648,#16649,#16650,#16651,#16652,#16653,#16654,#16655),$);
#16643=IFCCARTESIANPOINTLIST3D(((-1.,0.,0.),(0.,0.,0.),(0.97500002384185791,1.9670116202519239E-08,0.),(-0.97500002384185791,0.,0.),(-0.02500000037252903,0.,0.),(0.02500000037252903,5.0436194110048405E-10,0.),(0.95000004768371582,1.9165753428751486E-08,0.),(-0.97500002384185791,0.02500000037252903,0.),(-0.02500000037252903,0.02500000037252903,0.),(-0.97500002384185791,-0.02500000037252903,0.),(-0.02500000037252903,-0.02500000037252903,0.),(0.02500000037252903,0.02500000037252903,0.),(0.95000004768371582,0.025000018998980522,0.),(0.02500000037252903,-0.02500000037252903,0.),(0.95000004768371582,-0.024999981746077538,0.),(-0.02500000037252903,-0.02500000037252903,1.),(-0.97500002384185791,-0.02500000037252903,1.),(-0.97500002384185791,0.02500000037252903,1.),(-0.02500000037252903,0.02500000037252903,1.),(0.95000004768371582,-0.024999981746077538,1.),(0.02500000037252903,-0.02500000037252903,1.),(0.02500000037252903,0.02500000037252903,1.),(0.95000004768371582,0.025000018998980522,1.)));
#16644=IFCINDEXEDPOLYGONALFACE((16,19,18,17));
#16645=IFCINDEXEDPOLYGONALFACE((20,23,22,21));
#16646=IFCINDEXEDPOLYGONALFACE((5,11,10,4,8,9));
#16647=IFCINDEXEDPOLYGONALFACE((7,15,14,6,12,13));
#16648=IFCINDEXEDPOLYGONALFACE((11,16,17,10));
#16649=IFCINDEXEDPOLYGONALFACE((8,18,19,9));
#16650=IFCINDEXEDPOLYGONALFACE((13,23,20,15,7));
#16651=IFCINDEXEDPOLYGONALFACE((5,9,19,16,11));
#16652=IFCINDEXEDPOLYGONALFACE((12,22,23,13));
#16653=IFCINDEXEDPOLYGONALFACE((14,21,22,12,6));
#16654=IFCINDEXEDPOLYGONALFACE((15,20,21,14));
#16655=IFCINDEXEDPOLYGONALFACE((4,10,17,18,8));
#16656=IFCREPRESENTATIONMAP(#16657,#16661);
#16657=IFCAXIS2PLACEMENT3D(#16658,#16659,#16660);
#16658=IFCCARTESIANPOINT((0.,0.,0.));
#16659=IFCDIRECTION((0.,0.,1.));
#16660=IFCDIRECTION((1.,0.,0.));
#16661=IFCSHAPEREPRESENTATION(#13,'Box','BoundingBox',(#16662));
#16662=IFCBOUNDINGBOX(#16663,1.9750000238418579,0.050000019371509552,1.);
#16663=IFCCARTESIANPOINT((-1.,-0.02500000037252903,0.));
#16923=IFCRAILINGTYPE('38Ip9BOe16mPKLLKlRjDos',$,'Stairs-2-2F',$,$,(#16924,#16926),(#16928,#17736),$,$,.USERDEFINED.);
#16924=IFCPROPERTYSET('14pvat3Nj7gAcbToY0o0rI',$,'BBIM_Railing',$,(#16925));
#16925=IFCPROPERTYSINGLEVALUE('Data',$,IFCTEXT('{"railing_type": "FRAMELESS_PANEL", "height": 0.5, "thickness": 0.05000000074505806, "spacing": 0.05000000074505806, "path_data": {"edges": [[0, 1], [1, 2]], "verts": [[-1.3766851425170898, -4.447272416996384e-08, 0.0], [-0.20767682790756226, -2.0726057314846003e-08, 0.0], [0.9750000238418579, 1.967011620251924e-08, 0.0]]}}'),$);
#16926=IFCPROPERTYSET('0c9Nkz7sbBrv7Mq1bVbuk_',$,'Pset_RailingCommon',$,(#16927));
#16927=IFCPROPERTYSINGLEVALUE('Height',$,IFCPOSITIVELENGTHMEASURE(0.5),$);
#16928=IFCREPRESENTATIONMAP(#16929,#17727);
#16929=IFCAXIS2PLACEMENT3D(#16930,#16931,#16932);
#16930=IFCCARTESIANPOINT((0.,0.,0.));
#16931=IFCDIRECTION((0.,0.,1.));
#16932=IFCDIRECTION((1.,0.,0.));
#17033=IFCRAILINGTYPE('2x8UEjzGX4NOzWjJNB2XO4',$,'Stairs-1-2F',$,$,(#17034,#17036),(#17065,#17674),$,$,.USERDEFINED.);
#17034=IFCPROPERTYSET('1IrFdrV3P8RRZGyt96K2jK',$,'BBIM_Railing',$,(#17035));
#17035=IFCPROPERTYSINGLEVALUE('Data',$,IFCTEXT('{"railing_type": "FRAMELESS_PANEL", "height": 0.5, "thickness": 0.05000000074505806, "spacing": 0.05000000074505806, "path_data": {"edges": [[0, 1]], "verts": [[-1.0, 0.0, 0.0], [-0.022504156455397606, 9.836875758395536e-10, 0.0]]}}'),$);
#17036=IFCPROPERTYSET('3lBNxqi8H6exNbgZSgFXyk',$,'Pset_RailingCommon',$,(#17037));
#17037=IFCPROPERTYSINGLEVALUE('Height',$,IFCPOSITIVELENGTHMEASURE(0.5),$);
#17061=IFCCARTESIANPOINT((0.,0.,0.));
#17062=IFCDIRECTION((1.,0.,0.));
#17063=IFCDIRECTION((0.,0.,1.));
#17064=IFCAXIS2PLACEMENT3D(#17061,#17063,#17062);
#17065=IFCREPRESENTATIONMAP(#17064,#17665);
#17111=IFCRELDEFINESBYTYPE('0Tv1FRbJ98k9AraQk5YETM',$,$,$,(#17206),#17033);
#17206=IFCRAILING('3f$yVbokz2PfDBNbxo7Srf',$,'Railing',$,'FRAMELESS_PANEL',#17524,#17214,$,.USERDEFINED.);
#17207=IFCCARTESIANPOINT((0.,0.,0.));
#17208=IFCDIRECTION((1.,0.,0.));
#17209=IFCDIRECTION((0.,1.,0.));
#17210=IFCDIRECTION((0.,0.,1.));
#17211=IFCCARTESIANTRANSFORMATIONOPERATOR3D(#17208,#17209,#17207,1.,#17210);
#17212=IFCMAPPEDITEM(#17065,#17211);
#17213=IFCSHAPEREPRESENTATION(#11,'Body','MappedRepresentation',(#17212));
#17214=IFCPRODUCTDEFINITIONSHAPE($,$,(#17213,#17681));
#17472=IFCRAILING('1pnDfW8Ov4Nfthy3GyyD80',$,'Railing',$,$,#17498,#17481,$,$);
#17473=IFCRELDEFINESBYTYPE('32ze1VLRr3YvjhNhMwjXOK',$,$,$,(#17472,#17499),#16631);
#17474=IFCCARTESIANPOINT((0.,0.,0.));
#17475=IFCDIRECTION((1.,0.,0.));
#17476=IFCDIRECTION((0.,1.,0.));
#17477=IFCDIRECTION((0.,0.,1.));
#17478=IFCCARTESIANTRANSFORMATIONOPERATOR3D(#17475,#17476,#17474,1.,#17477);
#17479=IFCMAPPEDITEM(#16636,#17478);
#17480=IFCSHAPEREPRESENTATION(#11,'Body','MappedRepresentation',(#17479));
#17481=IFCPRODUCTDEFINITIONSHAPE($,$,(#17480,#17488));
#17482=IFCCARTESIANPOINT((0.,0.,0.));
#17483=IFCDIRECTION((1.,0.,0.));
#17484=IFCDIRECTION((0.,1.,0.));
#17485=IFCDIRECTION((0.,0.,1.));
#17486=IFCCARTESIANTRANSFORMATIONOPERATOR3D(#17483,#17484,#17482,1.,#17485);
#17487=IFCMAPPEDITEM(#16656,#17486);
#17488=IFCSHAPEREPRESENTATION(#13,'Box','MappedRepresentation',(#17487));
#17494=IFCCARTESIANPOINT((0.8680342435836792,-3.1301441192626953,0.));
#17495=IFCDIRECTION((0.,0.,1.));
#17496=IFCDIRECTION((1.,0.,0.));
#17497=IFCAXIS2PLACEMENT3D(#17494,#17495,#17496);
#17498=IFCLOCALPLACEMENT(#6235,#17497);
#17499=IFCRAILING('3iLjmNS3D2evuGa_uTO6Zo',$,'Railing',$,$,#17529,#17512,$,$);
#17505=IFCCARTESIANPOINT((0.,0.,0.));
#17506=IFCDIRECTION((1.,0.,0.));
#17507=IFCDIRECTION((0.,1.,0.));
#17508=IFCDIRECTION((0.,0.,1.));
#17509=IFCCARTESIANTRANSFORMATIONOPERATOR3D(#17506,#17507,#17505,1.,#17508);
#17510=IFCMAPPEDITEM(#16636,#17509);
#17511=IFCSHAPEREPRESENTATION(#11,'Body','MappedRepresentation',(#17510));
#17512=IFCPRODUCTDEFINITIONSHAPE($,$,(#17511,#17519));
#17513=IFCCARTESIANPOINT((0.,0.,0.));
#17514=IFCDIRECTION((1.,0.,0.));
#17515=IFCDIRECTION((0.,1.,0.));
#17516=IFCDIRECTION((0.,0.,1.));
#17517=IFCCARTESIANTRANSFORMATIONOPERATOR3D(#17514,#17515,#17513,1.,#17516);
#17518=IFCMAPPEDITEM(#16656,#17517);
#17519=IFCSHAPEREPRESENTATION(#13,'Box','MappedRepresentation',(#17518));
#17520=IFCCARTESIANPOINT((1.8103824853897095,1.4569708108901978,0.));
#17521=IFCDIRECTION((0.,0.,1.));
#17522=IFCDIRECTION((-4.3711388286737889E-08,0.99999999999999911,0.));
#17523=IFCAXIS2PLACEMENT3D(#17520,#17521,#17522);
#17524=IFCLOCALPLACEMENT(#6235,#17523);
#17525=IFCCARTESIANPOINT((-1.1306999921798706,-3.1301436424255371,0.));
#17526=IFCDIRECTION((0.,0.,1.));
#17527=IFCDIRECTION((1.,0.,0.));
#17528=IFCAXIS2PLACEMENT3D(#17525,#17526,#17527);
#17529=IFCLOCALPLACEMENT(#6235,#17528);
#17635=IFCRAILING('0OPLqpJJz3IgllM8KfDOeA',$,'Railing',$,'FRAMELESS_PANEL',#17748,#17644,$,.USERDEFINED.);
#17636=IFCRELDEFINESBYTYPE('0SpOltpjz3aviyTNaRfDIv',$,$,$,(#17635),#16923);
#17637=IFCCARTESIANPOINT((0.,0.,0.));
#17638=IFCDIRECTION((1.,0.,0.));
#17639=IFCDIRECTION((0.,1.,0.));
#17640=IFCDIRECTION((0.,0.,1.));
#17641=IFCCARTESIANTRANSFORMATIONOPERATOR3D(#17638,#17639,#17637,1.,#17640);
#17642=IFCMAPPEDITEM(#16928,#17641);
#17643=IFCSHAPEREPRESENTATION(#11,'Body','MappedRepresentation',(#17642));
#17644=IFCPRODUCTDEFINITIONSHAPE($,$,(#17643,#17743));
#17657=IFCINDEXEDPOLYGONALFACE((9,12,11,10));
#17658=IFCINDEXEDPOLYGONALFACE((8,9,10,7));
#17659=IFCINDEXEDPOLYGONALFACE((4,8,7,3,5,6));
#17660=IFCINDEXEDPOLYGONALFACE((4,6,12,9,8));
#17661=IFCINDEXEDPOLYGONALFACE((5,11,12,6));
#17662=IFCINDEXEDPOLYGONALFACE((3,7,10,11,5));
#17663=IFCCARTESIANPOINTLIST3D(((-1.,0.,0.),(-0.022504156455397606,9.8368757583955357E-10,0.),(-0.97500002384185791,2.5158356301013818E-11,0.),(-0.047504156827926636,9.5852925596773275E-10,0.),(-0.97500002384185791,0.02500000037252903,0.),(-0.047504156827926636,0.025000002235174179,0.),(-0.97500002384185791,-0.02500000037252903,0.),(-0.047504156827926636,-0.024999998509883881,0.),(-0.047504156827926636,-0.024999998509883881,0.5),(-0.97500002384185791,-0.02500000037252903,0.5),(-0.97500002384185791,0.02500000037252903,0.5),(-0.047504156827926636,0.025000002235174179,0.5)));
#17664=IFCPOLYGONALFACESET(#17663,.F.,(#17657,#17658,#17659,#17660,#17661,#17662),$);
#17665=IFCSHAPEREPRESENTATION(#11,'Body','Tessellation',(#17664));
#17667=IFCCARTESIANPOINT((-1.,-0.02500000037252903,0.));
#17668=IFCBOUNDINGBOX(#17667,0.97749584913253784,0.050000004470348358,0.5);
#17669=IFCSHAPEREPRESENTATION(#13,'Box','BoundingBox',(#17668));
#17670=IFCCARTESIANPOINT((0.,0.,0.));
#17671=IFCDIRECTION((1.,0.,0.));
#17672=IFCDIRECTION((0.,0.,1.));
#17673=IFCAXIS2PLACEMENT3D(#17670,#17672,#17671);
#17674=IFCREPRESENTATIONMAP(#17673,#17669);
#17675=IFCCARTESIANPOINT((0.,0.,0.));
#17676=IFCDIRECTION((1.,0.,0.));
#17677=IFCDIRECTION((0.,1.,0.));
#17678=IFCDIRECTION((0.,0.,1.));
#17679=IFCCARTESIANTRANSFORMATIONOPERATOR3D(#17676,#17677,#17675,1.,#17678);
#17680=IFCMAPPEDITEM(#17674,#17679);
#17681=IFCSHAPEREPRESENTATION(#13,'Box','MappedRepresentation',(#17680));
#17713=IFCINDEXEDPOLYGONALFACE((16,19,18,17));
#17714=IFCINDEXEDPOLYGONALFACE((20,23,22,21));
#17715=IFCINDEXEDPOLYGONALFACE((5,11,10,4,8,9));
#17716=IFCINDEXEDPOLYGONALFACE((7,15,14,6,12,13));
#17717=IFCINDEXEDPOLYGONALFACE((11,16,17,10));
#17718=IFCINDEXEDPOLYGONALFACE((8,18,19,9));
#17719=IFCINDEXEDPOLYGONALFACE((13,23,20,15,7));
#17720=IFCINDEXEDPOLYGONALFACE((5,9,19,16,11));
#17721=IFCINDEXEDPOLYGONALFACE((12,22,23,13));
#17722=IFCINDEXEDPOLYGONALFACE((14,21,22,12,6));
#17723=IFCINDEXEDPOLYGONALFACE((15,20,21,14));
#17724=IFCINDEXEDPOLYGONALFACE((4,10,17,18,8));
#17725=IFCCARTESIANPOINTLIST3D(((-1.3766851425170898,-4.447272416996384E-08,0.),(-0.20767682790756226,-2.0726057314846003E-08,0.),(0.97500002384185791,1.9670116202519239E-08,0.),(-1.3516851663589478,-4.3964885065861381E-08,0.),(-0.23267683386802673,-2.1233894642591622E-08,0.),(-0.18267682194709778,-1.9872143042221069E-08,0.),(0.95000004768371582,1.8816201929894305E-08,0.),(-1.3516851663589478,0.024999955669045448,0.),(-0.23267683386802673,0.024999979883432388,0.),(-1.3516851663589478,-0.025000045076012611,0.),(-0.23267683386802673,-0.025000020861625671,0.),(-0.18267682194709778,0.024999979883432388,0.),(0.95000004768371582,0.025000018998980522,0.),(-0.18267682194709778,-0.025000020861625671,0.),(0.95000004768371582,-0.024999981746077538,0.),(-0.23267683386802673,-0.025000020861625671,0.5),(-1.3516851663589478,-0.025000045076012611,0.5),(-1.3516851663589478,0.024999955669045448,0.5),(-0.23267683386802673,0.024999979883432388,0.5),(0.95000004768371582,-0.024999981746077538,0.5),(-0.18267682194709778,-0.025000020861625671,0.5),(-0.18267682194709778,0.024999979883432388,0.5),(0.95000004768371582,0.025000018998980522,0.5)));
#17726=IFCPOLYGONALFACESET(#17725,.F.,(#17713,#17714,#17715,#17716,#17717,#17718,#17719,#17720,#17721,#17722,#17723,#17724),$);
#17727=IFCSHAPEREPRESENTATION(#11,'Body','Tessellation',(#17726));
#17729=IFCCARTESIANPOINT((-1.3766851425170898,-0.025000045076012611,0.));
#17730=IFCBOUNDINGBOX(#17729,2.3516850471496582,0.050000064074993134,0.5);
#17731=IFCSHAPEREPRESENTATION(#13,'Box','BoundingBox',(#17730));
#17732=IFCCARTESIANPOINT((0.,0.,0.));
#17733=IFCDIRECTION((1.,0.,0.));
#17734=IFCDIRECTION((0.,0.,1.));
#17735=IFCAXIS2PLACEMENT3D(#17732,#17734,#17733);
#17736=IFCREPRESENTATIONMAP(#17735,#17731);
#17737=IFCCARTESIANPOINT((0.,0.,0.));
#17738=IFCDIRECTION((1.,0.,0.));
#17739=IFCDIRECTION((0.,1.,0.));
#17740=IFCDIRECTION((0.,0.,1.));
#17741=IFCCARTESIANTRANSFORMATIONOPERATOR3D(#17738,#17739,#17737,1.,#17740);
#17742=IFCMAPPEDITEM(#17736,#17741);
#17743=IFCSHAPEREPRESENTATION(#13,'Box','MappedRepresentation',(#17742));
#17744=IFCCARTESIANPOINT((3.1757347583770752,2.2708797454833984,0.));
#17745=IFCDIRECTION((0.,0.,1.));
#17746=IFCDIRECTION((1.,0.,0.));
#17747=IFCAXIS2PLACEMENT3D(#17744,#17745,#17746);
#17748=IFCLOCALPLACEMENT(#6235,#17747);
#17788=IFCINDEXEDPOLYGONALFACE((2,1,18,17,16,15,14,13,12,11,10,9,8,7,6,5,4,3));
#17789=IFCINDEXEDPOLYGONALFACE((19,20,21,22,23,24,25,26,27,28,29,30,31,32,33,34,35,36));
#17790=IFCINDEXEDPOLYGONALFACE((15,16,33,32));
#17791=IFCINDEXEDPOLYGONALFACE((8,9,26,25));
#17792=IFCINDEXEDPOLYGONALFACE((1,2,19,36));
#17793=IFCINDEXEDPOLYGONALFACE((16,17,34,33));
#17794=IFCINDEXEDPOLYGONALFACE((9,10,27,26));
#17795=IFCINDEXEDPOLYGONALFACE((2,3,20,19));
#17796=IFCINDEXEDPOLYGONALFACE((17,18,35,34));
#17797=IFCINDEXEDPOLYGONALFACE((10,11,28,27));
#17798=IFCINDEXEDPOLYGONALFACE((3,4,21,20));
#17799=IFCINDEXEDPOLYGONALFACE((18,1,36,35));
#17800=IFCINDEXEDPOLYGONALFACE((11,12,29,28));
#17801=IFCINDEXEDPOLYGONALFACE((4,5,22,21));
#17802=IFCINDEXEDPOLYGONALFACE((12,13,30,29));
#17803=IFCINDEXEDPOLYGONALFACE((5,6,23,22));
#17804=IFCINDEXEDPOLYGONALFACE((13,14,31,30));
#17805=IFCINDEXEDPOLYGONALFACE((6,7,24,23));
#17806=IFCINDEXEDPOLYGONALFACE((14,15,32,31));
#17807=IFCINDEXEDPOLYGONALFACE((7,8,25,24));
#17808=IFCCARTESIANPOINTLIST3D(((0.,0.,0.),(0.,0.,0.13750000298023224),(0.18849237263202667,0.,0.13750000298023224),(0.18849237263202667,0.,0.27500000596046448),(0.37698474526405334,0.,0.27500000596046448),(0.37698474526405334,0.,0.41250002384185791),(0.56547713279724121,0.,0.41250002384185791),(0.56547713279724121,0.,0.55000001192092896),(0.75396949052810669,0.,0.55000001192092896),(0.75396949052810669,0.,0.6875),(0.94246184825897217,0.,0.6875),(0.94246184825897217,0.,0.82499998807907104),(1.1309542655944824,0.,0.82499998807907104),(1.1309542655944824,0.,0.96249997615814209),(1.3194466829299927,0.,0.96249997615814209),(1.3194466829299927,0.,1.1000000238418579),(1.5079391002655029,0.,1.1000000238418579),(1.5079391002655029,0.,0.),(0.,0.89999997615814209,0.13750000298023224),(0.18849237263202667,0.89999997615814209,0.13750000298023224),(0.18849237263202667,0.89999997615814209,0.27500000596046448),(0.37698474526405334,0.89999997615814209,0.27500000596046448),(0.37698474526405334,0.89999997615814209,0.41250002384185791),(0.56547713279724121,0.89999997615814209,0.41250002384185791),(0.56547713279724121,0.89999997615814209,0.55000001192092896),(0.75396949052810669,0.89999997615814209,0.55000001192092896),(0.75396949052810669,0.89999997615814209,0.6875),(0.94246184825897217,0.89999997615814209,0.6875),(0.94246184825897217,0.89999997615814209,0.82499998807907104),(1.1309542655944824,0.89999997615814209,0.82499998807907104),(1.1309542655944824,0.89999997615814209,0.96249997615814209),(1.3194466829299927,0.89999997615814209,0.96249997615814209),(1.3194466829299927,0.89999997615814209,1.1000000238418579),(1.5079391002655029,0.89999997615814209,1.1000000238418579),(1.5079391002655029,0.89999997615814209,0.),(0.,0.89999997615814209,0.)));
#17809=IFCPOLYGONALFACESET(#17808,.T.,(#17788,#17789,#17790,#17791,#17792,#17793,#17794,#17795,#17796,#17797,#17798,#17799,#17800,#17801,#17802,#17803,#17804,#17805,#17806,#17807),$);
#17810=IFCSHAPEREPRESENTATION(#11,'Body','Tessellation',(#17809));
#17812=IFCCARTESIANPOINT((0.,0.,0.));
#17813=IFCBOUNDINGBOX(#17812,1.5079391002655029,0.89999997615814209,1.1000000238418579);
#17814=IFCSHAPEREPRESENTATION(#13,'Box','BoundingBox',(#17813));
#17815=IFCCARTESIANPOINT((0.,0.,0.));
#17816=IFCDIRECTION((1.,0.,0.));
#17817=IFCDIRECTION((0.,0.,1.));
#17818=IFCAXIS2PLACEMENT3D(#17815,#17817,#17816);
#17819=IFCREPRESENTATIONMAP(#17818,#17814);
#17820=IFCCARTESIANPOINT((0.,0.,0.));
#17821=IFCDIRECTION((1.,0.,0.));
#17822=IFCDIRECTION((0.,1.,0.));
#17823=IFCDIRECTION((0.,0.,1.));
#17824=IFCCARTESIANTRANSFORMATIONOPERATOR3D(#17821,#17822,#17820,1.,#17823);
#17825=IFCMAPPEDITEM(#17819,#17824);
#17826=IFCSHAPEREPRESENTATION(#13,'Box','MappedRepresentation',(#17825));
#17827=IFCCOLUMNTYPE('2pOPwa1jz3XQ6tDDoPawYv',$,'Unnamed',$,$,$,$,$,$,.COLUMN.);
#17828=IFCRECTANGLEPROFILEDEF(.AREA.,'New Profile',$,0.5,0.5);
#17829=IFCMATERIALPROFILESET($,$,(#17831),$);
#17830=IFCRELASSOCIATESMATERIAL('0AUzQinET14vsi72ffapf_',$,$,$,(#17827),#17829);
#17831=IFCMATERIALPROFILE($,$,#81,#17828,$,$);
#17832=IFCCOLUMN('0aG0t8kN51VAJxFmXL4mqe',$,'Column',$,$,#17840,#17844,$,$);
#17833=IFCRELDEFINESBYTYPE('1FF0R4BhT1mA23GEt_6Qrc',$,$,$,(#18036,#18102,#17855,#20159,#19347,#18161,#19413,#19435,#17877,#19875,#17832,#18242,#18264,#19787,#19809,#17992,#18058,#18080,#19369,#19897,#19831,#19853,#18014,#20186),#17827);
#17834=IFCMATERIALPROFILESETUSAGE(#17829,5,$);
#17835=IFCRELASSOCIATESMATERIAL('3P1AjPySv1AOZE1He5QhoI',$,$,$,(#17832),#17834);
#17836=IFCCARTESIANPOINT((0.22573362290859222,-2.5801441669464111,0.));
#17837=IFCDIRECTION((0.,0.,1.));
#17838=IFCDIRECTION((1.,0.,0.));
#17839=IFCAXIS2PLACEMENT3D(#17836,#17837,#17838);
#17840=IFCLOCALPLACEMENT(#62,#17839);
#17844=IFCPRODUCTDEFINITIONSHAPE($,$,(#18528,#18535));
#17852=IFCPROPERTYSET('0nYNBHBpnBOPlkaTmLwQWt',$,'EPset_Parametric',$,(#17854));
#17853=IFCRELDEFINESBYPROPERTIES('2WzdnEs59Fpv9js6iXChzs',$,$,$,(#17832),#17852);
#17854=IFCPROPERTYSINGLEVALUE('Engine',$,IFCLABEL('Bonsai.DumbProfile'),$);
#17855=IFCCOLUMN('2$FNz_eCTEp8tecliOZOCV',$,'Column',$,$,#17862,#17866,$,$);
#17856=IFCMATERIALPROFILESETUSAGE(#17829,5,$);
#17857=IFCRELASSOCIATESMATERIAL('0k8Ptuc0zBiAZxAB6hSW0_',$,$,$,(#17855),#17856);
#17858=IFCCARTESIANPOINT((4.225733757019043,-2.5801441669464111,0.));
#17859=IFCDIRECTION((0.,0.,1.));
#17860=IFCDIRECTION((1.,0.,0.));
#17861=IFCAXIS2PLACEMENT3D(#17858,#17859,#17860);
#17862=IFCLOCALPLACEMENT(#62,#17861);
#17866=IFCPRODUCTDEFINITIONSHAPE($,$,(#18438,#18445));
#17874=IFCPROPERTYSET('0lV_VE4Q9CjBbcs8Db11Qv',$,'EPset_Parametric',$,(#17876));
#17875=IFCRELDEFINESBYPROPERTIES('1zyRV2vlb4Hh7BZaW69fYF',$,$,$,(#17855),#17874);
#17876=IFCPROPERTYSINGLEVALUE('Engine',$,IFCLABEL('Bonsai.DumbProfile'),$);
#17877=IFCCOLUMN('3HT8XJ42LBpQMLm$3KMS52',$,'Column',$,$,#17884,#17888,$,$);
#17878=IFCMATERIALPROFILESETUSAGE(#17829,5,$);
#17879=IFCRELASSOCIATESMATERIAL('23GIYz3JX50BymzuP96dfS',$,$,$,(#17877),#17878);
#17880=IFCCARTESIANPOINT((4.2257356643676758,6.4698562622070312,0.));
#17881=IFCDIRECTION((0.,0.,1.));
#17882=IFCDIRECTION((1.,0.,0.));
#17883=IFCAXIS2PLACEMENT3D(#17880,#17881,#17882);
#17884=IFCLOCALPLACEMENT(#62,#17883);
#17888=IFCPRODUCTDEFINITIONSHAPE($,$,(#18518,#18525));
#17896=IFCPROPERTYSET('1Mdvl$yXX1UgLZgJWaC4N1',$,'EPset_Parametric',$,(#17898));
#17897=IFCRELDEFINESBYPROPERTIES('3YzdxI_49BsBTZt8MlhDZk',$,$,$,(#17877),#17896);
#17898=IFCPROPERTYSINGLEVALUE('Engine',$,IFCLABEL('Bonsai.DumbProfile'),$);
#17992=IFCCOLUMN('09gOhQ7UH35hbvDxiW2gjR',$,'Column',$,$,#17993,#18003,$,$);
#17993=IFCLOCALPLACEMENT(#62,#17994);
#17994=IFCAXIS2PLACEMENT3D(#17995,#17996,#17997);
#17995=IFCCARTESIANPOINT((-2.7742652893066406,5.0198569297790527,0.));
#17996=IFCDIRECTION((0.,0.,1.));
#17997=IFCDIRECTION((1.,0.,0.));
#17998=IFCRELDEFINESBYPROPERTIES('0nz1U3Jk14OglZ0RjlsVM5',$,$,$,(#17992),#17999);
#17999=IFCPROPERTYSET('3t9_eNMov6zBuL1wOiJf0u',$,'EPset_Parametric',$,(#18000));
#18000=IFCPROPERTYSINGLEVALUE('Engine',$,IFCLABEL('Bonsai.DumbProfile'),$);
#18001=IFCRELASSOCIATESMATERIAL('3ls7J02jz1YQ86mkthf5rO',$,$,$,(#17992),#18002);
#18002=IFCMATERIALPROFILESETUSAGE(#17829,5,$);
#18003=IFCPRODUCTDEFINITIONSHAPE($,$,(#18448,#18455));
#18014=IFCCOLUMN('2OsLQElN94igzt4HJ88dB$',$,'Column',$,$,#18015,#18025,$,$);
#18015=IFCLOCALPLACEMENT(#62,#18016);
#18016=IFCAXIS2PLACEMENT3D(#18017,#18018,#18019);
#18017=IFCCARTESIANPOINT((-2.7742648124694824,-0.13014411926269531,0.));
#18018=IFCDIRECTION((0.,0.,1.));
#18019=IFCDIRECTION((1.,0.,0.));
#18020=IFCRELDEFINESBYPROPERTIES('1vjj_WYfL4NgXec5O1AX1T',$,$,$,(#18014),#18021);
#18021=IFCPROPERTYSET('0g1jpRfHXDqfuM8ic0Gp8u',$,'EPset_Parametric',$,(#18022));
#18022=IFCPROPERTYSINGLEVALUE('Engine',$,IFCLABEL('Bonsai.DumbProfile'),$);
#18023=IFCRELASSOCIATESMATERIAL('1UZaJS3dj9jeWDi3kJc2iT',$,$,$,(#18014),#18024);
#18024=IFCMATERIALPROFILESETUSAGE(#17829,5,$);
#18025=IFCPRODUCTDEFINITIONSHAPE($,$,(#18538,#18545));
#18036=IFCCOLUMN('092qPr4Uz2TBlYb9_C1lII',$,'Column',$,$,#18037,#18047,$,$);
#18037=IFCLOCALPLACEMENT(#62,#18038);
#18038=IFCAXIS2PLACEMENT3D(#18039,#18040,#18041);
#18039=IFCCARTESIANPOINT((-2.7742652893066406,2.6198563575744629,0.));
#18040=IFCDIRECTION((0.,0.,1.));
#18041=IFCDIRECTION((1.,0.,0.));
#18042=IFCRELDEFINESBYPROPERTIES('3l39Q8I3bAoQN8EWtCLeB8',$,$,$,(#18036),#18043);
#18043=IFCPROPERTYSET('20UfIdwLj2Nugvn94XLH3B',$,'EPset_Parametric',$,(#18044));
#18044=IFCPROPERTYSINGLEVALUE('Engine',$,IFCLABEL('Bonsai.DumbProfile'),$);
#18045=IFCRELASSOCIATESMATERIAL('0ydSKSHyLAU9R$mj6We7n3',$,$,$,(#18036),#18046);
#18046=IFCMATERIALPROFILESETUSAGE(#17829,5,$);
#18047=IFCPRODUCTDEFINITIONSHAPE($,$,(#18458,#18465));
#18058=IFCCOLUMN('2l3ukINR1DBPtvOcv9$C$G',$,'Column',$,$,#18128,#18069,$,$);
#18064=IFCRELDEFINESBYPROPERTIES('0GruUszE5FEQrKo4ogypWX',$,$,$,(#18058),#18065);
#18065=IFCPROPERTYSET('0yV_dHqF1BZe5wCQ1YX1kj',$,'EPset_Parametric',$,(#18066));
#18066=IFCPROPERTYSINGLEVALUE('Engine',$,IFCLABEL('Bonsai.DumbProfile'),$);
#18067=IFCRELASSOCIATESMATERIAL('2vaLmzNbT9hPXwsFAHzyLO',$,$,$,(#18058),#18068);
#18068=IFCMATERIALPROFILESETUSAGE(#17829,5,$);
#18069=IFCPRODUCTDEFINITIONSHAPE($,$,(#18488,#18495));
#18080=IFCCOLUMN('34gypmbtn3pfFpw34kh9xY',$,'Column',$,$,#18133,#18091,$,$);
#18086=IFCRELASSOCIATESMATERIAL('3dM1i2sVv0oBTBJxCG3f_B',$,$,$,(#18080),#18087);
#18087=IFCMATERIALPROFILESETUSAGE(#17829,5,$);
#18088=IFCRELDEFINESBYPROPERTIES('2zLpo_ypb3H89QIq0veEQt',$,$,$,(#18080),#18089);
#18089=IFCPROPERTYSET('1fYyfOGez3HvY4P83VsHq0',$,'EPset_Parametric',$,(#18090));
#18090=IFCPROPERTYSINGLEVALUE('Engine',$,IFCLABEL('Bonsai.DumbProfile'),$);
#18091=IFCPRODUCTDEFINITIONSHAPE($,$,(#18478,#18485));
#18102=IFCCOLUMN('0HEPPoNd11sxNXEXrFTjK0',$,'Column',$,$,#18138,#18113,$,$);
#18108=IFCRELDEFINESBYPROPERTIES('3JUoZjexTDFwA5iwMFt59i',$,$,$,(#18102),#18109);
#18109=IFCPROPERTYSET('0ueGltNeD71OPYJyVNZRfc',$,'EPset_Parametric',$,(#18110));
#18110=IFCPROPERTYSINGLEVALUE('Engine',$,IFCLABEL('Bonsai.DumbProfile'),$);
#18111=IFCRELASSOCIATESMATERIAL('10xeqz$KjEsQGM8agAoxTb',$,$,$,(#18102),#18112);
#18112=IFCMATERIALPROFILESETUSAGE(#17829,5,$);
#18113=IFCPRODUCTDEFINITIONSHAPE($,$,(#18498,#18505));
#18124=IFCCARTESIANPOINT((4.2257356643676758,5.0198569297790527,0.));
#18125=IFCDIRECTION((0.,0.,1.));
#18126=IFCDIRECTION((1.,0.,0.));
#18127=IFCAXIS2PLACEMENT3D(#18124,#18125,#18126);
#18128=IFCLOCALPLACEMENT(#62,#18127);
#18129=IFCCARTESIANPOINT((4.225736141204834,-0.13014411926269531,0.));
#18130=IFCDIRECTION((0.,0.,1.));
#18131=IFCDIRECTION((1.,0.,0.));
#18132=IFCAXIS2PLACEMENT3D(#18129,#18130,#18131);
#18133=IFCLOCALPLACEMENT(#62,#18132);
#18134=IFCCARTESIANPOINT((4.2257356643676758,2.6198563575744629,0.));
#18135=IFCDIRECTION((0.,0.,1.));
#18136=IFCDIRECTION((1.,0.,0.));
#18137=IFCAXIS2PLACEMENT3D(#18134,#18135,#18136);
#18138=IFCLOCALPLACEMENT(#62,#18137);
#18161=IFCCOLUMN('20NQjlG1r6r8NNmRXs$uxt',$,'Column',$,$,#18214,#18172,$,$);
#18167=IFCRELDEFINESBYPROPERTIES('0aLvINttnA_gnz6SrfXe6p',$,$,$,(#18161),#18168);
#18168=IFCPROPERTYSET('1_jQMNvuj4gxVHEBcbZ2Sj',$,'EPset_Parametric',$,(#18169));
#18169=IFCPROPERTYSINGLEVALUE('Engine',$,IFCLABEL('Bonsai.DumbProfile'),$);
#18170=IFCRELASSOCIATESMATERIAL('20AnhUUtnDKe7QLyKgNHIY',$,$,$,(#18161),#18171);
#18171=IFCMATERIALPROFILESETUSAGE(#17829,5,$);
#18172=IFCPRODUCTDEFINITIONSHAPE($,$,(#18428,#18435));
#18210=IFCCARTESIANPOINT((0.22573362290859222,5.0198574066162109,0.));
#18211=IFCDIRECTION((0.,0.,1.));
#18212=IFCDIRECTION((1.,0.,0.));
#18213=IFCAXIS2PLACEMENT3D(#18210,#18211,#18212);
#18214=IFCLOCALPLACEMENT(#62,#18213);
#18242=IFCCOLUMN('3C3DRua9rD_AVgvaEUmhcM',$,'Column',$,$,#18290,#18253,$,$);
#18248=IFCRELDEFINESBYPROPERTIES('0HbpNsptD5sARuohQyxbAG',$,$,$,(#18242),#18249);
#18249=IFCPROPERTYSET('1kw3s44e9DKQqNcl8$l4Ba',$,'EPset_Parametric',$,(#18250));
#18250=IFCPROPERTYSINGLEVALUE('Engine',$,IFCLABEL('Bonsai.DumbProfile'),$);
#18251=IFCRELASSOCIATESMATERIAL('2sMqjTYrPDYvq1kLsFvhxW',$,$,$,(#18242),#18252);
#18252=IFCMATERIALPROFILESETUSAGE(#17829,5,$);
#18253=IFCPRODUCTDEFINITIONSHAPE($,$,(#18508,#18515));
#18264=IFCCOLUMN('3E$b$s9zXB9hVpqaa47ZIV',$,'Column',$,$,#18295,#18275,$,$);
#18270=IFCRELDEFINESBYPROPERTIES('1JPMzK6uD2LgD40$wj8yfi',$,$,$,(#18264),#18271);
#18271=IFCPROPERTYSET('25K_3m9rD0vQUhsNEnGuIr',$,'EPset_Parametric',$,(#18272));
#18272=IFCPROPERTYSINGLEVALUE('Engine',$,IFCLABEL('Bonsai.DumbProfile'),$);
#18273=IFCRELASSOCIATESMATERIAL('3BH3l1GJL7iuaBdDtwpC6r',$,$,$,(#18264),#18274);
#18274=IFCMATERIALPROFILESETUSAGE(#17829,5,$);
#18275=IFCPRODUCTDEFINITIONSHAPE($,$,(#18468,#18475));
#18286=IFCCARTESIANPOINT((0.22573362290859222,-0.13014411926269531,0.));
#18287=IFCDIRECTION((0.,0.,1.));
#18288=IFCDIRECTION((1.,0.,0.));
#18289=IFCAXIS2PLACEMENT3D(#18286,#18287,#18288);
#18290=IFCLOCALPLACEMENT(#62,#18289);
#18291=IFCCARTESIANPOINT((0.22573362290859222,6.4698562622070312,0.));
#18292=IFCDIRECTION((0.,0.,1.));
#18293=IFCDIRECTION((1.,0.,0.));
#18294=IFCAXIS2PLACEMENT3D(#18291,#18292,#18293);
#18295=IFCLOCALPLACEMENT(#62,#18294);
#18426=IFCCARTESIANPOINTLIST3D(((0.,0.,0.),(0.,0.,3.)));
#18427=IFCINDEXEDPOLYCURVE(#18426,$,.F.);
#18428=IFCSHAPEREPRESENTATION(#12,'Axis','Curve3D',(#18427));
#18429=IFCCARTESIANPOINT((0.,0.,0.));
#18430=IFCDIRECTION((0.,0.,1.));
#18431=IFCDIRECTION((1.,0.,0.));
#18432=IFCAXIS2PLACEMENT3D(#18429,#18430,#18431);
#18433=IFCDIRECTION((0.,0.,1.));
#18434=IFCEXTRUDEDAREASOLID(#17828,#18432,#18433,3.);
#18435=IFCSHAPEREPRESENTATION(#11,'Body','SweptSolid',(#18434));
#18436=IFCCARTESIANPOINTLIST3D(((0.,0.,0.),(0.,0.,3.)));
#18437=IFCINDEXEDPOLYCURVE(#18436,$,.F.);
#18438=IFCSHAPEREPRESENTATION(#12,'Axis','Curve3D',(#18437));
#18439=IFCCARTESIANPOINT((0.,0.,0.));
#18440=IFCDIRECTION((0.,0.,1.));
#18441=IFCDIRECTION((1.,0.,0.));
#18442=IFCAXIS2PLACEMENT3D(#18439,#18440,#18441);
#18443=IFCDIRECTION((0.,0.,1.));
#18444=IFCEXTRUDEDAREASOLID(#17828,#18442,#18443,3.);
#18445=IFCSHAPEREPRESENTATION(#11,'Body','SweptSolid',(#18444));
#18446=IFCCARTESIANPOINTLIST3D(((0.,0.,0.),(0.,0.,3.)));
#18447=IFCINDEXEDPOLYCURVE(#18446,$,.F.);
#18448=IFCSHAPEREPRESENTATION(#12,'Axis','Curve3D',(#18447));
#18449=IFCCARTESIANPOINT((0.,0.,0.));
#18450=IFCDIRECTION((0.,0.,1.));
#18451=IFCDIRECTION((1.,0.,0.));
#18452=IFCAXIS2PLACEMENT3D(#18449,#18450,#18451);
#18453=IFCDIRECTION((0.,0.,1.));
#18454=IFCEXTRUDEDAREASOLID(#17828,#18452,#18453,3.);
#18455=IFCSHAPEREPRESENTATION(#11,'Body','SweptSolid',(#18454));
#18456=IFCCARTESIANPOINTLIST3D(((0.,0.,0.),(0.,0.,3.)));
#18457=IFCINDEXEDPOLYCURVE(#18456,$,.F.);
#18458=IFCSHAPEREPRESENTATION(#12,'Axis','Curve3D',(#18457));
#18459=IFCCARTESIANPOINT((0.,0.,0.));
#18460=IFCDIRECTION((0.,0.,1.));
#18461=IFCDIRECTION((1.,0.,0.));
#18462=IFCAXIS2PLACEMENT3D(#18459,#18460,#18461);
#18463=IFCDIRECTION((0.,0.,1.));
#18464=IFCEXTRUDEDAREASOLID(#17828,#18462,#18463,3.);
#18465=IFCSHAPEREPRESENTATION(#11,'Body','SweptSolid',(#18464));
#18466=IFCCARTESIANPOINTLIST3D(((0.,0.,0.),(0.,0.,3.)));
#18467=IFCINDEXEDPOLYCURVE(#18466,$,.F.);
#18468=IFCSHAPEREPRESENTATION(#12,'Axis','Curve3D',(#18467));
#18469=IFCCARTESIANPOINT((0.,0.,0.));
#18470=IFCDIRECTION((0.,0.,1.));
#18471=IFCDIRECTION((1.,0.,0.));
#18472=IFCAXIS2PLACEMENT3D(#18469,#18470,#18471);
#18473=IFCDIRECTION((0.,0.,1.));
#18474=IFCEXTRUDEDAREASOLID(#17828,#18472,#18473,3.);
#18475=IFCSHAPEREPRESENTATION(#11,'Body','SweptSolid',(#18474));
#18476=IFCCARTESIANPOINTLIST3D(((0.,0.,0.),(0.,0.,3.)));
#18477=IFCINDEXEDPOLYCURVE(#18476,$,.F.);
#18478=IFCSHAPEREPRESENTATION(#12,'Axis','Curve3D',(#18477));
#18479=IFCCARTESIANPOINT((0.,0.,0.));
#18480=IFCDIRECTION((0.,0.,1.));
#18481=IFCDIRECTION((1.,0.,0.));
#18482=IFCAXIS2PLACEMENT3D(#18479,#18480,#18481);
#18483=IFCDIRECTION((0.,0.,1.));
#18484=IFCEXTRUDEDAREASOLID(#17828,#18482,#18483,3.);
#18485=IFCSHAPEREPRESENTATION(#11,'Body','SweptSolid',(#18484));
#18486=IFCCARTESIANPOINTLIST3D(((0.,0.,0.),(0.,0.,3.)));
#18487=IFCINDEXEDPOLYCURVE(#18486,$,.F.);
#18488=IFCSHAPEREPRESENTATION(#12,'Axis','Curve3D',(#18487));
#18489=IFCCARTESIANPOINT((0.,0.,0.));
#18490=IFCDIRECTION((0.,0.,1.));
#18491=IFCDIRECTION((1.,0.,0.));
#18492=IFCAXIS2PLACEMENT3D(#18489,#18490,#18491);
#18493=IFCDIRECTION((0.,0.,1.));
#18494=IFCEXTRUDEDAREASOLID(#17828,#18492,#18493,3.);
#18495=IFCSHAPEREPRESENTATION(#11,'Body','SweptSolid',(#18494));
#18496=IFCCARTESIANPOINTLIST3D(((0.,0.,0.),(0.,0.,3.)));
#18497=IFCINDEXEDPOLYCURVE(#18496,$,.F.);
#18498=IFCSHAPEREPRESENTATION(#12,'Axis','Curve3D',(#18497));
#18499=IFCCARTESIANPOINT((0.,0.,0.));
#18500=IFCDIRECTION((0.,0.,1.));
#18501=IFCDIRECTION((1.,0.,0.));
#18502=IFCAXIS2PLACEMENT3D(#18499,#18500,#18501);
#18503=IFCDIRECTION((0.,0.,1.));
#18504=IFCEXTRUDEDAREASOLID(#17828,#18502,#18503,3.);
#18505=IFCSHAPEREPRESENTATION(#11,'Body','SweptSolid',(#18504));
#18506=IFCCARTESIANPOINTLIST3D(((0.,0.,0.),(0.,0.,3.)));
#18507=IFCINDEXEDPOLYCURVE(#18506,$,.F.);
#18508=IFCSHAPEREPRESENTATION(#12,'Axis','Curve3D',(#18507));
#18509=IFCCARTESIANPOINT((0.,0.,0.));
#18510=IFCDIRECTION((0.,0.,1.));
#18511=IFCDIRECTION((1.,0.,0.));
#18512=IFCAXIS2PLACEMENT3D(#18509,#18510,#18511);
#18513=IFCDIRECTION((0.,0.,1.));
#18514=IFCEXTRUDEDAREASOLID(#17828,#18512,#18513,3.);
#18515=IFCSHAPEREPRESENTATION(#11,'Body','SweptSolid',(#18514));
#18516=IFCCARTESIANPOINTLIST3D(((0.,0.,0.),(0.,0.,3.)));
#18517=IFCINDEXEDPOLYCURVE(#18516,$,.F.);
#18518=IFCSHAPEREPRESENTATION(#12,'Axis','Curve3D',(#18517));
#18519=IFCCARTESIANPOINT((0.,0.,0.));
#18520=IFCDIRECTION((0.,0.,1.));
#18521=IFCDIRECTION((1.,0.,0.));
#18522=IFCAXIS2PLACEMENT3D(#18519,#18520,#18521);
#18523=IFCDIRECTION((0.,0.,1.));
#18524=IFCEXTRUDEDAREASOLID(#17828,#18522,#18523,3.);
#18525=IFCSHAPEREPRESENTATION(#11,'Body','SweptSolid',(#18524));
#18526=IFCCARTESIANPOINTLIST3D(((0.,0.,0.),(0.,0.,3.)));
#18527=IFCINDEXEDPOLYCURVE(#18526,$,.F.);
#18528=IFCSHAPEREPRESENTATION(#12,'Axis','Curve3D',(#18527));
#18529=IFCCARTESIANPOINT((0.,0.,0.));
#18530=IFCDIRECTION((0.,0.,1.));
#18531=IFCDIRECTION((1.,0.,0.));
#18532=IFCAXIS2PLACEMENT3D(#18529,#18530,#18531);
#18533=IFCDIRECTION((0.,0.,1.));
#18534=IFCEXTRUDEDAREASOLID(#17828,#18532,#18533,3.);
#18535=IFCSHAPEREPRESENTATION(#11,'Body','SweptSolid',(#18534));
#18536=IFCCARTESIANPOINTLIST3D(((0.,0.,0.),(0.,0.,3.)));
#18537=IFCINDEXEDPOLYCURVE(#18536,$,.F.);
#18538=IFCSHAPEREPRESENTATION(#12,'Axis','Curve3D',(#18537));
#18539=IFCCARTESIANPOINT((0.,0.,0.));
#18540=IFCDIRECTION((0.,0.,1.));
#18541=IFCDIRECTION((1.,0.,0.));
#18542=IFCAXIS2PLACEMENT3D(#18539,#18540,#18541);
#18543=IFCDIRECTION((0.,0.,1.));
#18544=IFCEXTRUDEDAREASOLID(#17828,#18542,#18543,3.);
#18545=IFCSHAPEREPRESENTATION(#11,'Body','SweptSolid',(#18544));
#18546=IFCBEAMTYPE('3le60_z_T0tvrEBYksIB_q',$,'Unnamed',$,$,$,$,$,$,.BEAM.);
#18547=IFCMATERIALPROFILESET($,$,(#18549),$);
#18548=IFCRELASSOCIATESMATERIAL('1b7SFGmkr6qfsmAXRUm8rY',$,$,$,(#18546),#18547);
#18549=IFCMATERIALPROFILE($,$,#81,#17828,$,$);
#18550=IFCBEAM('3i03NvDUn1N9FGjb3Jf9He',$,'Beam',$,$,#18558,#18562,$,$);
#18551=IFCRELDEFINESBYTYPE('0OvBrmwfDCGx1PEpwOKptq',$,$,$,(#18837,#18859,#18903,#18881,#18617,#20323,#18639,#20257,#20279,#18771,#20345,#20369,#18550,#18749,#20213,#20235),#18546);
#18552=IFCMATERIALPROFILESETUSAGE(#18547,7,$);
#18553=IFCRELASSOCIATESMATERIAL('0BYMI2I$n8Yg83UQOD2Xon',$,$,$,(#18550),#18552);
#18554=IFCCARTESIANPOINT((4.4757356643676758,6.7198562622070312,3.));
#18555=IFCDIRECTION((-1.9972236256216979E-07,-0.99999999999997724,7.549789865863967E-08));
#18556=IFCDIRECTION((0.99999999999998002,-1.9972236486864459E-07,1.0048591563601638E-14));
#18557=IFCAXIS2PLACEMENT3D(#18554,#18555,#18556);
#18558=IFCLOCALPLACEMENT(#62,#18557);
#18559=IFCCARTESIANPOINTLIST3D(((0.,0.,0.),(0.,0.,9.5500003674893446)));
#18560=IFCINDEXEDPOLYCURVE(#18559,$,.F.);
#18561=IFCSHAPEREPRESENTATION(#12,'Axis','Curve3D',(#18560));
#18562=IFCPRODUCTDEFINITIONSHAPE($,$,(#18561,#18569));
#18563=IFCCARTESIANPOINT((-0.25,-0.25,0.));
#18564=IFCDIRECTION((0.,0.,1.));
#18565=IFCDIRECTION((1.,0.,0.));
#18566=IFCAXIS2PLACEMENT3D(#18563,#18564,#18565);
#18567=IFCDIRECTION((0.,0.,1.));
#18568=IFCEXTRUDEDAREASOLID(#17828,#18566,#18567,9.5500003674893446);
#18569=IFCSHAPEREPRESENTATION(#11,'Body','SweptSolid',(#18568));
#18570=IFCPROPERTYSET('0VJ2x76BD4V8rTJ3_rrhWM',$,'EPset_Parametric',$,(#18572));
#18571=IFCRELDEFINESBYPROPERTIES('1MVMFsthjD2RDG7P_cAev1',$,$,$,(#18550),#18570);
#18572=IFCPROPERTYSINGLEVALUE('Engine',$,IFCLABEL('Bonsai.DumbProfile'),$);
#18617=IFCBEAM('2J1CtdRwDAph3$K2hJfcme',$,'Beam',$,$,#18624,#18628,$,$);
#18618=IFCMATERIALPROFILESETUSAGE(#18547,7,$);
#18619=IFCRELASSOCIATESMATERIAL('1apGDskcz8qwf4KhorMmzO',$,$,$,(#18617),#18618);
#18620=IFCCARTESIANPOINT((0.47573363780975342,6.7198562622070312,3.));
#18621=IFCDIRECTION((0.,-0.99999999999999711,7.5497898658641179E-08));
#18622=IFCDIRECTION((1.,0.,0.));
#18623=IFCAXIS2PLACEMENT3D(#18620,#18621,#18622);
#18624=IFCLOCALPLACEMENT(#62,#18623);
#18625=IFCCARTESIANPOINTLIST3D(((0.,0.,0.),(0.,0.,9.5500003674891545)));
#18626=IFCINDEXEDPOLYCURVE(#18625,$,.F.);
#18627=IFCSHAPEREPRESENTATION(#12,'Axis','Curve3D',(#18626));
#18628=IFCPRODUCTDEFINITIONSHAPE($,$,(#18627,#18635));
#18629=IFCCARTESIANPOINT((-0.25,-0.25,0.));
#18630=IFCDIRECTION((0.,0.,1.));
#18631=IFCDIRECTION((1.,0.,0.));
#18632=IFCAXIS2PLACEMENT3D(#18629,#18630,#18631);
#18633=IFCDIRECTION((0.,0.,1.));
#18634=IFCEXTRUDEDAREASOLID(#17828,#18632,#18633,9.5500003674891545);
#18635=IFCSHAPEREPRESENTATION(#11,'Body','SweptSolid',(#18634));
#18636=IFCPROPERTYSET('3I5sfYIVLFUQSNSn266drr',$,'EPset_Parametric',$,(#18638));
#18637=IFCRELDEFINESBYPROPERTIES('3fyjpgHgr8ZeCQO5r3j$lH',$,$,$,(#18617),#18636);
#18638=IFCPROPERTYSINGLEVALUE('Engine',$,IFCLABEL('Bonsai.DumbProfile'),$);
#18639=IFCBEAM('07UlZMTCnEZO5snxCeO818',$,'Beam',$,$,#18646,#18650,$,$);
#18640=IFCMATERIALPROFILESETUSAGE(#18547,7,$);
#18641=IFCRELASSOCIATESMATERIAL('2s21TydIz7pO7xiuFT$GLt',$,$,$,(#18639),#18640);
#18642=IFCCARTESIANPOINT((-2.5242652893066406,5.2698569297790527,3.));
#18643=IFCDIRECTION((8.4395940603800929E-08,-0.99999999999999356,7.5497898658640914E-08));
#18644=IFCDIRECTION((0.99999999999999645,8.439594267883846E-08,5.0242957818009008E-15));
#18645=IFCAXIS2PLACEMENT3D(#18642,#18643,#18644);
#18646=IFCLOCALPLACEMENT(#62,#18645);
#18647=IFCCARTESIANPOINTLIST3D(((0.,0.,0.),(0.,0.,5.6500010667648182)));
#18648=IFCINDEXEDPOLYCURVE(#18647,$,.F.);
#18649=IFCSHAPEREPRESENTATION(#12,'Axis','Curve3D',(#18648));
#18650=IFCPRODUCTDEFINITIONSHAPE($,$,(#18649,#18657));
#18651=IFCCARTESIANPOINT((-0.25,-0.25,0.));
#18652=IFCDIRECTION((0.,0.,1.));
#18653=IFCDIRECTION((1.,0.,0.));
#18654=IFCAXIS2PLACEMENT3D(#18651,#18652,#18653);
#18655=IFCDIRECTION((0.,0.,1.));
#18656=IFCEXTRUDEDAREASOLID(#17828,#18654,#18655,5.6500010667648182);
#18657=IFCSHAPEREPRESENTATION(#11,'Body','SweptSolid',(#18656));
#18658=IFCPROPERTYSET('0d4W18Ycz7bQ_DWbmN5gZ8',$,'EPset_Parametric',$,(#18660));
#18659=IFCRELDEFINESBYPROPERTIES('3d9$Cj5O9C6fSms42WP$lz',$,$,$,(#18639),#18658);
#18660=IFCPROPERTYSINGLEVALUE('Engine',$,IFCLABEL('Bonsai.DumbProfile'),$);
#18749=IFCBEAM('17xN29pAzAYB1SCokPZNhN',$,'Beam',$,$,#18756,#18760,$,$);
#18750=IFCMATERIALPROFILESETUSAGE(#18547,7,$);
#18751=IFCRELASSOCIATESMATERIAL('1_kLVr7u58Rw5ZVH14NbdL',$,$,$,(#18749),#18750);
#18752=IFCCARTESIANPOINT((-0.024266377091407776,6.7198562622070312,3.));
#18753=IFCDIRECTION((0.99999999999996214,-1.9470716428772842E-07,1.9470717849858483E-07));
#18754=IFCDIRECTION((1.9470717849858713E-07,0.99999999999997391,-1.1920928955077814E-07));
#18755=IFCAXIS2PLACEMENT3D(#18752,#18753,#18754);
#18756=IFCLOCALPLACEMENT(#62,#18755);
#18757=IFCCARTESIANPOINTLIST3D(((0.,0.,0.),(0.,0.,4.5000019073482287)));
#18758=IFCINDEXEDPOLYCURVE(#18757,$,.F.);
#18759=IFCSHAPEREPRESENTATION(#12,'Axis','Curve3D',(#18758));
#18760=IFCPRODUCTDEFINITIONSHAPE($,$,(#18759,#18767));
#18761=IFCCARTESIANPOINT((-0.25,-0.25,0.));
#18762=IFCDIRECTION((0.,0.,1.));
#18763=IFCDIRECTION((1.,0.,0.));
#18764=IFCAXIS2PLACEMENT3D(#18761,#18762,#18763);
#18765=IFCDIRECTION((0.,0.,1.));
#18766=IFCEXTRUDEDAREASOLID(#17828,#18764,#18765,4.5000019073482287);
#18767=IFCSHAPEREPRESENTATION(#11,'Body','SweptSolid',(#18766));
#18768=IFCPROPERTYSET('3kqKQwYWz6hgJHn6mx$8Q_',$,'EPset_Parametric',$,(#18770));
#18769=IFCRELDEFINESBYPROPERTIES('34kYh50Ej3d8fs1XjAezDA',$,$,$,(#18749),#18768);
#18770=IFCPROPERTYSINGLEVALUE('Engine',$,IFCLABEL('Bonsai.DumbProfile'),$);
#18771=IFCBEAM('1w_ZAZUQT6VRAyJe1MpEH8',$,'Beam',$,$,#18778,#18782,$,$);
#18772=IFCMATERIALPROFILESETUSAGE(#18547,7,$);
#18773=IFCRELASSOCIATESMATERIAL('3cV9LLbh56SAq5gB9hrw0A',$,$,$,(#18771),#18772);
#18774=IFCCARTESIANPOINT((-0.024266377091407776,-2.3301441669464111,3.));
#18775=IFCDIRECTION((0.99999999999969491,-5.5233481006621971E-07,5.5233503743993581E-07));
#18776=IFCDIRECTION((5.5233503743997203E-07,0.99999999999976041,-4.1723250276949148E-07));
#18777=IFCAXIS2PLACEMENT3D(#18774,#18775,#18776);
#18778=IFCLOCALPLACEMENT(#62,#18777);
#18779=IFCCARTESIANPOINTLIST3D(((0.,0.,0.),(0.,0.,4.5)));
#18780=IFCINDEXEDPOLYCURVE(#18779,$,.F.);
#18781=IFCSHAPEREPRESENTATION(#12,'Axis','Curve3D',(#18780));
#18782=IFCPRODUCTDEFINITIONSHAPE($,$,(#18781,#18789));
#18783=IFCCARTESIANPOINT((-0.25,-0.25,0.));
#18784=IFCDIRECTION((0.,0.,1.));
#18785=IFCDIRECTION((1.,0.,0.));
#18786=IFCAXIS2PLACEMENT3D(#18783,#18784,#18785);
#18787=IFCDIRECTION((0.,0.,1.));
#18788=IFCEXTRUDEDAREASOLID(#17828,#18786,#18787,4.5);
#18789=IFCSHAPEREPRESENTATION(#11,'Body','SweptSolid',(#18788));
#18790=IFCPROPERTYSET('3ca8cVPbbDBvTv68PM6zh5',$,'EPset_Parametric',$,(#18792));
#18791=IFCRELDEFINESBYPROPERTIES('3klagb35P9tg8rKa6VdAMi',$,$,$,(#18771),#18790);
#18792=IFCPROPERTYSINGLEVALUE('Engine',$,IFCLABEL('Bonsai.DumbProfile'),$);
#18837=IFCBEAM('3GuE43DfLAkwUbdbCLKa$W',$,'Beam',$,$,#18844,#18848,$,$);
#18838=IFCMATERIALPROFILESETUSAGE(#18547,7,$);
#18839=IFCRELASSOCIATESMATERIAL('3__3oMruf7ovKghmufn_gO',$,$,$,(#18837),#18838);
#18840=IFCCARTESIANPOINT((-3.0242652893066406,2.8698563575744629,3.));
#18841=IFCDIRECTION((0.99999999999962197,-6.7154417777663053E-07,5.5233503743989558E-07));
#18842=IFCDIRECTION((6.7154434830699024E-07,0.9999999999997301,-2.9802319190244388E-07));
#18843=IFCAXIS2PLACEMENT3D(#18840,#18841,#18842);
#18844=IFCLOCALPLACEMENT(#62,#18843);
#18845=IFCCARTESIANPOINTLIST3D(((0.,0.,0.),(0.,0.,7.5000010172525355)));
#18846=IFCINDEXEDPOLYCURVE(#18845,$,.F.);
#18847=IFCSHAPEREPRESENTATION(#12,'Axis','Curve3D',(#18846));
#18848=IFCPRODUCTDEFINITIONSHAPE($,$,(#18847,#18855));
#18849=IFCCARTESIANPOINT((-0.25,-0.25,0.));
#18850=IFCDIRECTION((0.,0.,1.));
#18851=IFCDIRECTION((1.,0.,0.));
#18852=IFCAXIS2PLACEMENT3D(#18849,#18850,#18851);
#18853=IFCDIRECTION((0.,0.,1.));
#18854=IFCEXTRUDEDAREASOLID(#17828,#18852,#18853,7.5000010172525355);
#18855=IFCSHAPEREPRESENTATION(#11,'Body','SweptSolid',(#18854));
#18856=IFCPROPERTYSET('0iALt_JnL1CQz$cLZTDdgl',$,'EPset_Parametric',$,(#18858));
#18857=IFCRELDEFINESBYPROPERTIES('1Cof_KKUXAEvgtUdIOrpna',$,$,$,(#18837),#18856);
#18858=IFCPROPERTYSINGLEVALUE('Engine',$,IFCLABEL('Bonsai.DumbProfile'),$);
#18859=IFCBEAM('1ottKFilz5ZwN0dP7r7Q_S',$,'Beam',$,$,#18866,#18870,$,$);
#18860=IFCMATERIALPROFILESETUSAGE(#18547,7,$);
#18861=IFCRELASSOCIATESMATERIAL('1MRSenNArFKO4bLNMfJa_3',$,$,$,(#18859),#18860);
#18862=IFCCARTESIANPOINT((-3.0242652893066406,5.2698569297790527,3.));
#18863=IFCDIRECTION((0.99999999999962197,-6.7154417777663053E-07,5.5233503743989558E-07));
#18864=IFCDIRECTION((6.7154434830699024E-07,0.9999999999997301,-2.9802319190244388E-07));
#18865=IFCAXIS2PLACEMENT3D(#18862,#18863,#18864);
#18866=IFCLOCALPLACEMENT(#62,#18865);
#18867=IFCCARTESIANPOINTLIST3D(((0.,0.,0.),(0.,0.,7.5000010172525355)));
#18868=IFCINDEXEDPOLYCURVE(#18867,$,.F.);
#18869=IFCSHAPEREPRESENTATION(#12,'Axis','Curve3D',(#18868));
#18870=IFCPRODUCTDEFINITIONSHAPE($,$,(#18869,#18877));
#18871=IFCCARTESIANPOINT((-0.25,-0.25,0.));
#18872=IFCDIRECTION((0.,0.,1.));
#18873=IFCDIRECTION((1.,0.,0.));
#18874=IFCAXIS2PLACEMENT3D(#18871,#18872,#18873);
#18875=IFCDIRECTION((0.,0.,1.));
#18876=IFCEXTRUDEDAREASOLID(#17828,#18874,#18875,7.5000010172525355);
#18877=IFCSHAPEREPRESENTATION(#11,'Body','SweptSolid',(#18876));
#18878=IFCPROPERTYSET('1pNDvlNmLELOTEZ74C9PVV',$,'EPset_Parametric',$,(#18880));
#18879=IFCRELDEFINESBYPROPERTIES('0IeY6BnQP8DuKrYB2XL1ab',$,$,$,(#18859),#18878);
#18880=IFCPROPERTYSINGLEVALUE('Engine',$,IFCLABEL('Bonsai.DumbProfile'),$);
#18881=IFCBEAM('3vXG9gZzbD6vLeJ$kWC9_2',$,'Beam',$,$,#18888,#18892,$,$);
#18882=IFCMATERIALPROFILESETUSAGE(#18547,7,$);
#18883=IFCRELASSOCIATESMATERIAL('34bsJRPa99kfPJdqXp4ilb',$,$,$,(#18881),#18882);
#18884=IFCCARTESIANPOINT((-3.0242652893066406,2.8698563575744629,3.));
#18885=IFCDIRECTION((0.99999999999975364,-5.5233508528334141E-07,4.3312576020545063E-07));
#18886=IFCDIRECTION((5.5233502843996998E-07,0.99999999999984568,5.9604818858362064E-08));
#18887=IFCAXIS2PLACEMENT3D(#18884,#18885,#18886);
#18888=IFCLOCALPLACEMENT(#62,#18887);
#18889=IFCCARTESIANPOINTLIST3D(((0.,0.,0.),(0.,0.,7.4999994913764469)));
#18890=IFCINDEXEDPOLYCURVE(#18889,$,.F.);
#18891=IFCSHAPEREPRESENTATION(#12,'Axis','Curve3D',(#18890));
#18892=IFCPRODUCTDEFINITIONSHAPE($,$,(#18891,#18899));
#18893=IFCCARTESIANPOINT((-0.25,-0.25,0.));
#18894=IFCDIRECTION((0.,0.,1.));
#18895=IFCDIRECTION((1.,0.,0.));
#18896=IFCAXIS2PLACEMENT3D(#18893,#18894,#18895);
#18897=IFCDIRECTION((0.,0.,1.));
#18898=IFCEXTRUDEDAREASOLID(#17828,#18896,#18897,7.4999994913764469);
#18899=IFCSHAPEREPRESENTATION(#11,'Body','SweptSolid',(#18898));
#18900=IFCPROPERTYSET('1VvJtAIKX8tQgEsvxPSiUn',$,'EPset_Parametric',$,(#18902));
#18901=IFCRELDEFINESBYPROPERTIES('3$_bjPN6X4zejSs5ESkoJb',$,$,$,(#18881),#18900);
#18902=IFCPROPERTYSINGLEVALUE('Engine',$,IFCLABEL('Bonsai.DumbProfile'),$);
#18903=IFCBEAM('2JMgRbdubBuQ3f5$Z4qtmj',$,'Beam',$,$,#18910,#18914,$,$);
#18904=IFCMATERIALPROFILESETUSAGE(#18547,7,$);
#18905=IFCRELASSOCIATESMATERIAL('0iUeGNGC57wQLCE6rqIlcS',$,$,$,(#18903),#18904);
#18906=IFCCARTESIANPOINT((-3.0242648124694824,0.11985588073730469,3.));
#18907=IFCDIRECTION((0.99999999999962197,-6.7154417777663053E-07,5.5233503743989558E-07));
#18908=IFCDIRECTION((6.7154434830699024E-07,0.9999999999997301,-2.9802319190244388E-07));
#18909=IFCAXIS2PLACEMENT3D(#18906,#18907,#18908);
#18910=IFCLOCALPLACEMENT(#62,#18909);
#18911=IFCCARTESIANPOINTLIST3D(((0.,0.,0.),(0.,0.,7.5000010172525355)));
#18912=IFCINDEXEDPOLYCURVE(#18911,$,.F.);
#18913=IFCSHAPEREPRESENTATION(#12,'Axis','Curve3D',(#18912));
#18914=IFCPRODUCTDEFINITIONSHAPE($,$,(#18913,#18921));
#18915=IFCCARTESIANPOINT((-0.25,-0.25,0.));
#18916=IFCDIRECTION((0.,0.,1.));
#18917=IFCDIRECTION((1.,0.,0.));
#18918=IFCAXIS2PLACEMENT3D(#18915,#18916,#18917);
#18919=IFCDIRECTION((0.,0.,1.));
#18920=IFCEXTRUDEDAREASOLID(#17828,#18918,#18919,7.5000010172525355);
#18921=IFCSHAPEREPRESENTATION(#11,'Body','SweptSolid',(#18920));
#18922=IFCPROPERTYSET('24QLxQ6TL2MeQbyk4piWVz',$,'EPset_Parametric',$,(#18924));
#18923=IFCRELDEFINESBYPROPERTIES('1q$AkgzEbDPAm1Y_uYyhM_',$,$,$,(#18903),#18922);
#18924=IFCPROPERTYSINGLEVALUE('Engine',$,IFCLABEL('Bonsai.DumbProfile'),$);
#18958=IFCCARTESIANPOINTLIST2D(((0.,0.),(0.6652226448059082,0.),(0.6652226448059082,0.89999997615814209),(0.,0.89999997615814209)));
#18959=IFCINDEXEDPOLYCURVE(#18958,(IFCLINEINDEX((1,2,3,4,1))),$);
#18960=IFCCARTESIANPOINTLIST2D(((0.02500000037252903,0.02500000037252903),(0.64022264443337917,0.02500000037252903),(0.64022264443337917,0.87499997578561306),(0.02500000037252903,0.87499997578561306)));
#18961=IFCINDEXEDPOLYCURVE(#18960,(IFCLINEINDEX((1,2,3,4,1))),$);
#18962=IFCARBITRARYPROFILEDEFWITHVOIDS(.AREA.,$,#18959,(#18961));
#18963=IFCCARTESIANPOINT((0.,0.090000001713633537,0.));
#18964=IFCDIRECTION((0.,-1.,0.));
#18965=IFCDIRECTION((1.,0.,0.));
#18966=IFCAXIS2PLACEMENT3D(#18963,#18964,#18965);
#18967=IFCDIRECTION((0.,0.,-1.));
#18968=IFCEXTRUDEDAREASOLID(#18962,#18966,#18967,0.0099999997764825821);
#18969=IFCCARTESIANPOINTLIST2D(((0.,0.),(0.6652226448059082,0.),(0.6652226448059082,0.89999997615814209),(0.,0.89999997615814209)));
#18970=IFCINDEXEDPOLYCURVE(#18969,(IFCLINEINDEX((1,2,3,4,1))),$);
#18971=IFCCARTESIANPOINTLIST2D(((0.05000000074505806,0.05000000074505806),(0.61522264406085014,0.05000000074505806),(0.61522264406085014,0.84999997541308403),(0.05000000074505806,0.84999997541308403)));
#18972=IFCINDEXEDPOLYCURVE(#18971,(IFCLINEINDEX((1,2,3,4,1))),$);
#18973=IFCARBITRARYPROFILEDEFWITHVOIDS(.AREA.,$,#18970,(#18972));
#18974=IFCCARTESIANPOINT((0.,0.05000000074505806,0.));
#18975=IFCDIRECTION((0.,-1.,0.));
#18976=IFCDIRECTION((1.,0.,0.));
#18977=IFCAXIS2PLACEMENT3D(#18974,#18975,#18976);
#18978=IFCDIRECTION((0.,0.,-1.));
#18979=IFCEXTRUDEDAREASOLID(#18973,#18977,#18978,0.040000000968575478);
#18980=IFCCARTESIANPOINTLIST2D(((0.,0.),(0.61522264406085014,0.),(0.61522264406085014,0.84999997541308403),(0.,0.84999997541308403)));
#18981=IFCINDEXEDPOLYCURVE(#18980,(IFCLINEINDEX((1,2,3,4,1))),$);
#18982=IFCCARTESIANPOINTLIST2D(((0.035000000149011612,0.035000000149011612),(0.58022264391183853,0.035000000149011612),(0.58022264391183853,0.81499997526407242),(0.035000000149011612,0.81499997526407242)));
#18983=IFCINDEXEDPOLYCURVE(#18982,(IFCLINEINDEX((1,2,3,4,1))),$);
#18984=IFCARBITRARYPROFILEDEFWITHVOIDS(.AREA.,$,#18981,(#18983));
#18985=IFCCARTESIANPOINT((0.02500000037252903,0.090000001713633537,0.02500000037252903));
#18986=IFCDIRECTION((0.,-1.,0.));
#18987=IFCDIRECTION((1.,0.,0.));
#18988=IFCAXIS2PLACEMENT3D(#18985,#18986,#18987);
#18989=IFCDIRECTION((0.,0.,-1.));
#18990=IFCEXTRUDEDAREASOLID(#18984,#18988,#18989,0.035000000149011612);
#18991=IFCINDEXEDPOLYCURVE(#18992,(IFCLINEINDEX((1,2,3,4,1))),$);
#18992=IFCCARTESIANPOINTLIST2D(((0.035000000149011612,0.035000000149011612),(0.58022264391183853,0.035000000149011612),(0.58022264391183853,0.81499997526407242),(0.035000000149011612,0.81499997526407242)));
#18993=IFCARBITRARYCLOSEDPROFILEDEF(.AREA.,$,#18991);
#18994=IFCCARTESIANPOINT((0.02500000037252903,0.10250000178813934,0.02500000037252903));
#18995=IFCDIRECTION((0.,-1.,0.));
#18996=IFCDIRECTION((1.,0.,0.));
#18997=IFCAXIS2PLACEMENT3D(#18994,#18995,#18996);
#18998=IFCDIRECTION((0.,0.,-1.));
#18999=IFCEXTRUDEDAREASOLID(#18993,#18997,#18998,0.01);
#19058=IFCCARTESIANPOINTLIST3D(((0.,0.,0.),(0.70102798938751221,0.,0.),(0.70102798938751221,0.,0.89999997615814209),(0.,0.,0.89999997615814209)));
#19059=IFCINDEXEDPOLYCURVE(#19058,(IFCLINEINDEX((1,2,3,4,1))),$);
#19060=IFCSHAPEREPRESENTATION(#18,'Profile','Curve3D',(#19059));
#19061=IFCCARTESIANPOINTLIST2D(((0.,0.),(0.70102798938751221,0.),(0.70102798938751221,0.89999997615814209),(0.,0.89999997615814209)));
#19062=IFCINDEXEDPOLYCURVE(#19061,(IFCLINEINDEX((1,2,3,4,1))),$);
#19063=IFCCARTESIANPOINTLIST2D(((0.02500000037252903,0.02500000037252903),(0.67602798901498318,0.02500000037252903),(0.67602798901498318,0.87499997578561306),(0.02500000037252903,0.87499997578561306)));
#19064=IFCINDEXEDPOLYCURVE(#19063,(IFCLINEINDEX((1,2,3,4,1))),$);
#19065=IFCARBITRARYPROFILEDEFWITHVOIDS(.AREA.,$,#19062,(#19064));
#19066=IFCCARTESIANPOINT((0.,0.090000001713633537,0.));
#19067=IFCDIRECTION((0.,-1.,0.));
#19068=IFCDIRECTION((1.,0.,0.));
#19069=IFCAXIS2PLACEMENT3D(#19066,#19067,#19068);
#19070=IFCDIRECTION((0.,0.,-1.));
#19071=IFCEXTRUDEDAREASOLID(#19065,#19069,#19070,0.0099999997764825821);
#19072=IFCCARTESIANPOINTLIST2D(((0.,0.),(0.70102798938751221,0.),(0.70102798938751221,0.89999997615814209),(0.,0.89999997615814209)));
#19073=IFCINDEXEDPOLYCURVE(#19072,(IFCLINEINDEX((1,2,3,4,1))),$);
#19074=IFCCARTESIANPOINTLIST2D(((0.05000000074505806,0.05000000074505806),(0.65102798864245415,0.05000000074505806),(0.65102798864245415,0.84999997541308403),(0.05000000074505806,0.84999997541308403)));
#19075=IFCINDEXEDPOLYCURVE(#19074,(IFCLINEINDEX((1,2,3,4,1))),$);
#19076=IFCARBITRARYPROFILEDEFWITHVOIDS(.AREA.,$,#19073,(#19075));
#19077=IFCCARTESIANPOINT((0.,0.05000000074505806,0.));
#19078=IFCDIRECTION((0.,-1.,0.));
#19079=IFCDIRECTION((1.,0.,0.));
#19080=IFCAXIS2PLACEMENT3D(#19077,#19078,#19079);
#19081=IFCDIRECTION((0.,0.,-1.));
#19082=IFCEXTRUDEDAREASOLID(#19076,#19080,#19081,0.040000000968575478);
#19083=IFCCARTESIANPOINTLIST2D(((0.,0.),(0.65102798864245415,0.),(0.65102798864245415,0.84999997541308403),(0.,0.84999997541308403)));
#19084=IFCINDEXEDPOLYCURVE(#19083,(IFCLINEINDEX((1,2,3,4,1))),$);
#19085=IFCCARTESIANPOINTLIST2D(((0.035000000149011612,0.035000000149011612),(0.61602798849344254,0.035000000149011612),(0.61602798849344254,0.81499997526407242),(0.035000000149011612,0.81499997526407242)));
#19086=IFCINDEXEDPOLYCURVE(#19085,(IFCLINEINDEX((1,2,3,4,1))),$);
#19087=IFCARBITRARYPROFILEDEFWITHVOIDS(.AREA.,$,#19084,(#19086));
#19088=IFCCARTESIANPOINT((0.02500000037252903,0.090000001713633537,0.02500000037252903));
#19089=IFCDIRECTION((0.,-1.,0.));
#19090=IFCDIRECTION((1.,0.,0.));
#19091=IFCAXIS2PLACEMENT3D(#19088,#19089,#19090);
#19092=IFCDIRECTION((0.,0.,-1.));
#19093=IFCEXTRUDEDAREASOLID(#19087,#19091,#19092,0.035000000149011612);
#19094=IFCINDEXEDPOLYCURVE(#19095,(IFCLINEINDEX((1,2,3,4,1))),$);
#19095=IFCCARTESIANPOINTLIST2D(((0.035000000149011612,0.035000000149011612),(0.61602798849344254,0.035000000149011612),(0.61602798849344254,0.81499997526407242),(0.035000000149011612,0.81499997526407242)));
#19096=IFCARBITRARYCLOSEDPROFILEDEF(.AREA.,$,#19094);
#19097=IFCCARTESIANPOINT((0.02500000037252903,0.10250000178813934,0.02500000037252903));
#19098=IFCDIRECTION((0.,-1.,0.));
#19099=IFCDIRECTION((1.,0.,0.));
#19100=IFCAXIS2PLACEMENT3D(#19097,#19098,#19099);
#19101=IFCDIRECTION((0.,0.,-1.));
#19102=IFCEXTRUDEDAREASOLID(#19096,#19100,#19101,0.01);
#19103=IFCSHAPEREPRESENTATION(#11,'Body','SweptSolid',(#19071,#19082,#19093,#19102));
#19104=IFCCARTESIANPOINTLIST2D(((0.05000000074505806,0.05000000074505806),(0.65102798864245415,0.05000000074505806)));
#19105=IFCINDEXEDPOLYCURVE(#19104,$,$);
#19106=IFCCARTESIANPOINTLIST2D(((0.,0.10000000149011612),(0.02500000037252903,0.10000000149011612),(0.02500000037252903,0.090000001713633537),(0.05000000074505806,0.090000001713633537),(0.05000000074505806,0.05000000074505806),(0.,0.05000000074505806)));
#19107=IFCINDEXEDPOLYCURVE(#19106,(IFCLINEINDEX((1,2,3,4,5,6,1))),$);
#19108=IFCCARTESIANPOINTLIST2D(((0.70102798938751221,0.10000000149011612),(0.67602798901498318,0.10000000149011612),(0.67602798901498318,0.090000001713633537),(0.65102798864245415,0.090000001713633537),(0.65102798864245415,0.05000000074505806),(0.70102798938751221,0.05000000074505806)));
#19109=IFCINDEXEDPOLYCURVE(#19108,(IFCLINEINDEX((1,2,3,4,5,6,1))),$);
#19110=IFCCARTESIANPOINTLIST2D(((0.02500000037252903,0.090000001713633537),(0.060000000521540642,0.090000001713633537),(0.060000000521540642,0.12500000186264515),(0.02500000037252903,0.12500000186264515)));
#19111=IFCINDEXEDPOLYCURVE(#19110,(IFCLINEINDEX((1,2,3,4,1))),$);
#19112=IFCINDEXEDPOLYCURVE(#19113,(IFCLINEINDEX((1,2,3,4,1))),$);
#19113=IFCCARTESIANPOINTLIST2D(((0.67602798901498318,0.090000001713633537),(0.64102798886597157,0.090000001713633537),(0.64102798886597157,0.12500000186264515),(0.67602798901498318,0.12500000186264515)));
#19114=IFCCARTESIANPOINTLIST2D(((0.060000000521540642,0.090000001713633537),(0.64102798886597157,0.090000001713633537)));
#19115=IFCINDEXEDPOLYCURVE(#19114,$,$);
#19116=IFCINDEXEDPOLYCURVE(#19117,$,$);
#19117=IFCCARTESIANPOINTLIST2D(((0.060000000521540642,0.12500000186264515),(0.64102798886597157,0.12500000186264515)));
#19118=IFCINDEXEDPOLYCURVE(#19119,$,$);
#19119=IFCCARTESIANPOINTLIST2D(((0.060000000521540642,0.10750000178813934),(0.64102798886597157,0.10750000178813934)));
#19120=IFCSHAPEREPRESENTATION(#24,'Body','Curve2D',(#19105,#19107,#19109,#19111,#19112,#19115,#19116,#19118));
#19121=IFCCARTESIANPOINTLIST2D(((0.,0.),(0.70102798938751221,0.),(0.70102798938751221,0.89999997615814209),(0.,0.89999997615814209)));
#19122=IFCINDEXEDPOLYCURVE(#19121,(IFCLINEINDEX((1,2,3,4,1))),$);
#19123=IFCARBITRARYCLOSEDPROFILEDEF(.AREA.,$,#19122);
#19124=IFCCARTESIANPOINT((0.,-0.60000002384185791,0.));
#19125=IFCDIRECTION((0.,-1.,0.));
#19126=IFCDIRECTION((1.,0.,0.));
#19127=IFCAXIS2PLACEMENT3D(#19124,#19125,#19126);
#19128=IFCDIRECTION((0.,0.,-1.));
#19129=IFCEXTRUDEDAREASOLID(#19123,#19127,#19128,1.2);
#19130=IFCSHAPEREPRESENTATION(#11,'Body','SweptSolid',(#19129));
#19136=IFCCARTESIANPOINT((0.89310288429272033,-1.2905006308017164E-07,1.));
#19137=IFCDIRECTION((0.,0.,1.));
#19138=IFCDIRECTION((0.99999999999988631,-4.7683715820291007E-07,0.));
#19139=IFCAXIS2PLACEMENT3D(#19136,#19137,#19138);
#19140=IFCLOCALPLACEMENT(#253,#19139);
#19141=IFCCARTESIANPOINT((1.1102230246251565E-16,0.,0.));
#19142=IFCDIRECTION((0.,0.,1.));
#19143=IFCDIRECTION((1.,3.1763735522036263E-22,0.));
#19144=IFCAXIS2PLACEMENT3D(#19141,#19142,#19143);
#19145=IFCLOCALPLACEMENT(#19140,#19144);
#19161=IFCCARTESIANPOINTLIST3D(((0.,0.,0.),(1.154848575592041,0.,0.),(1.154848575592041,0.,0.89999997615814209),(0.,0.,0.89999997615814209)));
#19162=IFCINDEXEDPOLYCURVE(#19161,(IFCLINEINDEX((1,2,3,4,1))),$);
#19163=IFCSHAPEREPRESENTATION(#18,'Profile','Curve3D',(#19162));
#19164=IFCCARTESIANPOINTLIST2D(((0.56862276792526245,0.),(0.,0.),(0.,0.89999997615814209),(0.56862276792526245,0.89999997615814209),(0.56862276792526245,0.87499997578561306),(0.02500000037252903,0.87499997578561306),(0.02500000037252903,0.02500000037252903),(0.56862276792526245,0.02500000037252903)));
#19165=IFCINDEXEDPOLYCURVE(#19164,(IFCLINEINDEX((1,2,3,4,5,6,7,8,1))),$);
#19166=IFCARBITRARYCLOSEDPROFILEDEF(.AREA.,$,#19165);
#19167=IFCCARTESIANPOINT((0.,0.090000001713633537,0.));
#19168=IFCDIRECTION((0.,-1.,0.));
#19169=IFCDIRECTION((1.,0.,0.));
#19170=IFCAXIS2PLACEMENT3D(#19167,#19168,#19169);
#19171=IFCDIRECTION((0.,0.,-1.));
#19172=IFCEXTRUDEDAREASOLID(#19166,#19170,#19171,0.0099999997764825821);
#19173=IFCCARTESIANPOINTLIST2D(((0.,0.),(0.56862276792526245,0.),(0.56862276792526245,0.89999997615814209),(0.,0.89999997615814209)));
#19174=IFCINDEXEDPOLYCURVE(#19173,(IFCLINEINDEX((1,2,3,4,1))),$);
#19175=IFCCARTESIANPOINTLIST2D(((0.05000000074505806,0.05000000074505806),(0.54362276755273342,0.05000000074505806),(0.54362276755273342,0.84999997541308403),(0.05000000074505806,0.84999997541308403)));
#19176=IFCINDEXEDPOLYCURVE(#19175,(IFCLINEINDEX((1,2,3,4,1))),$);
#19177=IFCARBITRARYPROFILEDEFWITHVOIDS(.AREA.,$,#19174,(#19176));
#19178=IFCCARTESIANPOINT((0.,0.05000000074505806,0.));
#19179=IFCDIRECTION((0.,-1.,0.));
#19180=IFCDIRECTION((1.,0.,0.));
#19181=IFCAXIS2PLACEMENT3D(#19178,#19179,#19180);
#19182=IFCDIRECTION((0.,0.,-1.));
#19183=IFCEXTRUDEDAREASOLID(#19177,#19181,#19182,0.040000000968575478);
#19184=IFCCARTESIANPOINTLIST2D(((0.,0.),(0.54362276755273342,0.),(0.54362276755273342,0.84999997541308403),(0.,0.84999997541308403)));
#19185=IFCINDEXEDPOLYCURVE(#19184,(IFCLINEINDEX((1,2,3,4,1))),$);
#19186=IFCCARTESIANPOINTLIST2D(((0.035000000149011612,0.035000000149011612),(0.50862276740372181,0.035000000149011612),(0.50862276740372181,0.81499997526407242),(0.035000000149011612,0.81499997526407242)));
#19187=IFCINDEXEDPOLYCURVE(#19186,(IFCLINEINDEX((1,2,3,4,1))),$);
#19188=IFCARBITRARYPROFILEDEFWITHVOIDS(.AREA.,$,#19185,(#19187));
#19189=IFCCARTESIANPOINT((0.02500000037252903,0.090000001713633537,0.02500000037252903));
#19190=IFCDIRECTION((0.,-1.,0.));
#19191=IFCDIRECTION((1.,0.,0.));
#19192=IFCAXIS2PLACEMENT3D(#19189,#19190,#19191);
#19193=IFCDIRECTION((0.,0.,-1.));
#19194=IFCEXTRUDEDAREASOLID(#19188,#19192,#19193,0.035000000149011612);
#19195=IFCINDEXEDPOLYCURVE(#19196,(IFCLINEINDEX((1,2,3,4,1))),$);
#19196=IFCCARTESIANPOINTLIST2D(((0.035000000149011612,0.035000000149011612),(0.50862276740372181,0.035000000149011612),(0.50862276740372181,0.81499997526407242),(0.035000000149011612,0.81499997526407242)));
#19197=IFCARBITRARYCLOSEDPROFILEDEF(.AREA.,$,#19195);
#19198=IFCCARTESIANPOINT((0.02500000037252903,0.10250000178813934,0.02500000037252903));
#19199=IFCDIRECTION((0.,-1.,0.));
#19200=IFCDIRECTION((1.,0.,0.));
#19201=IFCAXIS2PLACEMENT3D(#19198,#19199,#19200);
#19202=IFCDIRECTION((0.,0.,-1.));
#19203=IFCEXTRUDEDAREASOLID(#19197,#19201,#19202,0.01);
#19204=IFCCARTESIANPOINTLIST2D(((0.,0.89999997615814209),(0.58622580766677856,0.89999997615814209),(0.58622580766677856,0.),(0.,0.),(0.,0.02500000037252903),(0.56122580729424953,0.02500000037252903),(0.56122580729424953,0.87499997578561306),(0.,0.87499997578561306)));
#19205=IFCINDEXEDPOLYCURVE(#19204,(IFCLINEINDEX((1,2,3,4,5,6,7,8,1))),$);
#19206=IFCARBITRARYCLOSEDPROFILEDEF(.AREA.,$,#19205);
#19207=IFCCARTESIANPOINT((0.56862276792526245,0.090000001713633537,0.));
#19208=IFCDIRECTION((0.,-1.,0.));
#19209=IFCDIRECTION((1.,0.,0.));
#19210=IFCAXIS2PLACEMENT3D(#19207,#19208,#19209);
#19211=IFCDIRECTION((0.,0.,-1.));
#19212=IFCEXTRUDEDAREASOLID(#19206,#19210,#19211,0.0099999997764825821);
#19213=IFCCARTESIANPOINTLIST2D(((0.,0.),(0.58622580766677856,0.),(0.58622580766677856,0.89999997615814209),(0.,0.89999997615814209)));
#19214=IFCINDEXEDPOLYCURVE(#19213,(IFCLINEINDEX((1,2,3,4,1))),$);
#19215=IFCCARTESIANPOINTLIST2D(((0.02500000037252903,0.05000000074505806),(0.5362258069217205,0.05000000074505806),(0.5362258069217205,0.84999997541308403),(0.02500000037252903,0.84999997541308403)));
#19216=IFCINDEXEDPOLYCURVE(#19215,(IFCLINEINDEX((1,2,3,4,1))),$);
#19217=IFCARBITRARYPROFILEDEFWITHVOIDS(.AREA.,$,#19214,(#19216));
#19218=IFCCARTESIANPOINT((0.56862276792526245,0.05000000074505806,0.));
#19219=IFCDIRECTION((0.,-1.,0.));
#19220=IFCDIRECTION((1.,0.,0.));
#19221=IFCAXIS2PLACEMENT3D(#19218,#19219,#19220);
#19222=IFCDIRECTION((0.,0.,-1.));
#19223=IFCEXTRUDEDAREASOLID(#19217,#19221,#19222,0.040000000968575478);
#19224=IFCCARTESIANPOINTLIST2D(((0.,0.),(0.56122580729424953,0.),(0.56122580729424953,0.84999997541308403),(0.,0.84999997541308403)));
#19225=IFCINDEXEDPOLYCURVE(#19224,(IFCLINEINDEX((1,2,3,4,1))),$);
#19226=IFCCARTESIANPOINTLIST2D(((0.035000000149011612,0.035000000149011612),(0.52622580714523792,0.035000000149011612),(0.52622580714523792,0.81499997526407242),(0.035000000149011612,0.81499997526407242)));
#19227=IFCINDEXEDPOLYCURVE(#19226,(IFCLINEINDEX((1,2,3,4,1))),$);
#19228=IFCARBITRARYPROFILEDEFWITHVOIDS(.AREA.,$,#19225,(#19227));
#19229=IFCCARTESIANPOINT((0.56862276792526245,0.090000001713633537,0.02500000037252903));
#19230=IFCDIRECTION((0.,-1.,0.));
#19231=IFCDIRECTION((1.,0.,0.));
#19232=IFCAXIS2PLACEMENT3D(#19229,#19230,#19231);
#19233=IFCDIRECTION((0.,0.,-1.));
#19234=IFCEXTRUDEDAREASOLID(#19228,#19232,#19233,0.035000000149011612);
#19235=IFCINDEXEDPOLYCURVE(#19236,(IFCLINEINDEX((1,2,3,4,1))),$);
#19236=IFCCARTESIANPOINTLIST2D(((0.035000000149011612,0.035000000149011612),(0.52622580714523792,0.035000000149011612),(0.52622580714523792,0.81499997526407242),(0.035000000149011612,0.81499997526407242)));
#19237=IFCARBITRARYCLOSEDPROFILEDEF(.AREA.,$,#19235);
#19238=IFCCARTESIANPOINT((0.56862276792526245,0.10250000178813934,0.02500000037252903));
#19239=IFCDIRECTION((0.,-1.,0.));
#19240=IFCDIRECTION((1.,0.,0.));
#19241=IFCAXIS2PLACEMENT3D(#19238,#19239,#19240);
#19242=IFCDIRECTION((0.,0.,-1.));
#19243=IFCEXTRUDEDAREASOLID(#19237,#19241,#19242,0.01);
#19244=IFCSHAPEREPRESENTATION(#11,'Body','SweptSolid',(#19172,#19183,#19194,#19203,#19212,#19223,#19234,#19243));
#19245=IFCCARTESIANPOINTLIST2D(((0.05000000074505806,0.05000000074505806),(0.54362276755273342,0.05000000074505806)));
#19246=IFCINDEXEDPOLYCURVE(#19245,$,$);
#19247=IFCCARTESIANPOINTLIST2D(((0.,0.10000000149011612),(0.02500000037252903,0.10000000149011612),(0.02500000037252903,0.090000001713633537),(0.05000000074505806,0.090000001713633537),(0.05000000074505806,0.05000000074505806),(0.,0.05000000074505806)));
#19248=IFCINDEXEDPOLYCURVE(#19247,(IFCLINEINDEX((1,2,3,4,5,6,1))),$);
#19249=IFCCARTESIANPOINTLIST2D(((0.56862276792526245,0.10000000149011612),(0.56862276792526245,0.10000000149011612),(0.56862276792526245,0.090000001713633537),(0.54362276755273342,0.090000001713633537),(0.54362276755273342,0.05000000074505806),(0.56862276792526245,0.05000000074505806)));
#19250=IFCINDEXEDPOLYCURVE(#19249,$,$);
#19251=IFCCARTESIANPOINTLIST2D(((0.02500000037252903,0.090000001713633537),(0.060000000521540642,0.090000001713633537),(0.060000000521540642,0.12500000186264515),(0.02500000037252903,0.12500000186264515)));
#19252=IFCINDEXEDPOLYCURVE(#19251,(IFCLINEINDEX((1,2,3,4,1))),$);
#19253=IFCINDEXEDPOLYCURVE(#19254,(IFCLINEINDEX((1,2,3,4,1))),$);
#19254=IFCCARTESIANPOINTLIST2D(((0.56862276792526245,0.090000001713633537),(0.53362276777625084,0.090000001713633537),(0.53362276777625084,0.12500000186264515),(0.56862276792526245,0.12500000186264515)));
#19255=IFCCARTESIANPOINTLIST2D(((0.060000000521540642,0.090000001713633537),(0.53362276777625084,0.090000001713633537)));
#19256=IFCINDEXEDPOLYCURVE(#19255,$,$);
#19257=IFCINDEXEDPOLYCURVE(#19258,$,$);
#19258=IFCCARTESIANPOINTLIST2D(((0.060000000521540642,0.12500000186264515),(0.53362276777625084,0.12500000186264515)));
#19259=IFCINDEXEDPOLYCURVE(#19260,$,$);
#19260=IFCCARTESIANPOINTLIST2D(((0.060000000521540642,0.10750000178813934),(0.53362276777625084,0.10750000178813934)));
#19261=IFCCARTESIANPOINTLIST2D(((0.59362276829779148,0.05000000074505806),(1.104848574846983,0.05000000074505806)));
#19262=IFCINDEXEDPOLYCURVE(#19261,$,$);
#19263=IFCCARTESIANPOINTLIST2D(((0.56862276792526245,0.10000000149011612),(0.56862276792526245,0.10000000149011612),(0.56862276792526245,0.090000001713633537),(0.59362276829779148,0.090000001713633537),(0.59362276829779148,0.05000000074505806),(0.56862276792526245,0.05000000074505806)));
#19264=IFCINDEXEDPOLYCURVE(#19263,$,$);
#19265=IFCCARTESIANPOINTLIST2D(((1.154848575592041,0.10000000149011612),(1.129848575219512,0.10000000149011612),(1.129848575219512,0.090000001713633537),(1.104848574846983,0.090000001713633537),(1.104848574846983,0.05000000074505806),(1.154848575592041,0.05000000074505806)));
#19266=IFCINDEXEDPOLYCURVE(#19265,(IFCLINEINDEX((1,2,3,4,5,6,1))),$);
#19267=IFCCARTESIANPOINTLIST2D(((0.56862276792526245,0.090000001713633537),(0.60362276807427406,0.090000001713633537),(0.60362276807427406,0.12500000186264515),(0.56862276792526245,0.12500000186264515)));
#19268=IFCINDEXEDPOLYCURVE(#19267,(IFCLINEINDEX((1,2,3,4,1))),$);
#19269=IFCINDEXEDPOLYCURVE(#19270,(IFCLINEINDEX((1,2,3,4,1))),$);
#19270=IFCCARTESIANPOINTLIST2D(((1.129848575219512,0.090000001713633537),(1.0948485750705004,0.090000001713633537),(1.0948485750705004,0.12500000186264515),(1.129848575219512,0.12500000186264515)));
#19271=IFCCARTESIANPOINTLIST2D(((0.60362276807427406,0.090000001713633537),(1.0948485750705004,0.090000001713633537)));
#19272=IFCINDEXEDPOLYCURVE(#19271,$,$);
#19273=IFCINDEXEDPOLYCURVE(#19274,$,$);
#19274=IFCCARTESIANPOINTLIST2D(((0.60362276807427406,0.12500000186264515),(1.0948485750705004,0.12500000186264515)));
#19275=IFCINDEXEDPOLYCURVE(#19276,$,$);
#19276=IFCCARTESIANPOINTLIST2D(((0.60362276807427406,0.10750000178813934),(1.0948485750705004,0.10750000178813934)));
#19277=IFCSHAPEREPRESENTATION(#24,'Body','Curve2D',(#19246,#19248,#19250,#19252,#19253,#19256,#19257,#19259,#19262,#19264,#19266,#19268,#19269,#19272,#19273,#19275));
#19278=IFCCARTESIANPOINTLIST2D(((0.,0.),(1.154848575592041,0.),(1.154848575592041,0.89999997615814209),(0.,0.89999997615814209)));
#19279=IFCINDEXEDPOLYCURVE(#19278,(IFCLINEINDEX((1,2,3,4,1))),$);
#19280=IFCARBITRARYCLOSEDPROFILEDEF(.AREA.,$,#19279);
#19281=IFCCARTESIANPOINT((0.,-0.60000002384185791,0.));
#19282=IFCDIRECTION((0.,-1.,0.));
#19283=IFCDIRECTION((1.,0.,0.));
#19284=IFCAXIS2PLACEMENT3D(#19281,#19282,#19283);
#19285=IFCDIRECTION((0.,0.,-1.));
#19286=IFCEXTRUDEDAREASOLID(#19280,#19284,#19285,1.2);
#19287=IFCSHAPEREPRESENTATION(#11,'Body','SweptSolid',(#19286));
#19293=IFCCARTESIANPOINT((1.0596161768901471,1.2069940567016602E-06,1.));
#19294=IFCDIRECTION((0.,0.,1.));
#19295=IFCDIRECTION((0.99999999999988631,-4.7683715820307079E-07,0.));
#19296=IFCAXIS2PLACEMENT3D(#19293,#19294,#19295);
#19297=IFCLOCALPLACEMENT(#574,#19296);
#19298=IFCCARTESIANPOINT((0.,0.,0.));
#19299=IFCDIRECTION((0.,0.,1.));
#19300=IFCDIRECTION((1.,0.,0.));
#19301=IFCAXIS2PLACEMENT3D(#19298,#19299,#19300);
#19302=IFCLOCALPLACEMENT(#19297,#19301);
#19347=IFCCOLUMN('0qTmPBHiT0oAbJ0cJQEApp',$,'Column',$,$,#19354,#19358,$,$);
#19348=IFCMATERIALPROFILESETUSAGE(#17829,5,$);
#19349=IFCRELASSOCIATESMATERIAL('2oiuS_65j8lgLBAHUAo83r',$,$,$,(#19347),#19348);
#19350=IFCCARTESIANPOINT((0.22573494911193848,6.4698562622070312,0.));
#19351=IFCDIRECTION((0.,0.,1.));
#19352=IFCDIRECTION((1.,0.,0.));
#19353=IFCAXIS2PLACEMENT3D(#19350,#19351,#19352);
#19354=IFCLOCALPLACEMENT(#6235,#19353);
#19355=IFCCARTESIANPOINTLIST3D(((0.,0.,0.),(0.,0.,3.)));
#19356=IFCINDEXEDPOLYCURVE(#19355,$,.F.);
#19357=IFCSHAPEREPRESENTATION(#12,'Axis','Curve3D',(#19356));
#19358=IFCPRODUCTDEFINITIONSHAPE($,$,(#19357,#19365));
#19359=IFCCARTESIANPOINT((0.,0.,0.));
#19360=IFCDIRECTION((0.,0.,1.));
#19361=IFCDIRECTION((1.,0.,0.));
#19362=IFCAXIS2PLACEMENT3D(#19359,#19360,#19361);
#19363=IFCDIRECTION((0.,0.,1.));
#19364=IFCEXTRUDEDAREASOLID(#17828,#19362,#19363,3.);
#19365=IFCSHAPEREPRESENTATION(#11,'Body','SweptSolid',(#19364));
#19366=IFCPROPERTYSET('2$joDRbXrBQgEgXy2ISggW',$,'EPset_Parametric',$,(#19368));
#19367=IFCRELDEFINESBYPROPERTIES('2MiBwlNAz9AxRiEwfVpIhE',$,$,$,(#19347),#19366);
#19368=IFCPROPERTYSINGLEVALUE('Engine',$,IFCLABEL('Bonsai.DumbProfile'),$);
#19369=IFCCOLUMN('3_WBFn1QPCnh14dtfvTL4A',$,'Column',$,$,#19376,#19380,$,$);
#19370=IFCMATERIALPROFILESETUSAGE(#17829,5,$);
#19371=IFCRELASSOCIATESMATERIAL('2U_5aNj6bD3erdXnv3c3wL',$,$,$,(#19369),#19370);
#19372=IFCCARTESIANPOINT((4.2257342338562012,6.469855785369873,0.));
#19373=IFCDIRECTION((0.,0.,1.));
#19374=IFCDIRECTION((1.,0.,0.));
#19375=IFCAXIS2PLACEMENT3D(#19372,#19373,#19374);
#19376=IFCLOCALPLACEMENT(#6235,#19375);
#19377=IFCCARTESIANPOINTLIST3D(((0.,0.,0.),(0.,0.,3.)));
#19378=IFCINDEXEDPOLYCURVE(#19377,$,.F.);
#19379=IFCSHAPEREPRESENTATION(#12,'Axis','Curve3D',(#19378));
#19380=IFCPRODUCTDEFINITIONSHAPE($,$,(#19379,#19387));
#19381=IFCCARTESIANPOINT((0.,0.,0.));
#19382=IFCDIRECTION((0.,0.,1.));
#19383=IFCDIRECTION((1.,0.,0.));
#19384=IFCAXIS2PLACEMENT3D(#19381,#19382,#19383);
#19385=IFCDIRECTION((0.,0.,1.));
#19386=IFCEXTRUDEDAREASOLID(#17828,#19384,#19385,3.);
#19387=IFCSHAPEREPRESENTATION(#11,'Body','SweptSolid',(#19386));
#19388=IFCPROPERTYSET('2PWOXH_FDBI9bmg8Trj7Vq',$,'EPset_Parametric',$,(#19390));
#19389=IFCRELDEFINESBYPROPERTIES('0fhD_gsU949xCLJC6t7gzp',$,$,$,(#19369),#19388);
#19390=IFCPROPERTYSINGLEVALUE('Engine',$,IFCLABEL('Bonsai.DumbProfile'),$);
#19413=IFCCOLUMN('1YD55F9Vv8NQu_9jJ6iu82',$,'Column',$,$,#19420,#19424,$,$);
#19414=IFCMATERIALPROFILESETUSAGE(#17829,5,$);
#19415=IFCRELASSOCIATESMATERIAL('14zX4nEB1AXQeWLOpy4Sx2',$,$,$,(#19413),#19414);
#19416=IFCCARTESIANPOINT((-2.7742652893066406,5.0198569297790527,0.));
#19417=IFCDIRECTION((0.,0.,1.));
#19418=IFCDIRECTION((1.,0.,0.));
#19419=IFCAXIS2PLACEMENT3D(#19416,#19417,#19418);
#19420=IFCLOCALPLACEMENT(#6235,#19419);
#19421=IFCCARTESIANPOINTLIST3D(((0.,0.,0.),(0.,0.,3.)));
#19422=IFCINDEXEDPOLYCURVE(#19421,$,.F.);
#19423=IFCSHAPEREPRESENTATION(#12,'Axis','Curve3D',(#19422));
#19424=IFCPRODUCTDEFINITIONSHAPE($,$,(#19423,#19431));
#19425=IFCCARTESIANPOINT((0.,0.,0.));
#19426=IFCDIRECTION((0.,0.,1.));
#19427=IFCDIRECTION((1.,0.,0.));
#19428=IFCAXIS2PLACEMENT3D(#19425,#19426,#19427);
#19429=IFCDIRECTION((0.,0.,1.));
#19430=IFCEXTRUDEDAREASOLID(#17828,#19428,#19429,3.);
#19431=IFCSHAPEREPRESENTATION(#11,'Body','SweptSolid',(#19430));
#19432=IFCPROPERTYSET('08RWguG1XDIfPgKRwnlxV2',$,'EPset_Parametric',$,(#19434));
#19433=IFCRELDEFINESBYPROPERTIES('0ORRdxfoz0u8Xcl8vlzYmA',$,$,$,(#19413),#19432);
#19434=IFCPROPERTYSINGLEVALUE('Engine',$,IFCLABEL('Bonsai.DumbProfile'),$);
#19435=IFCCOLUMN('12BpN7e3X3qghHN03r29Q6',$,'Column',$,$,#19442,#19446,$,$);
#19436=IFCMATERIALPROFILESETUSAGE(#17829,5,$);
#19437=IFCRELASSOCIATESMATERIAL('23vhVtlRDCFg4eO8W8Ybe5',$,$,$,(#19435),#19436);
#19438=IFCCARTESIANPOINT((-2.7666282653808594,-0.12883424758911133,0.));
#19439=IFCDIRECTION((0.,0.,1.));
#19440=IFCDIRECTION((1.,0.,0.));
#19441=IFCAXIS2PLACEMENT3D(#19438,#19439,#19440);
#19442=IFCLOCALPLACEMENT(#6235,#19441);
#19443=IFCCARTESIANPOINTLIST3D(((0.,0.,0.),(0.,0.,3.)));
#19444=IFCINDEXEDPOLYCURVE(#19443,$,.F.);
#19445=IFCSHAPEREPRESENTATION(#12,'Axis','Curve3D',(#19444));
#19446=IFCPRODUCTDEFINITIONSHAPE($,$,(#19445,#19453));
#19447=IFCCARTESIANPOINT((0.,0.,0.));
#19448=IFCDIRECTION((0.,0.,1.));
#19449=IFCDIRECTION((1.,0.,0.));
#19450=IFCAXIS2PLACEMENT3D(#19447,#19448,#19449);
#19451=IFCDIRECTION((0.,0.,1.));
#19452=IFCEXTRUDEDAREASOLID(#17828,#19450,#19451,3.);
#19453=IFCSHAPEREPRESENTATION(#11,'Body','SweptSolid',(#19452));
#19454=IFCPROPERTYSET('3CPamtTnb2IxCO6BIibdbQ',$,'EPset_Parametric',$,(#19456));
#19455=IFCRELDEFINESBYPROPERTIES('3LmXzHx6f54OjuYf1rZUAa',$,$,$,(#19435),#19454);
#19456=IFCPROPERTYSINGLEVALUE('Engine',$,IFCLABEL('Bonsai.DumbProfile'),$);
#19787=IFCCOLUMN('3mpN5llQj3gAh2EB8otPzL',$,'Column',$,$,#19794,#19798,$,$);
#19788=IFCMATERIALPROFILESETUSAGE(#17829,5,$);
#19789=IFCRELASSOCIATESMATERIAL('3EbFKV7ob9GRgYiuQmXmoY',$,$,$,(#19787),#19788);
#19790=IFCCARTESIANPOINT((-2.7719857692718506,2.6222198009490967,0.));
#19791=IFCDIRECTION((0.,0.,1.));
#19792=IFCDIRECTION((1.,0.,0.));
#19793=IFCAXIS2PLACEMENT3D(#19790,#19791,#19792);
#19794=IFCLOCALPLACEMENT(#6235,#19793);
#19798=IFCPRODUCTDEFINITIONSHAPE($,$,(#20101,#20108));
#19806=IFCPROPERTYSET('0q2MSnxRP88vwIwtuLNQuD',$,'EPset_Parametric',$,(#19808));
#19807=IFCRELDEFINESBYPROPERTIES('0g8W7joo132gDc7qqOjurk',$,$,$,(#19787),#19806);
#19808=IFCPROPERTYSINGLEVALUE('Engine',$,IFCLABEL('Bonsai.DumbProfile'),$);
#19809=IFCCOLUMN('3leZifg_v7WAieJQKCgbUO',$,'Column',$,$,#19816,#19820,$,$);
#19810=IFCMATERIALPROFILESETUSAGE(#17829,5,$);
#19811=IFCRELASSOCIATESMATERIAL('1fvbcvkWj3FfYKc$aAmqv$',$,$,$,(#19809),#19810);
#19812=IFCCARTESIANPOINT((0.22573363780975342,-0.13014411926269531,0.));
#19813=IFCDIRECTION((0.,0.,1.));
#19814=IFCDIRECTION((1.,0.,0.));
#19815=IFCAXIS2PLACEMENT3D(#19812,#19813,#19814);
#19816=IFCLOCALPLACEMENT(#6235,#19815);
#19820=IFCPRODUCTDEFINITIONSHAPE($,$,(#20111,#20118));
#19828=IFCPROPERTYSET('0HLEjBatP2_u5Nv5Z2uRm7',$,'EPset_Parametric',$,(#19830));
#19829=IFCRELDEFINESBYPROPERTIES('0oJVLbMob55QpkdzTTrERx',$,$,$,(#19809),#19828);
#19830=IFCPROPERTYSINGLEVALUE('Engine',$,IFCLABEL('Bonsai.DumbProfile'),$);
#19831=IFCCOLUMN('2WlVx5vyb97hkAuXjRmxWy',$,'Column',$,$,#19838,#19842,$,$);
#19832=IFCMATERIALPROFILESETUSAGE(#17829,5,$);
#19833=IFCRELASSOCIATESMATERIAL('0xmyVPArjAABp30D$JN2J6',$,$,$,(#19831),#19832);
#19834=IFCCARTESIANPOINT((4.2257356643676758,5.0198569297790527,0.));
#19835=IFCDIRECTION((0.,0.,1.));
#19836=IFCDIRECTION((1.,0.,0.));
#19837=IFCAXIS2PLACEMENT3D(#19834,#19835,#19836);
#19838=IFCLOCALPLACEMENT(#6235,#19837);
#19842=IFCPRODUCTDEFINITIONSHAPE($,$,(#20121,#20128));
#19850=IFCPROPERTYSET('1ZUqxxgOzFq9ib84084V1x',$,'EPset_Parametric',$,(#19852));
#19851=IFCRELDEFINESBYPROPERTIES('1J4KmqdP9AA9F_RmU4ecJn',$,$,$,(#19831),#19850);
#19852=IFCPROPERTYSINGLEVALUE('Engine',$,IFCLABEL('Bonsai.DumbProfile'),$);
#19853=IFCCOLUMN('3TyKfkPDX8if__ZjzzSkUG',$,'Column',$,$,#19860,#19864,$,$);
#19854=IFCMATERIALPROFILESETUSAGE(#17829,5,$);
#19855=IFCRELASSOCIATESMATERIAL('1HWrdwvGj7y8oZQhecYJiW',$,$,$,(#19853),#19854);
#19856=IFCCARTESIANPOINT((4.2257356643676758,2.6198563575744629,0.));
#19857=IFCDIRECTION((0.,0.,1.));
#19858=IFCDIRECTION((1.,0.,0.));
#19859=IFCAXIS2PLACEMENT3D(#19856,#19857,#19858);
#19860=IFCLOCALPLACEMENT(#6235,#19859);
#19864=IFCPRODUCTDEFINITIONSHAPE($,$,(#20131,#20138));
#19872=IFCPROPERTYSET('2XhGd$ZMjEpvUNFlIGX0GV',$,'EPset_Parametric',$,(#19874));
#19873=IFCRELDEFINESBYPROPERTIES('1DCDUbkbn9NOBEgHlL9aXk',$,$,$,(#19853),#19872);
#19874=IFCPROPERTYSINGLEVALUE('Engine',$,IFCLABEL('Bonsai.DumbProfile'),$);
#19875=IFCCOLUMN('0QIDhhQpvFQBsjbwddhoJc',$,'Column',$,$,#19882,#19886,$,$);
#19876=IFCMATERIALPROFILESETUSAGE(#17829,5,$);
#19877=IFCRELASSOCIATESMATERIAL('1S1JEEnHz0QuGTrkDwtbet',$,$,$,(#19875),#19876);
#19878=IFCCARTESIANPOINT((4.225736141204834,-0.13014411926269531,0.));
#19879=IFCDIRECTION((0.,0.,1.));
#19880=IFCDIRECTION((1.,0.,0.));
#19881=IFCAXIS2PLACEMENT3D(#19878,#19879,#19880);
#19882=IFCLOCALPLACEMENT(#6235,#19881);
#19886=IFCPRODUCTDEFINITIONSHAPE($,$,(#20141,#20148));
#19894=IFCPROPERTYSET('1yxH6sdpbBJeYRD5bF0roy',$,'EPset_Parametric',$,(#19896));
#19895=IFCRELDEFINESBYPROPERTIES('2rDDSJOjP6LQQBUIQz_O7x',$,$,$,(#19875),#19894);
#19896=IFCPROPERTYSINGLEVALUE('Engine',$,IFCLABEL('Bonsai.DumbProfile'),$);
#19897=IFCCOLUMN('2OyS$6H_f2JeEDRKQNiQv8',$,'Column',$,$,#19904,#19908,$,$);
#19898=IFCMATERIALPROFILESETUSAGE(#17829,5,$);
#19899=IFCRELASSOCIATESMATERIAL('0NbqZ9SQn1HeG70jsUwaKK',$,$,$,(#19897),#19898);
#19900=IFCCARTESIANPOINT((4.225733757019043,-2.5801441669464111,0.));
#19901=IFCDIRECTION((0.,0.,1.));
#19902=IFCDIRECTION((1.,0.,0.));
#19903=IFCAXIS2PLACEMENT3D(#19900,#19901,#19902);
#19904=IFCLOCALPLACEMENT(#6235,#19903);
#19908=IFCPRODUCTDEFINITIONSHAPE($,$,(#20151,#20158));
#19916=IFCPROPERTYSET('0UUiGSNij8WuFJ$jNTnSM1',$,'EPset_Parametric',$,(#19918));
#19917=IFCRELDEFINESBYPROPERTIES('1BrQgqkQX4lh2XOg1EeiFw',$,$,$,(#19897),#19916);
#19918=IFCPROPERTYSINGLEVALUE('Engine',$,IFCLABEL('Bonsai.DumbProfile'),$);
#20099=IFCCARTESIANPOINTLIST3D(((0.,0.,0.),(0.,0.,3.)));
#20100=IFCINDEXEDPOLYCURVE(#20099,$,.F.);
#20101=IFCSHAPEREPRESENTATION(#12,'Axis','Curve3D',(#20100));
#20102=IFCCARTESIANPOINT((0.,0.,0.));
#20103=IFCDIRECTION((0.,0.,1.));
#20104=IFCDIRECTION((1.,0.,0.));
#20105=IFCAXIS2PLACEMENT3D(#20102,#20103,#20104);
#20106=IFCDIRECTION((0.,0.,1.));
#20107=IFCEXTRUDEDAREASOLID(#17828,#20105,#20106,3.);
#20108=IFCSHAPEREPRESENTATION(#11,'Body','SweptSolid',(#20107));
#20109=IFCCARTESIANPOINTLIST3D(((0.,0.,0.),(0.,0.,3.)));
#20110=IFCINDEXEDPOLYCURVE(#20109,$,.F.);
#20111=IFCSHAPEREPRESENTATION(#12,'Axis','Curve3D',(#20110));
#20112=IFCCARTESIANPOINT((0.,0.,0.));
#20113=IFCDIRECTION((0.,0.,1.));
#20114=IFCDIRECTION((1.,0.,0.));
#20115=IFCAXIS2PLACEMENT3D(#20112,#20113,#20114);
#20116=IFCDIRECTION((0.,0.,1.));
#20117=IFCEXTRUDEDAREASOLID(#17828,#20115,#20116,3.);
#20118=IFCSHAPEREPRESENTATION(#11,'Body','SweptSolid',(#20117));
#20119=IFCCARTESIANPOINTLIST3D(((0.,0.,0.),(0.,0.,3.)));
#20120=IFCINDEXEDPOLYCURVE(#20119,$,.F.);
#20121=IFCSHAPEREPRESENTATION(#12,'Axis','Curve3D',(#20120));
#20122=IFCCARTESIANPOINT((0.,0.,0.));
#20123=IFCDIRECTION((0.,0.,1.));
#20124=IFCDIRECTION((1.,0.,0.));
#20125=IFCAXIS2PLACEMENT3D(#20122,#20123,#20124);
#20126=IFCDIRECTION((0.,0.,1.));
#20127=IFCEXTRUDEDAREASOLID(#17828,#20125,#20126,3.);
#20128=IFCSHAPEREPRESENTATION(#11,'Body','SweptSolid',(#20127));
#20129=IFCCARTESIANPOINTLIST3D(((0.,0.,0.),(0.,0.,3.)));
#20130=IFCINDEXEDPOLYCURVE(#20129,$,.F.);
#20131=IFCSHAPEREPRESENTATION(#12,'Axis','Curve3D',(#20130));
#20132=IFCCARTESIANPOINT((0.,0.,0.));
#20133=IFCDIRECTION((0.,0.,1.));
#20134=IFCDIRECTION((1.,0.,0.));
#20135=IFCAXIS2PLACEMENT3D(#20132,#20133,#20134);
#20136=IFCDIRECTION((0.,0.,1.));
#20137=IFCEXTRUDEDAREASOLID(#17828,#20135,#20136,3.);
#20138=IFCSHAPEREPRESENTATION(#11,'Body','SweptSolid',(#20137));
#20139=IFCCARTESIANPOINTLIST3D(((0.,0.,0.),(0.,0.,3.)));
#20140=IFCINDEXEDPOLYCURVE(#20139,$,.F.);
#20141=IFCSHAPEREPRESENTATION(#12,'Axis','Curve3D',(#20140));
#20142=IFCCARTESIANPOINT((0.,0.,0.));
#20143=IFCDIRECTION((0.,0.,1.));
#20144=IFCDIRECTION((1.,0.,0.));
#20145=IFCAXIS2PLACEMENT3D(#20142,#20143,#20144);
#20146=IFCDIRECTION((0.,0.,1.));
#20147=IFCEXTRUDEDAREASOLID(#17828,#20145,#20146,3.);
#20148=IFCSHAPEREPRESENTATION(#11,'Body','SweptSolid',(#20147));
#20149=IFCCARTESIANPOINTLIST3D(((0.,0.,0.),(0.,0.,3.)));
#20150=IFCINDEXEDPOLYCURVE(#20149,$,.F.);
#20151=IFCSHAPEREPRESENTATION(#12,'Axis','Curve3D',(#20150));
#20152=IFCCARTESIANPOINT((0.,0.,0.));
#20153=IFCDIRECTION((0.,0.,1.));
#20154=IFCDIRECTION((1.,0.,0.));
#20155=IFCAXIS2PLACEMENT3D(#20152,#20153,#20154);
#20156=IFCDIRECTION((0.,0.,1.));
#20157=IFCEXTRUDEDAREASOLID(#17828,#20155,#20156,3.);
#20158=IFCSHAPEREPRESENTATION(#11,'Body','SweptSolid',(#20157));
#20159=IFCCOLUMN('0pXnfArfT6zRGMD1A3EkJc',$,'Column',$,$,#20185,#20170,$,$);
#20160=IFCMATERIALPROFILESETUSAGE(#17829,5,$);
#20161=IFCRELASSOCIATESMATERIAL('20OXoO1X55aQDtC63iKlKB',$,$,$,(#20159),#20160);
#20167=IFCCARTESIANPOINTLIST3D(((0.,0.,0.),(0.,0.,3.)));
#20168=IFCINDEXEDPOLYCURVE(#20167,$,.F.);
#20169=IFCSHAPEREPRESENTATION(#12,'Axis','Curve3D',(#20168));
#20170=IFCPRODUCTDEFINITIONSHAPE($,$,(#20169,#20177));
#20171=IFCCARTESIANPOINT((0.,0.,0.));
#20172=IFCDIRECTION((0.,0.,1.));
#20173=IFCDIRECTION((1.,0.,0.));
#20174=IFCAXIS2PLACEMENT3D(#20171,#20172,#20173);
#20175=IFCDIRECTION((0.,0.,1.));
#20176=IFCEXTRUDEDAREASOLID(#17828,#20174,#20175,3.);
#20177=IFCSHAPEREPRESENTATION(#11,'Body','SweptSolid',(#20176));
#20178=IFCPROPERTYSET('1FrmK3nev0aOJVHbSh8rXH',$,'EPset_Parametric',$,(#20180));
#20179=IFCRELDEFINESBYPROPERTIES('1sZArhucnEZAUzcR4cjmi6',$,$,$,(#20159),#20178);
#20180=IFCPROPERTYSINGLEVALUE('Engine',$,IFCLABEL('Bonsai.DumbProfile'),$);
#20181=IFCCARTESIANPOINT((0.22583450376987457,5.0198569297790527,0.));
#20182=IFCDIRECTION((0.,0.,1.));
#20183=IFCDIRECTION((1.,0.,0.));
#20184=IFCAXIS2PLACEMENT3D(#20181,#20182,#20183);
#20185=IFCLOCALPLACEMENT(#6235,#20184);
#20186=IFCCOLUMN('38ZqpvbDn4gAXNEomQhHnt',$,'Column',$,$,#20212,#20197,$,$);
#20192=IFCRELASSOCIATESMATERIAL('1WqGKEnED0txBuLKbLoY73',$,$,$,(#20186),#20193);
#20193=IFCMATERIALPROFILESETUSAGE(#17829,5,$);
#20194=IFCRELDEFINESBYPROPERTIES('35SdSqOd93kwfp4tulyEzT',$,$,$,(#20186),#20195);
#20195=IFCPROPERTYSET('2YI6Hw_9T0Vx3lA1rjZJ5i',$,'EPset_Parametric',$,(#20196));
#20196=IFCPROPERTYSINGLEVALUE('Engine',$,IFCLABEL('Bonsai.DumbProfile'),$);
#20197=IFCPRODUCTDEFINITIONSHAPE($,$,(#20198,#20201));
#20198=IFCSHAPEREPRESENTATION(#12,'Axis','Curve3D',(#20199));
#20199=IFCINDEXEDPOLYCURVE(#20200,$,.F.);
#20200=IFCCARTESIANPOINTLIST3D(((0.,0.,0.),(0.,0.,3.)));
#20201=IFCSHAPEREPRESENTATION(#11,'Body','SweptSolid',(#20202));
#20202=IFCEXTRUDEDAREASOLID(#17828,#20203,#20207,3.);
#20203=IFCAXIS2PLACEMENT3D(#20204,#20205,#20206);
#20204=IFCCARTESIANPOINT((0.,0.,0.));
#20205=IFCDIRECTION((0.,0.,1.));
#20206=IFCDIRECTION((1.,0.,0.));
#20207=IFCDIRECTION((0.,0.,1.));
#20208=IFCCARTESIANPOINT((0.22583460807800293,2.6222198009490967,0.));
#20209=IFCDIRECTION((0.,0.,1.));
#20210=IFCDIRECTION((1.,0.,0.));
#20211=IFCAXIS2PLACEMENT3D(#20208,#20209,#20210);
#20212=IFCLOCALPLACEMENT(#6235,#20211);
#20213=IFCBEAM('0nZ63ru$XF_uCu0zaz114Q',$,'Beam',$,$,#20220,#20224,$,$);
#20214=IFCMATERIALPROFILESETUSAGE(#18547,7,$);
#20215=IFCRELASSOCIATESMATERIAL('3x9oZngNz1qhHcKiUFb3id',$,$,$,(#20213),#20214);
#20216=IFCCARTESIANPOINT((-0.024265050888061523,6.7198562622070312,3.));
#20217=IFCDIRECTION((0.99999999999993172,-3.1391646354932689E-07,1.9470718110398157E-07));
#20218=IFCDIRECTION((3.1391646354933271E-07,0.99999999999995026,-2.9802315282266049E-08));
#20219=IFCAXIS2PLACEMENT3D(#20216,#20217,#20218);
#20220=IFCLOCALPLACEMENT(#6235,#20219);
#20221=IFCCARTESIANPOINTLIST3D(((0.,0.,0.),(0.,0.,4.4999991522894423)));
#20222=IFCINDEXEDPOLYCURVE(#20221,$,.F.);
#20223=IFCSHAPEREPRESENTATION(#12,'Axis','Curve3D',(#20222));
#20224=IFCPRODUCTDEFINITIONSHAPE($,$,(#20223,#20231));
#20225=IFCCARTESIANPOINT((-0.25,-0.25,0.));
#20226=IFCDIRECTION((0.,0.,1.));
#20227=IFCDIRECTION((1.,0.,0.));
#20228=IFCAXIS2PLACEMENT3D(#20225,#20226,#20227);
#20229=IFCDIRECTION((0.,0.,1.));
#20230=IFCEXTRUDEDAREASOLID(#17828,#20228,#20229,4.4999991522894423);
#20231=IFCSHAPEREPRESENTATION(#11,'Body','SweptSolid',(#20230));
#20232=IFCPROPERTYSET('1E6PFKBer7jQt9mu$c8Ikx',$,'EPset_Parametric',$,(#20234));
#20233=IFCRELDEFINESBYPROPERTIES('0ifVfxbu1ERgEum$p_Fgaq',$,$,$,(#20213),#20232);
#20234=IFCPROPERTYSINGLEVALUE('Engine',$,IFCLABEL('Bonsai.DumbProfile'),$);
#20235=IFCBEAM('18uYt169f0RerGx2wYauq7',$,'Beam',$,$,#20242,#20246,$,$);
#20236=IFCMATERIALPROFILESETUSAGE(#18547,7,$);
#20237=IFCRELASSOCIATESMATERIAL('0rP6qGarDEfhrQDrJuYVCG',$,$,$,(#20235),#20236);
#20238=IFCCARTESIANPOINT((-3.0242652893066406,5.2698569297790527,3.));
#20239=IFCDIRECTION((0.99999999999962197,-6.7154417777663053E-07,5.5233503743989558E-07));
#20240=IFCDIRECTION((6.7154434830699024E-07,0.9999999999997301,-2.9802319190244388E-07));
#20241=IFCAXIS2PLACEMENT3D(#20238,#20239,#20240);
#20242=IFCLOCALPLACEMENT(#6235,#20241);
#20243=IFCCARTESIANPOINTLIST3D(((0.,0.,0.),(0.,0.,7.5000010172525355)));
#20244=IFCINDEXEDPOLYCURVE(#20243,$,.F.);
#20245=IFCSHAPEREPRESENTATION(#12,'Axis','Curve3D',(#20244));
#20246=IFCPRODUCTDEFINITIONSHAPE($,$,(#20245,#20253));
#20247=IFCCARTESIANPOINT((-0.25,-0.25,0.));
#20248=IFCDIRECTION((0.,0.,1.));
#20249=IFCDIRECTION((1.,0.,0.));
#20250=IFCAXIS2PLACEMENT3D(#20247,#20248,#20249);
#20251=IFCDIRECTION((0.,0.,1.));
#20252=IFCEXTRUDEDAREASOLID(#17828,#20250,#20251,7.5000010172525355);
#20253=IFCSHAPEREPRESENTATION(#11,'Body','SweptSolid',(#20252));
#20254=IFCPROPERTYSET('2WAy_f8HjCpxtqA$NWfqgC',$,'EPset_Parametric',$,(#20256));
#20255=IFCRELDEFINESBYPROPERTIES('0jYNWDJ$93_w1TbNAKk29F',$,$,$,(#20235),#20254);
#20256=IFCPROPERTYSINGLEVALUE('Engine',$,IFCLABEL('Bonsai.DumbProfile'),$);
#20257=IFCBEAM('1v0B5ZaOX459tqf31L1dIB',$,'Beam',$,$,#20264,#20268,$,$);
#20258=IFCMATERIALPROFILESETUSAGE(#18547,7,$);
#20259=IFCRELASSOCIATESMATERIAL('2XHyci8R9BDe3ceEMDYr4X',$,$,$,(#20257),#20258);
#20260=IFCCARTESIANPOINT((-3.0219857692718506,2.8722198009490967,3.));
#20261=IFCDIRECTION((0.99999995022882371,-0.00031550326829169427,1.9470718301864259E-07));
#20262=IFCDIRECTION((0.00031550326829170007,0.99999995022884214,-2.9788223735542858E-08));
#20263=IFCAXIS2PLACEMENT3D(#20260,#20261,#20262);
#20264=IFCLOCALPLACEMENT(#6235,#20263);
#20265=IFCCARTESIANPOINTLIST3D(((0.,0.,0.),(0.,0.,7.4977221435884331)));
#20266=IFCINDEXEDPOLYCURVE(#20265,$,.F.);
#20267=IFCSHAPEREPRESENTATION(#12,'Axis','Curve3D',(#20266));
#20268=IFCPRODUCTDEFINITIONSHAPE($,$,(#20267,#20275));
#20269=IFCCARTESIANPOINT((-0.25,-0.25,0.));
#20270=IFCDIRECTION((0.,0.,1.));
#20271=IFCDIRECTION((1.,0.,0.));
#20272=IFCAXIS2PLACEMENT3D(#20269,#20270,#20271);
#20273=IFCDIRECTION((0.,0.,1.));
#20274=IFCEXTRUDEDAREASOLID(#17828,#20272,#20273,7.4977221435884331);
#20275=IFCSHAPEREPRESENTATION(#11,'Body','SweptSolid',(#20274));
#20276=IFCPROPERTYSET('1ccXDM2JDAPfeU3BGmlIpM',$,'EPset_Parametric',$,(#20278));
#20277=IFCRELDEFINESBYPROPERTIES('2n7Xg1LLb38fH8kPug8TgQ',$,$,$,(#20257),#20276);
#20278=IFCPROPERTYSINGLEVALUE('Engine',$,IFCLABEL('Bonsai.DumbProfile'),$);
#20279=IFCBEAM('0vrQMH0wL5XhZWUzWjRDFO',$,'Beam',$,$,#20286,#20290,$,$);
#20280=IFCMATERIALPROFILESETUSAGE(#18547,7,$);
#20281=IFCRELASSOCIATESMATERIAL('0ynCD0d1H3ZgsleUYxhqz0',$,$,$,(#20279),#20280);
#20282=IFCCARTESIANPOINT((-3.0166282653808594,0.12116575241088867,3.));
#20283=IFCDIRECTION((0.99999998463255568,-0.00017531315052634231,4.3312574833871582E-07));
#20284=IFCDIRECTION((0.00017531315052635681,0.99999998463263839,-1.4899336113176744E-07));
#20285=IFCAXIS2PLACEMENT3D(#20282,#20283,#20284);
#20286=IFCLOCALPLACEMENT(#6235,#20285);
#20287=IFCCARTESIANPOINTLIST3D(((0.,0.,0.),(0.,0.,7.4923645443557847)));
#20288=IFCINDEXEDPOLYCURVE(#20287,$,.F.);
#20289=IFCSHAPEREPRESENTATION(#12,'Axis','Curve3D',(#20288));
#20290=IFCPRODUCTDEFINITIONSHAPE($,$,(#20289,#20297));
#20291=IFCCARTESIANPOINT((-0.25,-0.25,0.));
#20292=IFCDIRECTION((0.,0.,1.));
#20293=IFCDIRECTION((1.,0.,0.));
#20294=IFCAXIS2PLACEMENT3D(#20291,#20292,#20293);
#20295=IFCDIRECTION((0.,0.,1.));
#20296=IFCEXTRUDEDAREASOLID(#17828,#20294,#20295,7.4923645443557847);
#20297=IFCSHAPEREPRESENTATION(#11,'Body','SweptSolid',(#20296));
#20298=IFCPROPERTYSET('3AWCYIr0rD7fHey4uyEp9L',$,'EPset_Parametric',$,(#20300));
#20299=IFCRELDEFINESBYPROPERTIES('0TY95SY2z46BmEUzFAOAIp',$,$,$,(#20279),#20298);
#20300=IFCPROPERTYSINGLEVALUE('Engine',$,IFCLABEL('Bonsai.DumbProfile'),$);
#20323=IFCBEAM('2Az5lNIw17gQF1yr2d0njO',$,'Beam',$,$,#20330,#20334,$,$);
#20324=IFCMATERIALPROFILESETUSAGE(#18547,7,$);
#20325=IFCRELASSOCIATESMATERIAL('3CTv3ebiXBCwlGH73KGONi',$,$,$,(#20323),#20324);
#20326=IFCCARTESIANPOINT((0.47573494911193848,6.7198562622070312,3.));
#20327=IFCDIRECTION((1.4036471764824291E-05,-0.99999999990148591,7.5497898651203793E-08));
#20328=IFCDIRECTION((0.9999999999014888,1.403647183768012E-05,0.));
#20329=IFCAXIS2PLACEMENT3D(#20326,#20327,#20328);
#20330=IFCLOCALPLACEMENT(#6235,#20329);
#20331=IFCCARTESIANPOINTLIST3D(((0.,0.,0.),(0.,0.,7.1000002585944522)));
#20332=IFCINDEXEDPOLYCURVE(#20331,$,.F.);
#20333=IFCSHAPEREPRESENTATION(#12,'Axis','Curve3D',(#20332));
#20334=IFCPRODUCTDEFINITIONSHAPE($,$,(#20333,#20341));
#20335=IFCCARTESIANPOINT((-0.25,-0.25,0.));
#20336=IFCDIRECTION((0.,0.,1.));
#20337=IFCDIRECTION((1.,0.,0.));
#20338=IFCAXIS2PLACEMENT3D(#20335,#20336,#20337);
#20339=IFCDIRECTION((0.,0.,1.));
#20340=IFCEXTRUDEDAREASOLID(#17828,#20338,#20339,7.1000002585944522);
#20341=IFCSHAPEREPRESENTATION(#11,'Body','SweptSolid',(#20340));
#20342=IFCPROPERTYSET('0Ysn99ybnEkxHveGGKGNtR',$,'EPset_Parametric',$,(#20344));
#20343=IFCRELDEFINESBYPROPERTIES('0yWwkziSvC3Qa01juyVB2K',$,$,$,(#20323),#20342);
#20344=IFCPROPERTYSINGLEVALUE('Engine',$,IFCLABEL('Bonsai.DumbProfile'),$);
#20345=IFCBEAM('063Sh6rjnE09A7LApU86Np',$,'Beam',$,$,#20352,#20356,$,$);
#20346=IFCMATERIALPROFILESETUSAGE(#18547,7,$);
#20347=IFCRELASSOCIATESMATERIAL('3IQ0rL5JD6zB554AnhhzHw',$,$,$,(#20345),#20346);
#20348=IFCCARTESIANPOINT((-2.5242652893066406,5.2698569297790527,3.));
#20349=IFCDIRECTION((0.0013519972741579656,-0.99999908605124865,1.9470717462800997E-07));
#20350=IFCDIRECTION((0.99999908605132815,0.0013519972294026138,-3.1975998990248E-10));
#20351=IFCAXIS2PLACEMENT3D(#20348,#20349,#20350);
#20352=IFCLOCALPLACEMENT(#6235,#20351);
#20353=IFCCARTESIANPOINTLIST3D(((0.,0.,0.),(0.,0.,5.6486964213467701)));
#20354=IFCINDEXEDPOLYCURVE(#20353,$,.F.);
#20355=IFCSHAPEREPRESENTATION(#12,'Axis','Curve3D',(#20354));
#20356=IFCPRODUCTDEFINITIONSHAPE($,$,(#20355,#20363));
#20357=IFCCARTESIANPOINT((-0.25,-0.25,0.));
#20358=IFCDIRECTION((0.,0.,1.));
#20359=IFCDIRECTION((1.,0.,0.));
#20360=IFCAXIS2PLACEMENT3D(#20357,#20358,#20359);
#20361=IFCDIRECTION((0.,0.,1.));
#20362=IFCEXTRUDEDAREASOLID(#17828,#20360,#20361,5.6486964213467701);
#20363=IFCSHAPEREPRESENTATION(#11,'Body','SweptSolid',(#20362));
#20364=IFCPROPERTYSET('2aPcnxLozEhhzy5HCJdDDo',$,'EPset_Parametric',$,(#20366));
#20365=IFCRELDEFINESBYPROPERTIES('2DgKa8x_HCOeslyfjafmlA',$,$,$,(#20345),#20364);
#20366=IFCPROPERTYSINGLEVALUE('Engine',$,IFCLABEL('Bonsai.DumbProfile'),$);
#20369=IFCBEAM('3dDoafraPF3vYuEFAo_PZs',$,'Beam',$,$,#20376,#20380,$,$);
#20370=IFCMATERIALPROFILESETUSAGE(#18547,7,$);
#20371=IFCRELASSOCIATESMATERIAL('0k9Q3fnKr5tAG_lP4brGJz',$,$,$,(#20369),#20370);
#20372=IFCCARTESIANPOINT((4.4757342338562012,6.719855785369873,3.));
#20373=IFCDIRECTION((-4.9930590640543382E-08,-0.99999999999999589,7.5497898658641086E-08));
#20374=IFCDIRECTION((0.99999999999999889,-4.9930591217162093E-08,2.5121478909004567E-15));
#20375=IFCAXIS2PLACEMENT3D(#20372,#20373,#20374);
#20376=IFCLOCALPLACEMENT(#6235,#20375);
#20377=IFCCARTESIANPOINTLIST3D(((0.,0.,0.),(0.,0.,9.5500003674891651)));
#20378=IFCINDEXEDPOLYCURVE(#20377,$,.F.);
#20379=IFCSHAPEREPRESENTATION(#12,'Axis','Curve3D',(#20378));
#20380=IFCPRODUCTDEFINITIONSHAPE($,$,(#20379,#20387));
#20381=IFCCARTESIANPOINT((-0.25,-0.25,0.));
#20382=IFCDIRECTION((0.,0.,1.));
#20383=IFCDIRECTION((1.,0.,0.));
#20384=IFCAXIS2PLACEMENT3D(#20381,#20382,#20383);
#20385=IFCDIRECTION((0.,0.,1.));
#20386=IFCEXTRUDEDAREASOLID(#17828,#20384,#20385,9.5500003674891651);
#20387=IFCSHAPEREPRESENTATION(#11,'Body','SweptSolid',(#20386));
#20388=IFCPROPERTYSET('1ZKyPlR7b4OhoYbNsOquoM',$,'EPset_Parametric',$,(#20390));
#20389=IFCRELDEFINESBYPROPERTIES('3TvhHPMSHE0wse0c3neddL',$,$,$,(#20369),#20388);
#20390=IFCPROPERTYSINGLEVALUE('Engine',$,IFCLABEL('Bonsai.DumbProfile'),$);
ENDSEC;
END-ISO-10303-21;
