ISO-10303-21;
HEADER;
FILE_DESCRIPTION(('ViewDefinition[DesignTransferView]'),'2;1');
FILE_NAME('so3-discussion.ifc','2026-09-30T14:58:00+08:00',(''),(''),'IfcOpenShell 0.8.5-post1','Bonsai 0.8.5-post1','Nobody');
FILE_SCHEMA(('IFC4'));
ENDSEC;
DATA;
#1=IFCPROJECT('3eTcZhpkr8vvmAideG4uKf',$,'My Project',$,$,$,$,(#10,#22),#5);
#2=IFCSIUNIT(*,.LENGTHUNIT.,$,.METRE.);
#3=IFCSIUNIT(*,.AREAUNIT.,$,.SQUARE_METRE.);
#4=IFCSIUNIT(*,.VOLUMEUNIT.,$,.CUBIC_METRE.);
#5=IFCUNITASSIGNMENT((#3,#4,#2));
#6=IFCCARTESIANPOINT((0.,0.,0.));
#7=IFCDIRECTION((0.,0.,1.));
#8=IFCDIRECTION((1.,0.,0.));
#9=IFCAXIS2PLACEMENT3D(#6,#7,#8);
#10=IFCGEOMETRICREPRESENTATIONCONTEXT($,'Model',3,1.0000000000000001E-05,#9,$);
#11=IFCGEOMETRICREPRESENTATIONSUBCONTEXT('Body','Model',*,*,*,*,#10,$,.MODEL_VIEW.,$);
#12=IFCGEOMETRICREPRESENTATIONSUBCONTEXT('Axis','Model',*,*,*,*,#10,$,.GRAPH_VIEW.,$);
#13=IFCGEOMETRICREPRESENTATIONSUBCONTEXT('Box','Model',*,*,*,*,#10,$,.MODEL_VIEW.,$);
#14=IFCGEOMETRICREPRESENTATIONSUBCONTEXT('Annotation','Model',*,*,*,*,#10,$,.SECTION_VIEW.,$);
#15=IFCGEOMETRICREPRESENTATIONSUBCONTEXT('Annotation','Model',*,*,*,*,#10,$,.ELEVATION_VIEW.,$);
#16=IFCGEOMETRICREPRESENTATIONSUBCONTEXT('Annotation','Model',*,*,*,*,#10,$,.MODEL_VIEW.,$);
#17=IFCGEOMETRICREPRESENTATIONSUBCONTEXT('Annotation','Model',*,*,*,*,#10,$,.PLAN_VIEW.,$);
#18=IFCGEOMETRICREPRESENTATIONSUBCONTEXT('Profile','Model',*,*,*,*,#10,$,.ELEVATION_VIEW.,$);
#19=IFCCARTESIANPOINT((0.,0.));
#20=IFCDIRECTION((1.,0.));
#21=IFCAXIS2PLACEMENT2D(#19,#20);
#22=IFCGEOMETRICREPRESENTATIONCONTEXT($,'Plan',2,1.0000000000000001E-05,#21,$);
#23=IFCGEOMETRICREPRESENTATIONSUBCONTEXT('Axis','Plan',*,*,*,*,#22,$,.GRAPH_VIEW.,$);
#24=IFCGEOMETRICREPRESENTATIONSUBCONTEXT('Body','Plan',*,*,*,*,#22,$,.PLAN_VIEW.,$);
#25=IFCGEOMETRICREPRESENTATIONSUBCONTEXT('Annotation','Plan',*,*,*,*,#22,$,.PLAN_VIEW.,$);
#26=IFCGEOMETRICREPRESENTATIONSUBCONTEXT('Annotation','Plan',*,*,*,*,#22,$,.REFLECTED_PLAN_VIEW.,$);
#27=IFCSITE('0MH7F$16v4PPazFfyZ_1Ny',$,'My Site',$,$,#50,$,$,$,$,$,$,$,$);
#33=IFCBUILDING('2RPunjw3T1fvB$yYqawGQD',$,'My Building',$,$,#56,$,$,$,$,$,$);
#39=IFCBUILDINGSTOREY('3cmKDwDQ93FAxOgC1_o4oJ',$,'GF',$,$,#62,$,$,$,$);
#45=IFCRELAGGREGATES('3V4cQDJKv7dxjCKPncQXtg',$,$,$,#1,(#27));
#46=IFCCARTESIANPOINT((0.,0.,0.));
#47=IFCDIRECTION((0.,0.,1.));
#48=IFCDIRECTION((1.,0.,0.));
#49=IFCAXIS2PLACEMENT3D(#46,#47,#48);
#50=IFCLOCALPLACEMENT($,#49);
#51=IFCRELAGGREGATES('1RPmd7w257EOg7nwJoK4n6',$,$,$,#27,(#33));
#52=IFCCARTESIANPOINT((0.,0.,0.));
#53=IFCDIRECTION((0.,0.,1.));
#54=IFCDIRECTION((1.,0.,0.));
#55=IFCAXIS2PLACEMENT3D(#52,#53,#54);
#56=IFCLOCALPLACEMENT(#50,#55);
#57=IFCRELAGGREGATES('3PC6jiEOn22gS3FHbG8NMl',$,$,$,#33,(#39,#63));
#58=IFCCARTESIANPOINT((0.,0.,0.));
#59=IFCDIRECTION((0.,0.,1.));
#60=IFCDIRECTION((1.,0.,0.));
#61=IFCAXIS2PLACEMENT3D(#58,#59,#60);
#62=IFCLOCALPLACEMENT(#56,#61);
#63=IFCBUILDINGSTOREY('1G1jYAsMvER8dLvHEnUWsm',$,'2F',$,$,#6235,$,$,$,$);
#80=IFCWALLTYPE('1Cwq9cC1fDKempdAKa3SfA',$,'Wall',$,$,(#85),$,$,$,.SOLIDWALL.);
#81=IFCMATERIAL('Unknown',$,$);
#82=IFCMATERIALLAYERSET((#84),$,$);
#83=IFCRELASSOCIATESMATERIAL('2TeenzhL9CgQ5tav1NR$Mk',$,$,$,(#80),#82);
#84=IFCMATERIALLAYER(#81,0.10000000000000001,$,$,$,$,$);
#85=IFCPROPERTYSET('1qnIyWgr596QWqRntv9hUC',$,'EPset_Parametric',$,(#86));
#86=IFCPROPERTYSINGLEVALUE('LayerSetDirection',$,IFCLABEL('AXIS2'),$);
#127=IFCWALL('3FSkA9N813WPYde_jNB1vH',$,'Wall',$,$,#1559,#135,$,$);
#128=IFCRELCONTAINEDINSPATIALSTRUCTURE('2IlWFernb1kRtw499L1HPH',$,$,$,(#217,#317,#1689,#1382,#242,#167,#4889,#761,#5811,#4036,#4276,#5463,#1065,#3577,#2820,#2110,#127,#267,#696,#620,#192,#292),#39);
#129=IFCRELDEFINESBYTYPE('2pISIPOAPAHwO4RXUcVAFz',$,$,$,(#1065,#317,#217,#1382,#267,#620,#292,#127,#192,#696,#242,#761,#167),#80);
#130=IFCMATERIALLAYERSETUSAGE(#82,.AXIS2.,.POSITIVE.,0.,$);
#131=IFCRELASSOCIATESMATERIAL('0MQEvlGRP5YAY8JIhh20yd',$,$,$,(#127),#130);
#135=IFCPRODUCTDEFINITIONSHAPE($,$,(#1618,#1615));
#151=IFCPROPERTYSET('2qLlw4uU914Po2ZCbTEZGD',$,'EPset_Parametric',$,(#153));
#152=IFCRELDEFINESBYPROPERTIES('351E_hG5j3vuKL$tP5FmXP',$,$,$,(#127),#151);
#153=IFCPROPERTYSINGLEVALUE('Engine',$,IFCLABEL('Bonsai.DumbLayer2'),$);
#167=IFCWALL('3L_iFz3jzDmw7yvQGFzpfw',$,'Wall',$,$,#1605,#173,$,$);
#168=IFCMATERIALLAYERSETUSAGE(#82,.AXIS2.,.POSITIVE.,0.,$);
#169=IFCRELASSOCIATESMATERIAL('1_Hv5G9bDAWha83bq7Tr66',$,$,$,(#167),#168);
#173=IFCPRODUCTDEFINITIONSHAPE($,$,(#1600,#1597));
#189=IFCPROPERTYSET('1aFV_qGYj3nhofMPUtGhT_',$,'EPset_Parametric',$,(#191));
#190=IFCRELDEFINESBYPROPERTIES('3jHyzU86T8WQvROopt_3ND',$,$,$,(#167),#189);
#191=IFCPROPERTYSINGLEVALUE('Engine',$,IFCLABEL('Bonsai.DumbLayer2'),$);
#192=IFCWALL('0JkSnVtHj79vkE1SY$FR6q',$,'Wall',$,$,#451,#198,$,$);
#193=IFCMATERIALLAYERSETUSAGE(#82,.AXIS2.,.POSITIVE.,0.,$);
#194=IFCRELASSOCIATESMATERIAL('3gUuqnn0fB4RiCBrlQKW7Z',$,$,$,(#192),#193);
#198=IFCPRODUCTDEFINITIONSHAPE($,$,(#496,#493));
#214=IFCPROPERTYSET('2GDxF_9hDC0BXYo$lj$$e1',$,'EPset_Parametric',$,(#216));
#215=IFCRELDEFINESBYPROPERTIES('2TvQhGhWrA_Rcftqt8Xspz',$,$,$,(#192),#214);
#216=IFCPROPERTYSINGLEVALUE('Engine',$,IFCLABEL('Bonsai.DumbLayer2'),$);
#217=IFCWALL('1sa0wP27r0lAnOS5p6OmyD',$,'Wall',$,$,#483,#223,$,$);
#218=IFCMATERIALLAYERSETUSAGE(#82,.AXIS2.,.POSITIVE.,0.,$);
#219=IFCRELASSOCIATESMATERIAL('0wLjU0RoH53eoUB2Zyr2im',$,$,$,(#217),#218);
#223=IFCPRODUCTDEFINITIONSHAPE($,$,(#1527,#1524));
#239=IFCPROPERTYSET('0RhlF8CrDFNPeShIN1HEZF',$,'EPset_Parametric',$,(#241));
#240=IFCRELDEFINESBYPROPERTIES('2KIWNu5nn07BEuo1ZBSHMK',$,$,$,(#217),#239);
#241=IFCPROPERTYSINGLEVALUE('Engine',$,IFCLABEL('Bonsai.DumbLayer2'),$);
#242=IFCWALL('3JhOHFTyP409NY6btmMduu',$,'Wall',$,$,#253,#248,$,$);
#243=IFCMATERIALLAYERSETUSAGE(#82,.AXIS2.,.POSITIVE.,0.,$);
#244=IFCRELASSOCIATESMATERIAL('1h8t5n1Tj9zwb1YdQ77SOs',$,$,$,(#242),#243);
#248=IFCPRODUCTDEFINITIONSHAPE($,$,(#1514,#1511));
#249=IFCCARTESIANPOINT((0.7757343053817749,5.0198554992675781,0.));
#250=IFCDIRECTION((0.,0.,1.));
#251=IFCDIRECTION((-0.99999999999992428,3.8941436741876494E-07,0.));
#252=IFCAXIS2PLACEMENT3D(#249,#250,#251);
#253=IFCLOCALPLACEMENT(#62,#252);
#264=IFCPROPERTYSET('2s$$LLLQbB5wfjH3dKMcTW',$,'EPset_Parametric',$,(#266));
#265=IFCRELDEFINESBYPROPERTIES('0PI1GSe_vAA9lGAkIqtf4J',$,$,$,(#242),#264);
#266=IFCPROPERTYSINGLEVALUE('Engine',$,IFCLABEL('Bonsai.DumbLayer2'),$);
#267=IFCWALL('3$pC_aHqD4Oeuu6aBLfDwJ',$,'Wall',$,$,#542,#273,$,$);
#268=IFCMATERIALLAYERSETUSAGE(#82,.AXIS2.,.POSITIVE.,0.,$);
#269=IFCRELASSOCIATESMATERIAL('093HMvocb80OKi_6lIeqLs',$,$,$,(#267),#268);
#273=IFCPRODUCTDEFINITIONSHAPE($,$,(#760,#757));
#289=IFCPROPERTYSET('1Z06W9dw1BYh2LAW5XMogB',$,'EPset_Parametric',$,(#291));
#290=IFCRELDEFINESBYPROPERTIES('3QzfE3Re10f8NzXBFeyQqj',$,$,$,(#267),#289);
#291=IFCPROPERTYSINGLEVALUE('Engine',$,IFCLABEL('Bonsai.DumbLayer2'),$);
#292=IFCWALL('2$MrX9uyH0HBykggAopJh4',$,'Wall',$,$,#574,#298,$,$);
#293=IFCMATERIALLAYERSETUSAGE(#82,.AXIS2.,.POSITIVE.,0.,$);
#294=IFCRELASSOCIATESMATERIAL('3gRdur2PzAMR0yD2m1jesj',$,$,$,(#292),#293);
#298=IFCPRODUCTDEFINITIONSHAPE($,$,(#619,#616));
#314=IFCPROPERTYSET('1jPk_TjLz5rebnr_cGwcn0',$,'EPset_Parametric',$,(#316));
#315=IFCRELDEFINESBYPROPERTIES('3cjBfYBnn3FuWsgK1z5UvQ',$,$,$,(#292),#314);
#316=IFCPROPERTYSINGLEVALUE('Engine',$,IFCLABEL('Bonsai.DumbLayer2'),$);
#317=IFCWALL('1mSQvaGBbC0PyTBNdVTojZ',$,'Wall',$,$,#606,#323,$,$);
#318=IFCMATERIALLAYERSETUSAGE(#82,.AXIS2.,.POSITIVE.,0.,$);
#319=IFCRELASSOCIATESMATERIAL('3T$1iFUmT7pAwB1ZbTrYBP',$,$,$,(#317),#318);
#323=IFCPRODUCTDEFINITIONSHAPE($,$,(#1573,#1570));
#339=IFCPROPERTYSET('0_O6EAYxb0y8$CdMeMW9pm',$,'EPset_Parametric',$,(#341));
#340=IFCRELDEFINESBYPROPERTIES('2otEzdU8v6Quil5ARqIs56',$,$,$,(#317),#339);
#341=IFCPROPERTYSINGLEVALUE('Engine',$,IFCLABEL('Bonsai.DumbLayer2'),$);
#433=IFCRELCONNECTSPATHELEMENTS('0J1oDmOej89xY2OLsmhrlw',$,$,$,$,#192,#167,(),(),.ATEND.,.ATSTART.);
#447=IFCCARTESIANPOINT((4.2257344365001552,6.4698557853699032,0.));
#448=IFCDIRECTION((0.,0.,1.));
#449=IFCDIRECTION((-0.99999999999998868,-1.5099580252808492E-07,0.));
#450=IFCAXIS2PLACEMENT3D(#447,#448,#449);
#451=IFCLOCALPLACEMENT(#62,#450);
#465=IFCRELCONNECTSPATHELEMENTS('0I8lg9XV92ge5CPiDyiRd3',$,$,$,$,#217,#192,(),(),.ATEND.,.ATSTART.);
#479=IFCCARTESIANPOINT((0.77573418617248868,6.4698552644343481,0.));
#480=IFCDIRECTION((0.,0.,1.));
#481=IFCDIRECTION((7.5497901264043123E-08,-0.99999999999999722,0.));
#482=IFCAXIS2PLACEMENT3D(#479,#480,#481);
#483=IFCLOCALPLACEMENT(#62,#482);
#484=IFCCARTESIANPOINTLIST2D(((0.,0.),(0.10000002264937295,0.10000000000000001),(3.3500002578774954,0.10000000000000001),(3.4500002503277054,0.)));
#485=IFCINDEXEDPOLYCURVE(#484,(IFCLINEINDEX((1,2,3,4,1))),$);
#486=IFCARBITRARYCLOSEDPROFILEDEF(.AREA.,$,#485);
#487=IFCCARTESIANPOINT((0.,0.,0.));
#488=IFCDIRECTION((0.,0.,1.));
#489=IFCDIRECTION((1.,0.,0.));
#490=IFCAXIS2PLACEMENT3D(#487,#488,#489);
#491=IFCDIRECTION((0.,0.,1.));
#492=IFCEXTRUDEDAREASOLID(#486,#490,#491,3.);
#493=IFCSHAPEREPRESENTATION(#11,'Body','SweptSolid',(#492));
#494=IFCCARTESIANPOINTLIST2D(((0.,0.),(3.4500002503277054,0.)));
#495=IFCINDEXEDPOLYCURVE(#494,$,$);
#496=IFCSHAPEREPRESENTATION(#23,'Axis','Curve2D',(#495));
#524=IFCRELCONNECTSPATHELEMENTS('2DUdmU5Hz9VQbUoqxZYeGV',$,$,$,$,#267,#242,(),(),.ATEND.,.ATSTART.);
#538=IFCCARTESIANPOINT((-2.774265289306709,5.0198568816884253,0.));
#539=IFCDIRECTION((0.,0.,1.));
#540=IFCDIRECTION((7.5497901264043123E-08,-0.99999999999999722,0.));
#541=IFCAXIS2PLACEMENT3D(#538,#539,#540);
#542=IFCLOCALPLACEMENT(#62,#541);
#556=IFCRELCONNECTSPATHELEMENTS('0Areif3$jFChWx2FwD02q8',$,$,$,$,#292,#267,(),(),.ATEND.,.ATSTART.);
#570=IFCCARTESIANPOINT((-2.774264900492442,-0.13014411926269531,0.));
#571=IFCDIRECTION((0.,0.,1.));
#572=IFCDIRECTION((1.,0.,0.));
#573=IFCAXIS2PLACEMENT3D(#570,#571,#572);
#574=IFCLOCALPLACEMENT(#62,#573);
#588=IFCRELCONNECTSPATHELEMENTS('12P2VMA9P0Q9mACIVY2YZ8',$,$,$,$,#317,#292,(),(),.ATEND.,.ATSTART.);
#602=IFCCARTESIANPOINT((0.22573518753037458,-0.13014411926269531,0.));
#603=IFCDIRECTION((0.,0.,1.));
#604=IFCDIRECTION((-6.3975784314594067E-07,-0.9999999999997955,0.));
#605=IFCAXIS2PLACEMENT3D(#602,#603,#604);
#606=IFCLOCALPLACEMENT(#62,#605);
#607=IFCCARTESIANPOINTLIST2D(((0.,0.),(0.099999992450210171,0.10000000000000001),(3.1000001519986213,0.10000000000000001),(3.0000000880228166,0.)));
#608=IFCINDEXEDPOLYCURVE(#607,(IFCLINEINDEX((1,2,3,4,1))),$);
#609=IFCARBITRARYCLOSEDPROFILEDEF(.AREA.,$,#608);
#610=IFCCARTESIANPOINT((0.,0.,0.));
#611=IFCDIRECTION((0.,0.,1.));
#612=IFCDIRECTION((1.,0.,0.));
#613=IFCAXIS2PLACEMENT3D(#610,#611,#612);
#614=IFCDIRECTION((0.,0.,1.));
#615=IFCEXTRUDEDAREASOLID(#609,#613,#614,3.);
#616=IFCSHAPEREPRESENTATION(#11,'Body','SweptSolid',(#615));
#617=IFCCARTESIANPOINTLIST2D(((0.,0.),(3.0000000880228166,0.)));
#618=IFCINDEXEDPOLYCURVE(#617,$,$);
#619=IFCSHAPEREPRESENTATION(#23,'Axis','Curve2D',(#618));
#620=IFCWALL('34ENpBSZTCl9oePi9y6eWF',$,'Wall',$,$,#631,#626,$,$);
#621=IFCMATERIALLAYERSETUSAGE(#82,.AXIS2.,.POSITIVE.,0.,$);
#622=IFCRELASSOCIATESMATERIAL('2hslmiH9b70eIin9YByefY',$,$,$,(#620),#621);
#626=IFCPRODUCTDEFINITIONSHAPE($,$,(#1650,#1647));
#627=IFCCARTESIANPOINT((0.32573524117469788,-0.030144121497869492,0.));
#628=IFCDIRECTION((0.,0.,1.));
#629=IFCDIRECTION((7.5497901264043109E-08,0.99999999999999711,0.));
#630=IFCAXIS2PLACEMENT3D(#627,#628,#629);
#631=IFCLOCALPLACEMENT(#62,#630);
#642=IFCPROPERTYSET('0xZMTLqd136OrNFZWO3t$K',$,'EPset_Parametric',$,(#644));
#643=IFCRELDEFINESBYPROPERTIES('3LbRuz839B9hMsxTjhOgXq',$,$,$,(#620),#642);
#644=IFCPROPERTYSINGLEVALUE('Engine',$,IFCLABEL('Bonsai.DumbLayer2'),$);
#696=IFCWALL('0JzJwo5Wj21fIwyPX4qB2x',$,'Wall',$,$,#1637,#702,$,$);
#697=IFCMATERIALLAYERSETUSAGE(#82,.AXIS2.,.POSITIVE.,0.,$);
#698=IFCRELASSOCIATESMATERIAL('34VdjhJLXCUeV9TAXo9bIL',$,$,$,(#696),#697);
#702=IFCPRODUCTDEFINITIONSHAPE($,$,(#1632,#1629));
#718=IFCPROPERTYSET('1IvChK7sf9jw$FyWZaCsXt',$,'EPset_Parametric',$,(#720));
#719=IFCRELDEFINESBYPROPERTIES('14Jr9okX16Rw8ftmsMJF3z',$,$,$,(#696),#718);
#720=IFCPROPERTYSINGLEVALUE('Engine',$,IFCLABEL('Bonsai.DumbLayer2'),$);
#734=IFCRELCONNECTSPATHELEMENTS('2Hzwu_zwbFQfw0EgL0IQ$$',$,$,$,$,#696,#267,(),(),.ATPATH.,.ATEND.);
#748=IFCCARTESIANPOINTLIST2D(((0.,0.),(0.10000004649123768,0.10000000000000001),(5.0500010085009244,0.10000000000000001),(5.1500010009511348,0.)));
#749=IFCINDEXEDPOLYCURVE(#748,(IFCLINEINDEX((1,2,3,4,1))),$);
#750=IFCARBITRARYCLOSEDPROFILEDEF(.AREA.,$,#749);
#751=IFCCARTESIANPOINT((0.,0.,0.));
#752=IFCDIRECTION((0.,0.,1.));
#753=IFCDIRECTION((1.,0.,0.));
#754=IFCAXIS2PLACEMENT3D(#751,#752,#753);
#755=IFCDIRECTION((0.,0.,1.));
#756=IFCEXTRUDEDAREASOLID(#750,#754,#755,3.);
#757=IFCSHAPEREPRESENTATION(#11,'Body','SweptSolid',(#756));
#758=IFCCARTESIANPOINTLIST2D(((0.,0.),(5.1500010009511348,0.)));
#759=IFCINDEXEDPOLYCURVE(#758,$,$);
#760=IFCSHAPEREPRESENTATION(#23,'Axis','Curve2D',(#759));
#761=IFCWALL('2Av3v13xjAmgQ_lG3o4bxU',$,'Wall',$,$,#803,#767,$,$);
#762=IFCMATERIALLAYERSETUSAGE(#82,.AXIS2.,.POSITIVE.,0.,$);
#763=IFCRELASSOCIATESMATERIAL('3NCwAfyqv9GhhCH$DrFGzj',$,$,$,(#761),#762);
#767=IFCPRODUCTDEFINITIONSHAPE($,$,(#817,#814));
#783=IFCPROPERTYSET('0K9IrTF3f6q89v3CcqZKnl',$,'EPset_Parametric',$,(#785));
#784=IFCRELDEFINESBYPROPERTIES('2R4G6YAUz2XB9EVd2lckJy',$,$,$,(#761),#783);
#785=IFCPROPERTYSINGLEVALUE('Engine',$,IFCLABEL('Bonsai.DumbLayer2'),$);
#799=IFCCARTESIANPOINT((-1.1677925586700439,2.6198558807373047,0.));
#800=IFCDIRECTION((0.,0.,1.));
#801=IFCDIRECTION((1.9470718370939353E-07,0.99999999999998113,0.));
#802=IFCAXIS2PLACEMENT3D(#799,#800,#801);
#803=IFCLOCALPLACEMENT(#62,#802);
#804=IFCRELCONNECTSPATHELEMENTS('3e$EcxbQ57fgm$ELryNrAU',$,$,$,$,#761,#242,(),(),.ATPATH.,.ATEND.);
#805=IFCCARTESIANPOINTLIST2D(((0.,0.),(0.,0.10000000000000001),(2.300000394838138,0.10000000000000001),(2.3000003753674196,0.)));
#806=IFCINDEXEDPOLYCURVE(#805,(IFCLINEINDEX((1,2,3,4,1))),$);
#807=IFCARBITRARYCLOSEDPROFILEDEF(.AREA.,$,#806);
#808=IFCCARTESIANPOINT((0.,0.,0.));
#809=IFCDIRECTION((0.,0.,1.));
#810=IFCDIRECTION((1.,0.,0.));
#811=IFCAXIS2PLACEMENT3D(#808,#809,#810);
#812=IFCDIRECTION((0.,0.,1.));
#813=IFCEXTRUDEDAREASOLID(#807,#811,#812,3.);
#814=IFCSHAPEREPRESENTATION(#11,'Body','SweptSolid',(#813));
#815=IFCCARTESIANPOINTLIST2D(((0.,0.),(2.4000003753674219,0.)));
#816=IFCINDEXEDPOLYCURVE(#815,$,$);
#817=IFCSHAPEREPRESENTATION(#23,'Axis','Curve2D',(#816));
#1065=IFCWALL('2ONCSR$253$OriuCi1deh7',$,'Wall',$,$,#1330,#1071,$,$);
#1066=IFCMATERIALLAYERSETUSAGE(#82,.AXIS2.,.POSITIVE.,0.,$);
#1067=IFCRELASSOCIATESMATERIAL('3OrDRPlDn07h4LuAWSMIv1',$,$,$,(#1065),#1066);
#1071=IFCPRODUCTDEFINITIONSHAPE($,$,(#1325,#1322));
#1087=IFCPROPERTYSET('1M7ow44hP7pub4n3MvoHxD',$,'EPset_Parametric',$,(#1089));
#1088=IFCRELDEFINESBYPROPERTIES('3ArwcNTuD2uPYPcHoqo9wp',$,$,$,(#1065),#1087);
#1089=IFCPROPERTYSINGLEVALUE('Engine',$,IFCLABEL('Bonsai.DumbLayer2'),$);
#1313=IFCCARTESIANPOINTLIST2D(((0.,0.),(-5.8412155112823505E-08,0.10000000000000001),(1.9700001739346569,0.10000000000000001),(1.9700001739346569,0.)));
#1314=IFCINDEXEDPOLYCURVE(#1313,(IFCLINEINDEX((1,2,3,4,1))),$);
#1315=IFCARBITRARYCLOSEDPROFILEDEF(.AREA.,$,#1314);
#1316=IFCCARTESIANPOINT((0.,0.,0.));
#1317=IFCDIRECTION((0.,0.,1.));
#1318=IFCDIRECTION((1.,0.,0.));
#1319=IFCAXIS2PLACEMENT3D(#1316,#1317,#1318);
#1320=IFCDIRECTION((0.,0.,1.));
#1321=IFCEXTRUDEDAREASOLID(#1315,#1319,#1320,3.);
#1322=IFCSHAPEREPRESENTATION(#11,'Body','SweptSolid',(#1321));
#1323=IFCCARTESIANPOINTLIST2D(((0.,0.),(1.9700001739346569,0.)));
#1324=IFCINDEXEDPOLYCURVE(#1323,$,$);
#1325=IFCSHAPEREPRESENTATION(#23,'Axis','Curve2D',(#1324));
#1326=IFCCARTESIANPOINT((0.77573475113727197,3.5488657951354403,0.));
#1327=IFCDIRECTION((0.,0.,1.));
#1328=IFCDIRECTION((-0.99999999999992428,3.8941436741876494E-07,0.));
#1329=IFCAXIS2PLACEMENT3D(#1326,#1327,#1328);
#1330=IFCLOCALPLACEMENT(#62,#1329);
#1382=IFCWALL('3xv8_w8qD8vh3zMXbiHq9E',$,'Wall',$,$,#1393,#1388,$,$);
#1383=IFCMATERIALLAYERSETUSAGE(#82,.AXIS2.,.POSITIVE.,0.,$);
#1384=IFCRELASSOCIATESMATERIAL('3OVee479n6sw56sDlpN7DB',$,$,$,(#1382),#1383);
#1388=IFCPRODUCTDEFINITIONSHAPE($,$,(#1419,#1416));
#1389=IFCCARTESIANPOINT((0.7757343053817749,5.0198554992675781,0.));
#1390=IFCDIRECTION((0.,0.,1.));
#1391=IFCDIRECTION((3.1391647326016301E-07,-0.99999999999995071,0.));
#1392=IFCAXIS2PLACEMENT3D(#1389,#1390,#1391);
#1393=IFCLOCALPLACEMENT(#62,#1392);
#1404=IFCPROPERTYSET('2qabTajxbBzuBHBsFunFrv',$,'EPset_Parametric',$,(#1406));
#1405=IFCRELDEFINESBYPROPERTIES('14s8l0dQ97iBPmUuP0NOQH',$,$,$,(#1382),#1404);
#1406=IFCPROPERTYSINGLEVALUE('Engine',$,IFCLABEL('Bonsai.DumbLayer2'),$);
#1407=IFCCARTESIANPOINTLIST2D(((0.,0.),(0.,0.10000000000000001),(1.5709895861528138,0.10000000000000001),(1.5709895861528138,0.)));
#1408=IFCINDEXEDPOLYCURVE(#1407,(IFCLINEINDEX((1,2,3,4,1))),$);
#1409=IFCARBITRARYCLOSEDPROFILEDEF(.AREA.,$,#1408);
#1410=IFCCARTESIANPOINT((0.,0.,0.));
#1411=IFCDIRECTION((0.,0.,1.));
#1412=IFCDIRECTION((1.,0.,0.));
#1413=IFCAXIS2PLACEMENT3D(#1410,#1411,#1412);
#1414=IFCDIRECTION((0.,0.,1.));
#1415=IFCEXTRUDEDAREASOLID(#1409,#1413,#1414,3.);
#1416=IFCSHAPEREPRESENTATION(#11,'Body','SweptSolid',(#1415));
#1417=IFCCARTESIANPOINTLIST2D(((0.,0.),(1.5709895861528138,0.)));
#1418=IFCINDEXEDPOLYCURVE(#1417,$,$);
#1419=IFCSHAPEREPRESENTATION(#23,'Axis','Curve2D',(#1418));
#1501=IFCRELCONNECTSPATHELEMENTS('2s8vIzRWjB$vKtMn3YYUtc',$,$,$,$,#242,#217,(),(),.ATEND.,.ATSTART.);
#1502=IFCCARTESIANPOINTLIST2D(((0.,0.),(-0.10000004649123767,0.10000000000000001),(3.4499995384601685,0.10000000000000001),(3.5499995849514061,0.)));
#1503=IFCINDEXEDPOLYCURVE(#1502,(IFCLINEINDEX((1,2,3,4,1))),$);
#1504=IFCARBITRARYCLOSEDPROFILEDEF(.AREA.,$,#1503);
#1505=IFCCARTESIANPOINT((0.,0.,0.));
#1506=IFCDIRECTION((0.,0.,1.));
#1507=IFCDIRECTION((1.,0.,0.));
#1508=IFCAXIS2PLACEMENT3D(#1505,#1506,#1507);
#1509=IFCDIRECTION((0.,0.,1.));
#1510=IFCEXTRUDEDAREASOLID(#1504,#1508,#1509,3.);
#1511=IFCSHAPEREPRESENTATION(#11,'Body','SweptSolid',(#1510));
#1512=IFCCARTESIANPOINTLIST2D(((0.,0.),(3.5499995849514061,0.)));
#1513=IFCINDEXEDPOLYCURVE(#1512,$,$);
#1514=IFCSHAPEREPRESENTATION(#23,'Axis','Curve2D',(#1513));
#1515=IFCCARTESIANPOINTLIST2D(((0.,0.),(0.099999992450210171,0.10000000000000001),(1.5499998116580065,0.10000000000000001),(1.4499997651667689,0.)));
#1516=IFCINDEXEDPOLYCURVE(#1515,(IFCLINEINDEX((1,2,3,4,1))),$);
#1517=IFCARBITRARYCLOSEDPROFILEDEF(.AREA.,$,#1516);
#1518=IFCCARTESIANPOINT((0.,0.,0.));
#1519=IFCDIRECTION((0.,0.,1.));
#1520=IFCDIRECTION((1.,0.,0.));
#1521=IFCAXIS2PLACEMENT3D(#1518,#1519,#1520);
#1522=IFCDIRECTION((0.,0.,1.));
#1523=IFCEXTRUDEDAREASOLID(#1517,#1521,#1522,3.);
#1524=IFCSHAPEREPRESENTATION(#11,'Body','SweptSolid',(#1523));
#1525=IFCCARTESIANPOINTLIST2D(((0.,0.),(1.4499997651667689,0.)));
#1526=IFCINDEXEDPOLYCURVE(#1525,$,$);
#1527=IFCSHAPEREPRESENTATION(#23,'Axis','Curve2D',(#1526));
#1555=IFCCARTESIANPOINT((0.22573362012362838,-2.5801441669464111,0.));
#1556=IFCDIRECTION((0.,0.,1.));
#1557=IFCDIRECTION((1.,0.,0.));
#1558=IFCAXIS2PLACEMENT3D(#1555,#1556,#1557);
#1559=IFCLOCALPLACEMENT(#62,#1558);
#1560=IFCRELCONNECTSPATHELEMENTS('2KKxl_SPf8Tv1d_t6G48Rc',$,$,$,$,#317,#127,(),(),.ATSTART.,.ATEND.);
#1561=IFCCARTESIANPOINTLIST2D(((0.,0.),(-0.10000006397580477,0.10000000000000001),(2.349999983708412,0.10000000000000001),(2.4500000476842168,0.)));
#1562=IFCINDEXEDPOLYCURVE(#1561,(IFCLINEINDEX((1,2,3,4,1))),$);
#1563=IFCARBITRARYCLOSEDPROFILEDEF(.AREA.,$,#1562);
#1564=IFCCARTESIANPOINT((0.,0.,0.));
#1565=IFCDIRECTION((0.,0.,1.));
#1566=IFCDIRECTION((1.,0.,0.));
#1567=IFCAXIS2PLACEMENT3D(#1564,#1565,#1566);
#1568=IFCDIRECTION((0.,0.,1.));
#1569=IFCEXTRUDEDAREASOLID(#1563,#1567,#1568,3.);
#1570=IFCSHAPEREPRESENTATION(#11,'Body','SweptSolid',(#1569));
#1571=IFCCARTESIANPOINTLIST2D(((0.,0.),(2.4500000476842168,0.)));
#1572=IFCINDEXEDPOLYCURVE(#1571,$,$);
#1573=IFCSHAPEREPRESENTATION(#23,'Axis','Curve2D',(#1572));
#1587=IFCRELCONNECTSPATHELEMENTS('2EFCU19Qn3GRJJCFu7J9YI',$,$,$,$,#167,#127,(),(),.ATEND.,.ATSTART.);
#1588=IFCCARTESIANPOINTLIST2D(((0.,0.),(0.099999992450210157,0.10000000000000001),(8.9499999296669657,0.10000000000000001),(9.0499999523163392,0.)));
#1589=IFCINDEXEDPOLYCURVE(#1588,(IFCLINEINDEX((1,2,3,4,1))),$);
#1590=IFCARBITRARYCLOSEDPROFILEDEF(.AREA.,$,#1589);
#1591=IFCCARTESIANPOINT((0.,0.,0.));
#1592=IFCDIRECTION((0.,0.,1.));
#1593=IFCDIRECTION((1.,0.,0.));
#1594=IFCAXIS2PLACEMENT3D(#1591,#1592,#1593);
#1595=IFCDIRECTION((0.,0.,1.));
#1596=IFCEXTRUDEDAREASOLID(#1590,#1594,#1595,3.);
#1597=IFCSHAPEREPRESENTATION(#11,'Body','SweptSolid',(#1596));
#1598=IFCCARTESIANPOINTLIST2D(((0.,0.),(9.0499999523163392,0.)));
#1599=IFCINDEXEDPOLYCURVE(#1598,$,$);
#1600=IFCSHAPEREPRESENTATION(#23,'Axis','Curve2D',(#1599));
#1601=IFCCARTESIANPOINT((4.2257337532441515,-2.5801441669464111,0.));
#1602=IFCDIRECTION((0.,0.,1.));
#1603=IFCDIRECTION((7.5497901264043123E-08,0.99999999999999722,0.));
#1604=IFCAXIS2PLACEMENT3D(#1601,#1602,#1603);
#1605=IFCLOCALPLACEMENT(#62,#1604);
#1606=IFCCARTESIANPOINTLIST2D(((0.,0.),(0.1000000639758048,0.10000000000000001),(3.9000001406703135,0.10000000000000001),(4.0000001331205235,0.)));
#1607=IFCINDEXEDPOLYCURVE(#1606,(IFCLINEINDEX((1,2,3,4,1))),$);
#1608=IFCARBITRARYCLOSEDPROFILEDEF(.AREA.,$,#1607);
#1609=IFCCARTESIANPOINT((0.,0.,0.));
#1610=IFCDIRECTION((0.,0.,1.));
#1611=IFCDIRECTION((1.,0.,0.));
#1612=IFCAXIS2PLACEMENT3D(#1609,#1610,#1611);
#1613=IFCDIRECTION((0.,0.,1.));
#1614=IFCEXTRUDEDAREASOLID(#1608,#1612,#1613,3.);
#1615=IFCSHAPEREPRESENTATION(#11,'Body','SweptSolid',(#1614));
#1616=IFCCARTESIANPOINTLIST2D(((0.,0.),(4.0000001331205235,0.)));
#1617=IFCINDEXEDPOLYCURVE(#1616,$,$);
#1618=IFCSHAPEREPRESENTATION(#23,'Axis','Curve2D',(#1617));
#1619=IFCRELCONNECTSPATHELEMENTS('3qwpK48ZD6aeQ8hIDs9Evf',$,$,$,$,#696,#620,(),(),.ATEND.,.ATSTART.);
#1620=IFCCARTESIANPOINTLIST2D(((0.,0.),(0.099999998807512466,0.10000000000000001),(3.0000005330637696,0.10000000000000001),(3.0000005493558373,0.)));
#1621=IFCINDEXEDPOLYCURVE(#1620,(IFCLINEINDEX((1,2,3,4,1))),$);
#1622=IFCARBITRARYCLOSEDPROFILEDEF(.AREA.,$,#1621);
#1623=IFCCARTESIANPOINT((0.,0.,0.));
#1624=IFCDIRECTION((0.,0.,1.));
#1625=IFCDIRECTION((1.,0.,0.));
#1626=IFCAXIS2PLACEMENT3D(#1623,#1624,#1625);
#1627=IFCDIRECTION((0.,0.,1.));
#1628=IFCEXTRUDEDAREASOLID(#1622,#1626,#1627,3.);
#1629=IFCSHAPEREPRESENTATION(#11,'Body','SweptSolid',(#1628));
#1630=IFCCARTESIANPOINTLIST2D(((0.,0.),(3.1000005493558387,0.)));
#1631=IFCINDEXEDPOLYCURVE(#1630,$,$);
#1632=IFCSHAPEREPRESENTATION(#23,'Axis','Curve2D',(#1631));
#1633=IFCCARTESIANPOINT((0.32573544124413639,2.6198558807373313,0.));
#1634=IFCDIRECTION((0.,0.,1.));
#1635=IFCDIRECTION((-0.99999999999999623,8.7422776573475527E-08,0.));
#1636=IFCAXIS2PLACEMENT3D(#1633,#1634,#1635);
#1637=IFCLOCALPLACEMENT(#62,#1636);
#1638=IFCCARTESIANPOINTLIST2D(((0.,0.),(0.,0.10000000000000001),(2.5500000034276957,0.10000000000000001),(2.6500000022352084,0.)));
#1639=IFCINDEXEDPOLYCURVE(#1638,(IFCLINEINDEX((1,2,3,4,1))),$);
#1640=IFCARBITRARYCLOSEDPROFILEDEF(.AREA.,$,#1639);
#1641=IFCCARTESIANPOINT((0.,0.,0.));
#1642=IFCDIRECTION((0.,0.,1.));
#1643=IFCDIRECTION((1.,0.,0.));
#1644=IFCAXIS2PLACEMENT3D(#1641,#1642,#1643);
#1645=IFCDIRECTION((0.,0.,1.));
#1646=IFCEXTRUDEDAREASOLID(#1640,#1644,#1645,3.);
#1647=IFCSHAPEREPRESENTATION(#11,'Body','SweptSolid',(#1646));
#1648=IFCCARTESIANPOINTLIST2D(((0.,0.),(2.6500000022352084,0.)));
#1649=IFCINDEXEDPOLYCURVE(#1648,$,$);
#1650=IFCSHAPEREPRESENTATION(#23,'Axis','Curve2D',(#1649));
#1683=IFCSLABTYPE('29B707ZxjCLentYLvVwUrE',$,'Slab',$,$,(#1687),$,$,$,.FLOOR.);
#1684=IFCMATERIALLAYERSET((#1686),$,$);
#1685=IFCRELASSOCIATESMATERIAL('3TPslcAHL0uxIW6O9dSHfd',$,$,$,(#1683),#1684);
#1686=IFCMATERIALLAYER(#81,0.10000000000000001,$,$,$,$,$);
#1687=IFCPROPERTYSET('35H56kvor8ChLYVuM77sX6',$,'EPset_Parametric',$,(#1688));
#1688=IFCPROPERTYSINGLEVALUE('LayerSetDirection',$,IFCLABEL('AXIS3'),$);
#1689=IFCSLAB('3IRuz8ZLvCg8B62XLZHjdO',$,'Slab',$,$,#1697,#1704,$,$);
#1690=IFCRELDEFINESBYTYPE('2gGN94RIH5zuJNknPhfJWj',$,$,$,(#1689,#6259),#1683);
#1691=IFCMATERIALLAYERSETUSAGE(#1684,.AXIS3.,.POSITIVE.,-0.10000000149011612,$);
#1692=IFCRELASSOCIATESMATERIAL('3LgeXaM519if_gAfnhwKFB',$,$,$,(#1689),#1691);
#1693=IFCCARTESIANPOINT((4.2257342338562012,6.469855785369873,0.));
#1694=IFCDIRECTION((0.,0.,1.));
#1695=IFCDIRECTION((1.,0.,0.));
#1696=IFCAXIS2PLACEMENT3D(#1693,#1694,#1695);
#1697=IFCLOCALPLACEMENT(#62,#1696);
#1698=IFCCARTESIANPOINTLIST2D(((0.,0.),(-3.4500000476837158,-4.76837158203125E-07),(-3.4499998092651367,-1.4500002861022949),(-6.9999995231628418,-1.4499988555908203),(-6.9999985694885254,-6.5999999046325684),(-3.9999990463256836,-6.5999999046325684),(-4.0000004768371582,-9.0500001907348633),(-4.76837158203125E-07,-9.0500001907348633),(0.,0.)));
#1699=IFCINDEXEDPOLYCURVE(#1698,$,$);
#1700=IFCDIRECTION((0.,0.,1.));
#1701=IFCARBITRARYCLOSEDPROFILEDEF(.AREA.,$,#1699);
#1702=IFCEXTRUDEDAREASOLID(#1701,#1711,#1700,0.10000000000000001);
#1703=IFCSHAPEREPRESENTATION(#11,'Body','SweptSolid',(#1702));
#1704=IFCPRODUCTDEFINITIONSHAPE($,$,(#1703));
#1705=IFCPROPERTYSET('2eCTGkkCT4RgUikwW$SFCu',$,'EPset_Parametric',$,(#1707));
#1706=IFCRELDEFINESBYPROPERTIES('3s5dqS5fnD8OwmiMvp6JGs',$,$,$,(#1689),#1705);
#1707=IFCPROPERTYSINGLEVALUE('Engine',$,IFCLABEL('Bonsai.DumbLayer3'),$);
#1708=IFCCARTESIANPOINT((-0.,-0.,-0.10000000149011612));
#1709=IFCDIRECTION((0.,0.,1.));
#1710=IFCDIRECTION((1.,0.,0.));
#1711=IFCAXIS2PLACEMENT3D(#1708,#1709,#1710);
#1712=IFCDOORTYPE('3Rdw5fHZP759e39rXe6CdQ',$,'Main-GF',$,$,(#1713),(#1722,#1800,#1819),$,$,.DOOR.,.SINGLE_SWING_LEFT.,$,$);
#1713=IFCPROPERTYSET('1CIYSC0wj3Th8hXKzCD0el',$,'BBIM_Door',$,(#1714));
#1714=IFCPROPERTYSINGLEVALUE('Data',$,IFCTEXT('{"door_type": "SINGLE_SWING_LEFT", "overall_height": 2.0, "overall_width": 1.0423566102981567, "lining_properties": {"lining_depth": 0.05000000074505806, "lining_thickness": 0.05000000074505806, "lining_offset": 0.0, "lining_to_panel_offset_x": 0.02500000037252903, "lining_to_panel_offset_y": 0.02500000037252903, "transom_thickness": 0.02969539165496826, "transom_offset": 1.598587155342102, "casing_thickness": 0.07500000298023224, "casing_depth": 0.004999999888241291, "threshold_thickness": 0.02500000037252903, "threshold_depth": 0.10000000149011612, "threshold_offset": 0.0}, "panel_properties": {"panel_depth": 0.03500000014901161, "panel_width_ratio": 1.0, "frame_thickness": 0.03500000014901161, "frame_depth": 0.03500000014901161}}'),$);
#1718=IFCCARTESIANPOINT((0.,0.,0.));
#1719=IFCDIRECTION((1.,0.,0.));
#1720=IFCDIRECTION((0.,0.,1.));
#1721=IFCAXIS2PLACEMENT3D(#1718,#1720,#1719);
#1722=IFCREPRESENTATIONMAP(#1721,#2311);
#1796=IFCCARTESIANPOINT((0.,0.,0.));
#1797=IFCDIRECTION((1.,0.,0.));
#1798=IFCDIRECTION((0.,0.,1.));
#1799=IFCAXIS2PLACEMENT3D(#1796,#1798,#1797);
#1800=IFCREPRESENTATIONMAP(#1799,#2426);
#1815=IFCCARTESIANPOINT((0.,0.,0.));
#1816=IFCDIRECTION((1.,0.,0.));
#1817=IFCDIRECTION((0.,0.,1.));
#1818=IFCAXIS2PLACEMENT3D(#1815,#1817,#1816);
#1819=IFCREPRESENTATIONMAP(#1818,#2442);
#2110=IFCDOOR('0K1yAZuCDDP9c0E1ZXPbEa',$,'Door',$,$,#2467,#2119,$,2.,1.0423566102981567,$,.SINGLE_SWING_LEFT.,$);
#2111=IFCRELDEFINESBYTYPE('2o$ZbnARv3ABDx78DON92S',$,$,$,(#2110),#1712);
#2112=IFCCARTESIANPOINT((0.,0.,0.));
#2113=IFCDIRECTION((1.,0.,0.));
#2114=IFCDIRECTION((0.,1.,0.));
#2115=IFCDIRECTION((0.,0.,1.));
#2116=IFCCARTESIANTRANSFORMATIONOPERATOR3D(#2113,#2114,#2112,1.,#2115);
#2117=IFCMAPPEDITEM(#1722,#2116);
#2118=IFCSHAPEREPRESENTATION(#18,'Profile','MappedRepresentation',(#2117));
#2119=IFCPRODUCTDEFINITIONSHAPE($,$,(#2118,#2126,#2133));
#2120=IFCCARTESIANPOINT((0.,0.,0.));
#2121=IFCDIRECTION((1.,0.,0.));
#2122=IFCDIRECTION((0.,1.,0.));
#2123=IFCDIRECTION((0.,0.,1.));
#2124=IFCCARTESIANTRANSFORMATIONOPERATOR3D(#2121,#2122,#2120,1.,#2123);
#2125=IFCMAPPEDITEM(#1800,#2124);
#2126=IFCSHAPEREPRESENTATION(#11,'Body','MappedRepresentation',(#2125));
#2127=IFCCARTESIANPOINT((0.,0.,0.));
#2128=IFCDIRECTION((1.,0.,0.));
#2129=IFCDIRECTION((0.,1.,0.));
#2130=IFCDIRECTION((0.,0.,1.));
#2131=IFCCARTESIANTRANSFORMATIONOPERATOR3D(#2128,#2129,#2127,1.,#2130);
#2132=IFCMAPPEDITEM(#1819,#2131);
#2133=IFCSHAPEREPRESENTATION(#24,'Body','MappedRepresentation',(#2132));
#2134=IFCOPENINGELEMENT('28$RwmItzF4gEUxL5mklZh',$,'Opening',$,$,#2462,#2162,$,.OPENING.);
#2150=IFCCARTESIANPOINT((0.,0.,0.));
#2151=IFCDIRECTION((1.,0.,0.));
#2152=IFCDIRECTION((0.,0.,1.));
#2153=IFCAXIS2PLACEMENT3D(#2150,#2152,#2151);
#2154=IFCREPRESENTATIONMAP(#2153,#2452);
#2155=IFCCARTESIANPOINT((0.,0.,0.));
#2156=IFCDIRECTION((1.,0.,0.));
#2157=IFCDIRECTION((0.,1.,0.));
#2158=IFCDIRECTION((0.,0.,1.));
#2159=IFCCARTESIANTRANSFORMATIONOPERATOR3D(#2156,#2157,#2155,1.,#2158);
#2160=IFCMAPPEDITEM(#2154,#2159);
#2161=IFCSHAPEREPRESENTATION(#11,'Body','MappedRepresentation',(#2160));
#2162=IFCPRODUCTDEFINITIONSHAPE($,$,(#2161));
#2163=IFCRELVOIDSELEMENT('0uHmRykrn0CuolBs_1W4VU',$,$,$,#127,#2134);
#2169=IFCRELFILLSELEMENT('3w5EV8l2L3VuvX3td$86Aa',$,$,$,#2134,#2110);
#2178=IFCCARTESIANPOINTLIST2D(((0.,0.),(0.,2.),(0.89999997615814209,2.),(0.89999997615814209,0.),(0.87499997578561306,0.),(0.87499997578561306,1.974999999627471),(0.02500000037252903,1.974999999627471),(0.02500000037252903,0.)));
#2179=IFCINDEXEDPOLYCURVE(#2178,(IFCLINEINDEX((1,2,3,4,5,6,7,8,1))),$);
#2180=IFCARBITRARYCLOSEDPROFILEDEF(.AREA.,$,#2179);
#2181=IFCCARTESIANPOINT((0.,0.02500000037252903,0.));
#2182=IFCDIRECTION((0.,-1.,0.));
#2183=IFCDIRECTION((1.,0.,0.));
#2184=IFCAXIS2PLACEMENT3D(#2181,#2182,#2183);
#2185=IFCDIRECTION((0.,0.,-1.));
#2186=IFCEXTRUDEDAREASOLID(#2180,#2184,#2185,0.02500000037252903);
#2187=IFCCARTESIANPOINTLIST2D(((0.,0.),(0.,2.),(0.89999997615814209,2.),(0.89999997615814209,0.),(0.84999997541308403,0.),(0.84999997541308403,1.9499999992549419),(0.05000000074505806,1.9499999992549419),(0.05000000074505806,0.)));
#2188=IFCINDEXEDPOLYCURVE(#2187,(IFCLINEINDEX((1,2,3,4,5,6,7,8,1))),$);
#2189=IFCARBITRARYCLOSEDPROFILEDEF(.AREA.,$,#2188);
#2190=IFCCARTESIANPOINT((0.,0.,0.));
#2191=IFCDIRECTION((0.,-1.,0.));
#2192=IFCDIRECTION((1.,0.,0.));
#2193=IFCAXIS2PLACEMENT3D(#2190,#2191,#2192);
#2194=IFCDIRECTION((0.,0.,-1.));
#2195=IFCEXTRUDEDAREASOLID(#2189,#2193,#2194,0.02500000037252903);
#2196=IFCCARTESIANPOINTLIST2D(((0.,0.),(0.79999997466802597,0.),(0.79999997466802597,0.10000000149011612),(0.,0.10000000149011612)));
#2197=IFCINDEXEDPOLYCURVE(#2196,(IFCLINEINDEX((1,2,3,4,1))),$);
#2198=IFCARBITRARYCLOSEDPROFILEDEF(.AREA.,$,#2197);
#2199=IFCCARTESIANPOINT((0.05000000074505806,0.,0.));
#2200=IFCDIRECTION((0.,0.,1.));
#2201=IFCDIRECTION((1.,0.,0.));
#2202=IFCAXIS2PLACEMENT3D(#2199,#2200,#2201);
#2203=IFCDIRECTION((0.,0.,1.));
#2204=IFCEXTRUDEDAREASOLID(#2198,#2202,#2203,0.02500000037252903);
#2205=IFCCARTESIANPOINTLIST2D(((0.,0.),(0.,2.0250000022351742),(0.94999998062849045,2.0250000022351742),(0.94999998062849045,0.),(0.87499997764825821,0.),(0.87499997764825821,1.9499999992549419),(0.075000002980232239,1.9499999992549419),(0.075000002980232239,0.)));
#2206=IFCINDEXEDPOLYCURVE(#2205,(IFCLINEINDEX((1,2,3,4,5,6,7,8,1))),$);
#2207=IFCARBITRARYCLOSEDPROFILEDEF(.AREA.,$,#2206);
#2208=IFCCARTESIANPOINT((-0.025000002235174179,-0.004999999888241291,0.));
#2209=IFCDIRECTION((0.,-1.,0.));
#2210=IFCDIRECTION((1.,0.,0.));
#2211=IFCAXIS2PLACEMENT3D(#2208,#2209,#2210);
#2212=IFCDIRECTION((0.,0.,-1.));
#2213=IFCEXTRUDEDAREASOLID(#2207,#2211,#2212,0.004999999888241291);
#2214=IFCCARTESIANPOINTLIST2D(((0.,0.),(0.,2.0250000022351742),(0.94999998062849045,2.0250000022351742),(0.94999998062849045,0.),(0.89999997802078724,0.),(0.89999997802078724,1.974999999627471),(0.050000002607703209,1.974999999627471),(0.050000002607703209,0.)));
#2215=IFCINDEXEDPOLYCURVE(#2214,(IFCLINEINDEX((1,2,3,4,5,6,7,8,1))),$);
#2216=IFCARBITRARYCLOSEDPROFILEDEF(.AREA.,$,#2215);
#2217=IFCCARTESIANPOINT((-0.025000002235174179,0.05000000074505806,0.));
#2218=IFCDIRECTION((0.,-1.,0.));
#2219=IFCDIRECTION((1.,0.,0.));
#2220=IFCAXIS2PLACEMENT3D(#2217,#2218,#2219);
#2221=IFCDIRECTION((0.,0.,-1.));
#2222=IFCEXTRUDEDAREASOLID(#2216,#2220,#2221,0.004999999888241291);
#2223=IFCCARTESIANPOINTLIST2D(((0.,0.),(0.84999997541308403,0.),(0.84999997541308403,0.035000000149011612),(0.,0.035000000149011612)));
#2224=IFCINDEXEDPOLYCURVE(#2223,(IFCLINEINDEX((1,2,3,4,1))),$);
#2225=IFCARBITRARYCLOSEDPROFILEDEF(.AREA.,$,#2224);
#2226=IFCCARTESIANPOINT((0.02500000037252903,0.02500000037252903,0.02500000037252903));
#2227=IFCDIRECTION((0.,0.,1.));
#2228=IFCDIRECTION((1.,0.,0.));
#2229=IFCAXIS2PLACEMENT3D(#2226,#2227,#2228);
#2230=IFCDIRECTION((0.,0.,1.));
#2231=IFCEXTRUDEDAREASOLID(#2225,#2229,#2230,1.9499999992549419);
#2232=IFCCARTESIANPOINTLIST2D(((0.,0.),(0.,-0.040000000000000001),(-0.11999999999999988,-0.040000000000000001),(-0.11999999999999988,-0.02),(-0.020000000000000018,-0.02),(-0.020000000000000018,0.)));
#2233=IFCINDEXEDPOLYCURVE(#2232,(IFCLINEINDEX((1,2,3,4,5,6,1))),$);
#2234=IFCARBITRARYCLOSEDPROFILEDEF(.AREA.,$,#2233);
#2235=IFCCARTESIANPOINT((0.82499997578561302,0.02500000037252903,1.015000000372529));
#2236=IFCDIRECTION((0.,0.,1.));
#2237=IFCDIRECTION((1.,0.,0.));
#2238=IFCAXIS2PLACEMENT3D(#2235,#2236,#2237);
#2239=IFCDIRECTION((0.,0.,1.));
#2240=IFCEXTRUDEDAREASOLID(#2234,#2238,#2239,0.02);
#2241=IFCEXTRUDEDAREASOLID(#2242,#2245,#2249,0.02);
#2242=IFCARBITRARYCLOSEDPROFILEDEF(.AREA.,$,#2243);
#2243=IFCINDEXEDPOLYCURVE(#2244,(IFCLINEINDEX((1,2,3,4,5,6,1))),$);
#2244=IFCCARTESIANPOINTLIST2D(((0.,0.),(0.,0.040000000000000008),(-0.11999999999999988,0.040000000000000008),(-0.11999999999999988,0.020000000000000004),(-0.020000000000000018,0.020000000000000004),(-0.020000000000000018,0.)));
#2245=IFCAXIS2PLACEMENT3D(#2246,#2247,#2248);
#2246=IFCCARTESIANPOINT((0.82499997578561302,0.060000000521540642,1.015000000372529));
#2247=IFCDIRECTION((0.,0.,1.));
#2248=IFCDIRECTION((1.,0.,0.));
#2249=IFCDIRECTION((0.,0.,1.));
#2251=IFCSHAPEREPRESENTATION(#11,'Body','SweptSolid',(#2338,#2222,#2195,#2394,#2204,#2405,#2186,#2213,#2329,#2356,#2320,#2347));
#2252=IFCSHAPEASPECT((#2251),'Lining',$,.T.,#2119);
#2253=IFCSHAPEREPRESENTATION(#11,'Body','SweptSolid',(#2365,#2240,#2241,#2231,#2416,#2374,#2375));
#2254=IFCSHAPEASPECT((#2253),'Framing',$,.T.,#2119);
#2309=IFCCARTESIANPOINTLIST3D(((0.,0.,0.),(1.0423566102981567,0.,0.),(1.0423566102981567,0.,2.),(0.,0.,2.)));
#2310=IFCINDEXEDPOLYCURVE(#2309,(IFCLINEINDEX((1,2,3,4,1))),$);
#2311=IFCSHAPEREPRESENTATION(#18,'Profile','Curve3D',(#2310));
#2312=IFCCARTESIANPOINTLIST2D(((0.,0.),(0.,1.6134348511695862),(1.0423566102981567,1.6134348511695862),(1.0423566102981567,0.),(1.0173566099256277,0.),(1.0173566099256277,1.5985871553421021),(0.02500000037252903,1.5985871553421021),(0.02500000037252903,0.)));
#2313=IFCINDEXEDPOLYCURVE(#2312,(IFCLINEINDEX((1,2,3,4,5,6,7,8,1))),$);
#2314=IFCARBITRARYCLOSEDPROFILEDEF(.AREA.,$,#2313);
#2315=IFCCARTESIANPOINT((0.,0.02500000037252903,0.));
#2316=IFCDIRECTION((0.,-1.,0.));
#2317=IFCDIRECTION((1.,0.,0.));
#2318=IFCAXIS2PLACEMENT3D(#2315,#2316,#2317);
#2319=IFCDIRECTION((0.,0.,-1.));
#2320=IFCEXTRUDEDAREASOLID(#2314,#2318,#2319,0.02500000037252903);
#2321=IFCCARTESIANPOINTLIST2D(((0.,0.),(0.,1.6134348511695862),(1.0423566102981567,1.6134348511695862),(1.0423566102981567,0.),(0.99235660955309868,0.),(0.99235660955309868,1.5985871553421021),(0.05000000074505806,1.5985871553421021),(0.05000000074505806,0.)));
#2322=IFCINDEXEDPOLYCURVE(#2321,(IFCLINEINDEX((1,2,3,4,5,6,7,8,1))),$);
#2323=IFCARBITRARYCLOSEDPROFILEDEF(.AREA.,$,#2322);
#2324=IFCCARTESIANPOINT((0.,0.,0.));
#2325=IFCDIRECTION((0.,-1.,0.));
#2326=IFCDIRECTION((1.,0.,0.));
#2327=IFCAXIS2PLACEMENT3D(#2324,#2325,#2326);
#2328=IFCDIRECTION((0.,0.,-1.));
#2329=IFCEXTRUDEDAREASOLID(#2323,#2327,#2328,0.02500000037252903);
#2330=IFCCARTESIANPOINTLIST2D(((0.,0.),(0.94235660880804062,0.),(0.94235660880804062,0.10000000149011612),(0.,0.10000000149011612)));
#2331=IFCINDEXEDPOLYCURVE(#2330,(IFCLINEINDEX((1,2,3,4,1))),$);
#2332=IFCARBITRARYCLOSEDPROFILEDEF(.AREA.,$,#2331);
#2333=IFCCARTESIANPOINT((0.05000000074505806,0.,0.));
#2334=IFCDIRECTION((0.,0.,1.));
#2335=IFCDIRECTION((1.,0.,0.));
#2336=IFCAXIS2PLACEMENT3D(#2333,#2334,#2335);
#2337=IFCDIRECTION((0.,0.,1.));
#2338=IFCEXTRUDEDAREASOLID(#2332,#2336,#2337,0.02500000037252903);
#2339=IFCCARTESIANPOINTLIST2D(((0.,0.),(0.,2.0250000022351742),(1.0923566147685051,2.0250000022351742),(1.0923566147685051,0.),(1.0173566117882729,0.),(1.0173566117882729,1.9499999992549419),(0.075000002980232239,1.9499999992549419),(0.075000002980232239,0.)));
#2340=IFCINDEXEDPOLYCURVE(#2339,(IFCLINEINDEX((1,2,3,4,5,6,7,8,1))),$);
#2341=IFCARBITRARYCLOSEDPROFILEDEF(.AREA.,$,#2340);
#2342=IFCCARTESIANPOINT((-0.025000002235174179,-0.004999999888241291,0.));
#2343=IFCDIRECTION((0.,-1.,0.));
#2344=IFCDIRECTION((1.,0.,0.));
#2345=IFCAXIS2PLACEMENT3D(#2342,#2343,#2344);
#2346=IFCDIRECTION((0.,0.,-1.));
#2347=IFCEXTRUDEDAREASOLID(#2341,#2345,#2346,0.004999999888241291);
#2348=IFCCARTESIANPOINTLIST2D(((0.,0.),(0.,2.0250000022351742),(1.0923566147685051,2.0250000022351742),(1.0923566147685051,0.),(1.0423566121608019,0.),(1.0423566121608019,1.9499999992549419),(0.050000002607703209,1.9499999992549419),(0.050000002607703209,0.)));
#2349=IFCINDEXEDPOLYCURVE(#2348,(IFCLINEINDEX((1,2,3,4,5,6,7,8,1))),$);
#2350=IFCARBITRARYCLOSEDPROFILEDEF(.AREA.,$,#2349);
#2351=IFCCARTESIANPOINT((-0.025000002235174179,0.05000000074505806,0.));
#2352=IFCDIRECTION((0.,-1.,0.));
#2353=IFCDIRECTION((1.,0.,0.));
#2354=IFCAXIS2PLACEMENT3D(#2351,#2352,#2353);
#2355=IFCDIRECTION((0.,0.,-1.));
#2356=IFCEXTRUDEDAREASOLID(#2350,#2354,#2355,0.004999999888241291);
#2357=IFCCARTESIANPOINTLIST2D(((0.,0.),(0.99235660955309868,0.),(0.99235660955309868,0.035000000149011612),(0.,0.035000000149011612)));
#2358=IFCINDEXEDPOLYCURVE(#2357,(IFCLINEINDEX((1,2,3,4,1))),$);
#2359=IFCARBITRARYCLOSEDPROFILEDEF(.AREA.,$,#2358);
#2360=IFCCARTESIANPOINT((0.02500000037252903,0.02500000037252903,0.02500000037252903));
#2361=IFCDIRECTION((0.,0.,1.));
#2362=IFCDIRECTION((1.,0.,0.));
#2363=IFCAXIS2PLACEMENT3D(#2360,#2361,#2362);
#2364=IFCDIRECTION((0.,0.,1.));
#2365=IFCEXTRUDEDAREASOLID(#2359,#2363,#2364,1.5634348504245281);
#2366=IFCCARTESIANPOINTLIST2D(((0.,0.),(0.,-0.040000000000000001),(-0.11999999999999988,-0.040000000000000001),(-0.11999999999999988,-0.02),(-0.020000000000000018,-0.02),(-0.020000000000000018,0.)));
#2367=IFCINDEXEDPOLYCURVE(#2366,(IFCLINEINDEX((1,2,3,4,5,6,1))),$);
#2368=IFCARBITRARYCLOSEDPROFILEDEF(.AREA.,$,#2367);
#2369=IFCCARTESIANPOINT((0.96735660992562766,0.02500000037252903,1.015000000372529));
#2370=IFCDIRECTION((0.,0.,1.));
#2371=IFCDIRECTION((1.,0.,0.));
#2372=IFCAXIS2PLACEMENT3D(#2369,#2370,#2371);
#2373=IFCDIRECTION((0.,0.,1.));
#2374=IFCEXTRUDEDAREASOLID(#2368,#2372,#2373,0.02);
#2375=IFCEXTRUDEDAREASOLID(#2376,#2379,#2383,0.02);
#2376=IFCARBITRARYCLOSEDPROFILEDEF(.AREA.,$,#2377);
#2377=IFCINDEXEDPOLYCURVE(#2378,(IFCLINEINDEX((1,2,3,4,5,6,1))),$);
#2378=IFCCARTESIANPOINTLIST2D(((0.,0.),(0.,0.040000000000000008),(-0.11999999999999988,0.040000000000000008),(-0.11999999999999988,0.020000000000000004),(-0.020000000000000018,0.020000000000000004),(-0.020000000000000018,0.)));
#2379=IFCAXIS2PLACEMENT3D(#2380,#2381,#2382);
#2380=IFCCARTESIANPOINT((0.96735660992562766,0.060000000521540642,1.015000000372529));
#2381=IFCDIRECTION((0.,0.,1.));
#2382=IFCDIRECTION((1.,0.,0.));
#2383=IFCDIRECTION((0.,0.,1.));
#2384=IFCCARTESIANPOINTLIST2D(((0.,0.),(1.0423566102981567,0.),(1.0423566102981567,0.38656514883041382),(0.,0.38656514883041382)));
#2385=IFCINDEXEDPOLYCURVE(#2384,(IFCLINEINDEX((1,2,3,4,1))),$);
#2386=IFCCARTESIANPOINTLIST2D(((0.02500000037252903,0.014847695827484131),(1.0173566099256277,0.014847695827484131),(1.0173566099256277,0.36156514845788479),(0.02500000037252903,0.36156514845788479)));
#2387=IFCINDEXEDPOLYCURVE(#2386,(IFCLINEINDEX((1,2,3,4,1))),$);
#2388=IFCARBITRARYPROFILEDEFWITHVOIDS(.AREA.,$,#2385,(#2387));
#2389=IFCCARTESIANPOINT((0.,0.02500000037252903,1.6134348511695862));
#2390=IFCDIRECTION((0.,-1.,0.));
#2391=IFCDIRECTION((1.,0.,0.));
#2392=IFCAXIS2PLACEMENT3D(#2389,#2390,#2391);
#2393=IFCDIRECTION((0.,0.,-1.));
#2394=IFCEXTRUDEDAREASOLID(#2388,#2392,#2393,0.02500000037252903);
#2395=IFCCARTESIANPOINTLIST2D(((0.,0.),(1.0423566102981567,0.),(1.0423566102981567,0.38656514883041382),(0.,0.38656514883041382)));
#2396=IFCINDEXEDPOLYCURVE(#2395,(IFCLINEINDEX((1,2,3,4,1))),$);
#2397=IFCCARTESIANPOINTLIST2D(((0.05000000074505806,0.014847695827484131),(0.99235660955309868,0.014847695827484131),(0.99235660955309868,0.33656514808535576),(0.05000000074505806,0.33656514808535576)));
#2398=IFCINDEXEDPOLYCURVE(#2397,(IFCLINEINDEX((1,2,3,4,1))),$);
#2399=IFCARBITRARYPROFILEDEFWITHVOIDS(.AREA.,$,#2396,(#2398));
#2400=IFCCARTESIANPOINT((0.,0.,1.6134348511695862));
#2401=IFCDIRECTION((0.,-1.,0.));
#2402=IFCDIRECTION((1.,0.,0.));
#2403=IFCAXIS2PLACEMENT3D(#2400,#2401,#2402);
#2404=IFCDIRECTION((0.,0.,-1.));
#2405=IFCEXTRUDEDAREASOLID(#2399,#2403,#2404,0.02500000037252903);
#2406=IFCCARTESIANPOINTLIST2D(((0.,0.),(0.99235660955309868,0.),(0.99235660955309868,0.33656514808535576),(0.,0.33656514808535576)));
#2407=IFCINDEXEDPOLYCURVE(#2406,(IFCLINEINDEX((1,2,3,4,1))),$);
#2408=IFCCARTESIANPOINTLIST2D(((0.035000000149011612,0.035000000149011612),(0.95735660940408707,0.035000000149011612),(0.95735660940408707,0.30156514793634415),(0.035000000149011612,0.30156514793634415)));
#2409=IFCINDEXEDPOLYCURVE(#2408,(IFCLINEINDEX((1,2,3,4,1))),$);
#2410=IFCARBITRARYPROFILEDEFWITHVOIDS(.AREA.,$,#2407,(#2409));
#2411=IFCCARTESIANPOINT((0.02500000037252903,0.02500000037252903,1.6384348515421152));
#2412=IFCDIRECTION((0.,-1.,0.));
#2413=IFCDIRECTION((1.,0.,0.));
#2414=IFCAXIS2PLACEMENT3D(#2411,#2412,#2413);
#2415=IFCDIRECTION((0.,0.,-1.));
#2416=IFCEXTRUDEDAREASOLID(#2410,#2414,#2415,0.035000000149011612);
#2417=IFCINDEXEDPOLYCURVE(#2418,(IFCLINEINDEX((1,2,3,4,1))),$);
#2418=IFCCARTESIANPOINTLIST2D(((0.035000000149011612,0.035000000149011612),(0.95735660940408707,0.035000000149011612),(0.95735660940408707,0.30156514793634415),(0.035000000149011612,0.30156514793634415)));
#2419=IFCARBITRARYCLOSEDPROFILEDEF(.AREA.,$,#2417);
#2420=IFCCARTESIANPOINT((0.02500000037252903,0.037500000447034831,1.6384348515421152));
#2421=IFCDIRECTION((0.,-1.,0.));
#2422=IFCDIRECTION((1.,0.,0.));
#2423=IFCAXIS2PLACEMENT3D(#2420,#2421,#2422);
#2424=IFCDIRECTION((0.,0.,-1.));
#2425=IFCEXTRUDEDAREASOLID(#2419,#2423,#2424,0.01);
#2426=IFCSHAPEREPRESENTATION(#11,'Body','SweptSolid',(#2320,#2329,#2365,#2374,#2375,#2394,#2405,#2416,#2425,#2338,#2347,#2356));
#2427=IFCSHAPEREPRESENTATION(#11,'Body','SweptSolid',(#2425));
#2428=IFCSHAPEASPECT((#2427),'Glazing',$,.T.,#2119);
#2429=IFCCARTESIANPOINTLIST2D(((0.,0.),(0.,0.05000000074505806),(0.02500000037252903,0.05000000074505806),(0.02500000037252903,0.02500000037252903),(0.05000000074505806,0.02500000037252903),(0.05000000074505806,0.)));
#2430=IFCINDEXEDPOLYCURVE(#2429,(IFCLINEINDEX((1,2,3,4,5,6,1))),$);
#2431=IFCINDEXEDPOLYCURVE(#2432,(IFCLINEINDEX((1,2,3,4,5,6,1))),$);
#2432=IFCCARTESIANPOINTLIST2D(((1.0423566102981567,0.),(1.0423566102981567,0.05000000074505806),(1.0173566099256277,0.05000000074505806),(1.0173566099256277,0.02500000037252903),(0.99235660955309868,0.02500000037252903),(0.99235660955309868,0.)));
#2433=IFCDIRECTION((1.,0.));
#2434=IFCCARTESIANPOINT((0.060000000521540642,0.05000000074505806));
#2435=IFCAXIS2PLACEMENT2D(#2434,#2433);
#2436=IFCELLIPSE(#2435,0.95735660940408707,0.99235660955309868);
#2437=IFCCARTESIANPOINT((1.0173566099256277,0.05000000074505806));
#2438=IFCCARTESIANPOINT((0.060000000521540642,1.0423566102981567));
#2439=IFCTRIMMEDCURVE(#2436,(#2437),(#2438),.T.,.CARTESIAN.);
#2440=IFCCARTESIANPOINTLIST2D(((0.02500000037252903,0.05000000074505806),(0.060000000521540642,0.05000000074505806),(0.060000000521540642,1.0423566102981567),(0.02500000037252903,1.0423566102981567)));
#2441=IFCINDEXEDPOLYCURVE(#2440,(IFCLINEINDEX((1,2,3,4,1))),$);
#2442=IFCSHAPEREPRESENTATION(#24,'Body','Curve2D',(#2430,#2431,#2439,#2441));
#2443=IFCCARTESIANPOINTLIST2D(((0.,0.),(1.0423566102981567,0.),(1.0423566102981567,2.),(0.,2.)));
#2444=IFCINDEXEDPOLYCURVE(#2443,(IFCLINEINDEX((1,2,3,4,1))),$);
#2445=IFCARBITRARYCLOSEDPROFILEDEF(.AREA.,$,#2444);
#2446=IFCCARTESIANPOINT((0.,-0.60000002384185791,0.));
#2447=IFCDIRECTION((0.,-1.,0.));
#2448=IFCDIRECTION((1.,0.,0.));
#2449=IFCAXIS2PLACEMENT3D(#2446,#2447,#2448);
#2450=IFCDIRECTION((0.,0.,-1.));
#2451=IFCEXTRUDEDAREASOLID(#2445,#2449,#2450,1.2);
#2452=IFCSHAPEREPRESENTATION(#11,'Body','SweptSolid',(#2451));
#2458=IFCCARTESIANPOINT((0.59002019743466017,4.76837158203125E-07,0.));
#2459=IFCDIRECTION((0.,0.,1.));
#2460=IFCDIRECTION((0.99999999999988631,-4.7683715820307079E-07,0.));
#2461=IFCAXIS2PLACEMENT3D(#2458,#2459,#2460);
#2462=IFCLOCALPLACEMENT(#1559,#2461);
#2463=IFCCARTESIANPOINT((1.1102230246251565E-16,0.,0.));
#2464=IFCDIRECTION((0.,0.,1.));
#2465=IFCDIRECTION((1.,0.,0.));
#2466=IFCAXIS2PLACEMENT3D(#2463,#2464,#2465);
#2467=IFCLOCALPLACEMENT(#2462,#2466);
#2670=IFCDOORTYPE('1FzZmXfr5DYPFvs5t2MwcM',$,'Guest-GF',$,$,$,(#2673,#2681,#2801),$,$,.DOOR.,.SINGLE_SWING_LEFT.,$,$);
#2673=IFCREPRESENTATIONMAP(#2674,#3207);
#2674=IFCAXIS2PLACEMENT3D(#2675,#2676,#2677);
#2675=IFCCARTESIANPOINT((0.,0.,0.));
#2676=IFCDIRECTION((0.,0.,1.));
#2677=IFCDIRECTION((1.,0.,0.));
#2681=IFCREPRESENTATIONMAP(#2682,#3322);
#2682=IFCAXIS2PLACEMENT3D(#2683,#2684,#2685);
#2683=IFCCARTESIANPOINT((0.,0.,0.));
#2684=IFCDIRECTION((0.,0.,1.));
#2685=IFCDIRECTION((1.,0.,0.));
#2801=IFCREPRESENTATIONMAP(#2802,#3336);
#2802=IFCAXIS2PLACEMENT3D(#2803,#2804,#2805);
#2803=IFCCARTESIANPOINT((0.,0.,0.));
#2804=IFCDIRECTION((0.,0.,1.));
#2805=IFCDIRECTION((1.,0.,0.));
#2820=IFCDOOR('2md6yACXLDph3b_0ZaURkF',$,'Door',$,$,#3361,#2829,$,2.,1.0423566102981567,$,.SINGLE_SWING_RIGHT.,$);
#2821=IFCRELDEFINESBYTYPE('3fFXwn8Gb2OPrdBgd6nvQB',$,$,$,(#2820),#2670);
#2822=IFCCARTESIANPOINT((0.,0.,0.));
#2823=IFCDIRECTION((1.,0.,0.));
#2824=IFCDIRECTION((0.,1.,0.));
#2825=IFCDIRECTION((0.,0.,1.));
#2826=IFCCARTESIANTRANSFORMATIONOPERATOR3D(#2823,#2824,#2822,1.,#2825);
#2827=IFCMAPPEDITEM(#2673,#2826);
#2828=IFCSHAPEREPRESENTATION(#18,'Profile','MappedRepresentation',(#2827));
#2829=IFCPRODUCTDEFINITIONSHAPE($,$,(#2828,#2836,#2843));
#2830=IFCCARTESIANPOINT((0.,0.,0.));
#2831=IFCDIRECTION((1.,0.,0.));
#2832=IFCDIRECTION((0.,1.,0.));
#2833=IFCDIRECTION((0.,0.,1.));
#2834=IFCCARTESIANTRANSFORMATIONOPERATOR3D(#2831,#2832,#2830,1.,#2833);
#2835=IFCMAPPEDITEM(#2681,#2834);
#2836=IFCSHAPEREPRESENTATION(#11,'Body','MappedRepresentation',(#2835));
#2837=IFCCARTESIANPOINT((0.,0.,0.));
#2838=IFCDIRECTION((1.,0.,0.));
#2839=IFCDIRECTION((0.,1.,0.));
#2840=IFCDIRECTION((0.,0.,1.));
#2841=IFCCARTESIANTRANSFORMATIONOPERATOR3D(#2838,#2839,#2837,1.,#2840);
#2842=IFCMAPPEDITEM(#2801,#2841);
#2843=IFCSHAPEREPRESENTATION(#24,'Body','MappedRepresentation',(#2842));
#2844=IFCOPENINGELEMENT('0eGyoFpqv8he1_2HqFt_nv',$,'Opening',$,$,#3356,#2872,$,.OPENING.);
#2860=IFCCARTESIANPOINT((0.,0.,0.));
#2861=IFCDIRECTION((1.,0.,0.));
#2862=IFCDIRECTION((0.,0.,1.));
#2863=IFCAXIS2PLACEMENT3D(#2860,#2862,#2861);
#2864=IFCREPRESENTATIONMAP(#2863,#3346);
#2865=IFCCARTESIANPOINT((0.,0.,0.));
#2866=IFCDIRECTION((1.,0.,0.));
#2867=IFCDIRECTION((0.,1.,0.));
#2868=IFCDIRECTION((0.,0.,1.));
#2869=IFCCARTESIANTRANSFORMATIONOPERATOR3D(#2866,#2867,#2865,1.,#2868);
#2870=IFCMAPPEDITEM(#2864,#2869);
#2871=IFCSHAPEREPRESENTATION(#11,'Body','MappedRepresentation',(#2870));
#2872=IFCPRODUCTDEFINITIONSHAPE($,$,(#2871));
#2873=IFCRELVOIDSELEMENT('1LozhrEbbBvO4U20CAKu36',$,$,$,#620,#2844);
#2879=IFCRELFILLSELEMENT('2mOadwXeD8qvkSzCpWt9Jk',$,$,$,#2844,#2820);
#3003=IFCSHAPEREPRESENTATION(#11,'Body','SweptSolid',(#3243,#3234,#3301,#3252,#3225,#3216,#3290));
#3004=IFCSHAPEASPECT((#3003),'Lining',$,.T.,#2829);
#3005=IFCSHAPEREPRESENTATION(#11,'Body','SweptSolid',(#3312,#3271,#3270,#3261));
#3006=IFCSHAPEASPECT((#3005),'Framing',$,.T.,#2829);
#3007=IFCSHAPEREPRESENTATION(#11,'Body','SweptSolid',(#3321));
#3008=IFCSHAPEASPECT((#3007),'Glazing',$,.T.,#2829);
#3205=IFCCARTESIANPOINTLIST3D(((0.,0.,0.),(1.0423566102981567,0.,0.),(1.0423566102981567,0.,2.),(0.,0.,2.)));
#3206=IFCINDEXEDPOLYCURVE(#3205,(IFCLINEINDEX((1,2,3,4,1))),$);
#3207=IFCSHAPEREPRESENTATION(#18,'Profile','Curve3D',(#3206));
#3208=IFCCARTESIANPOINTLIST2D(((0.,0.),(0.,1.6134348511695862),(1.0423566102981567,1.6134348511695862),(1.0423566102981567,0.),(1.0173566099256277,0.),(1.0173566099256277,1.5985871553421021),(0.02500000037252903,1.5985871553421021),(0.02500000037252903,0.)));
#3209=IFCINDEXEDPOLYCURVE(#3208,(IFCLINEINDEX((1,2,3,4,5,6,7,8,1))),$);
#3210=IFCARBITRARYCLOSEDPROFILEDEF(.AREA.,$,#3209);
#3211=IFCCARTESIANPOINT((0.,0.02500000037252903,0.));
#3212=IFCDIRECTION((0.,-1.,0.));
#3213=IFCDIRECTION((1.,0.,0.));
#3214=IFCAXIS2PLACEMENT3D(#3211,#3212,#3213);
#3215=IFCDIRECTION((0.,0.,-1.));
#3216=IFCEXTRUDEDAREASOLID(#3210,#3214,#3215,0.02500000037252903);
#3217=IFCCARTESIANPOINTLIST2D(((0.,0.),(0.,1.6134348511695862),(1.0423566102981567,1.6134348511695862),(1.0423566102981567,0.),(0.99235660955309868,0.),(0.99235660955309868,1.5985871553421021),(0.05000000074505806,1.5985871553421021),(0.05000000074505806,0.)));
#3218=IFCINDEXEDPOLYCURVE(#3217,(IFCLINEINDEX((1,2,3,4,5,6,7,8,1))),$);
#3219=IFCARBITRARYCLOSEDPROFILEDEF(.AREA.,$,#3218);
#3220=IFCCARTESIANPOINT((0.,0.,0.));
#3221=IFCDIRECTION((0.,-1.,0.));
#3222=IFCDIRECTION((1.,0.,0.));
#3223=IFCAXIS2PLACEMENT3D(#3220,#3221,#3222);
#3224=IFCDIRECTION((0.,0.,-1.));
#3225=IFCEXTRUDEDAREASOLID(#3219,#3223,#3224,0.02500000037252903);
#3226=IFCCARTESIANPOINTLIST2D(((0.,0.),(0.94235660880804062,0.),(0.94235660880804062,0.10000000149011612),(0.,0.10000000149011612)));
#3227=IFCINDEXEDPOLYCURVE(#3226,(IFCLINEINDEX((1,2,3,4,1))),$);
#3228=IFCARBITRARYCLOSEDPROFILEDEF(.AREA.,$,#3227);
#3229=IFCCARTESIANPOINT((0.05000000074505806,0.,0.));
#3230=IFCDIRECTION((0.,0.,1.));
#3231=IFCDIRECTION((1.,0.,0.));
#3232=IFCAXIS2PLACEMENT3D(#3229,#3230,#3231);
#3233=IFCDIRECTION((0.,0.,1.));
#3234=IFCEXTRUDEDAREASOLID(#3228,#3232,#3233,0.02500000037252903);
#3235=IFCCARTESIANPOINTLIST2D(((0.,0.),(0.,2.0250000022351742),(1.0923566147685051,2.0250000022351742),(1.0923566147685051,0.),(1.0173566117882729,0.),(1.0173566117882729,1.9499999992549419),(0.075000002980232239,1.9499999992549419),(0.075000002980232239,0.)));
#3236=IFCINDEXEDPOLYCURVE(#3235,(IFCLINEINDEX((1,2,3,4,5,6,7,8,1))),$);
#3237=IFCARBITRARYCLOSEDPROFILEDEF(.AREA.,$,#3236);
#3238=IFCCARTESIANPOINT((-0.025000002235174179,-0.004999999888241291,0.));
#3239=IFCDIRECTION((0.,-1.,0.));
#3240=IFCDIRECTION((1.,0.,0.));
#3241=IFCAXIS2PLACEMENT3D(#3238,#3239,#3240);
#3242=IFCDIRECTION((0.,0.,-1.));
#3243=IFCEXTRUDEDAREASOLID(#3237,#3241,#3242,0.004999999888241291);
#3244=IFCCARTESIANPOINTLIST2D(((0.,0.),(0.,2.0250000022351742),(1.0923566147685051,2.0250000022351742),(1.0923566147685051,0.),(1.0423566121608019,0.),(1.0423566121608019,1.9499999992549419),(0.050000002607703209,1.9499999992549419),(0.050000002607703209,0.)));
#3245=IFCINDEXEDPOLYCURVE(#3244,(IFCLINEINDEX((1,2,3,4,5,6,7,8,1))),$);
#3246=IFCARBITRARYCLOSEDPROFILEDEF(.AREA.,$,#3245);
#3247=IFCCARTESIANPOINT((-0.025000002235174179,0.05000000074505806,0.));
#3248=IFCDIRECTION((0.,-1.,0.));
#3249=IFCDIRECTION((1.,0.,0.));
#3250=IFCAXIS2PLACEMENT3D(#3247,#3248,#3249);
#3251=IFCDIRECTION((0.,0.,-1.));
#3252=IFCEXTRUDEDAREASOLID(#3246,#3250,#3251,0.004999999888241291);
#3253=IFCCARTESIANPOINTLIST2D(((0.,0.),(0.99235660955309868,0.),(0.99235660955309868,0.035000000149011612),(0.,0.035000000149011612)));
#3254=IFCINDEXEDPOLYCURVE(#3253,(IFCLINEINDEX((1,2,3,4,1))),$);
#3255=IFCARBITRARYCLOSEDPROFILEDEF(.AREA.,$,#3254);
#3256=IFCCARTESIANPOINT((0.02500000037252903,0.02500000037252903,0.02500000037252903));
#3257=IFCDIRECTION((0.,0.,1.));
#3258=IFCDIRECTION((1.,0.,0.));
#3259=IFCAXIS2PLACEMENT3D(#3256,#3257,#3258);
#3260=IFCDIRECTION((0.,0.,1.));
#3261=IFCEXTRUDEDAREASOLID(#3255,#3259,#3260,1.5634348504245281);
#3262=IFCCARTESIANPOINTLIST2D(((0.,0.),(0.,-0.040000000000000001),(0.12,-0.040000000000000001),(0.12,-0.02),(0.02,-0.02),(0.02,0.)));
#3263=IFCINDEXEDPOLYCURVE(#3262,(IFCLINEINDEX((1,2,3,4,5,6,1))),$);
#3264=IFCARBITRARYCLOSEDPROFILEDEF(.AREA.,$,#3263);
#3265=IFCCARTESIANPOINT((0.075000000372529033,0.02500000037252903,1.015000000372529));
#3266=IFCDIRECTION((0.,0.,1.));
#3267=IFCDIRECTION((1.,0.,0.));
#3268=IFCAXIS2PLACEMENT3D(#3265,#3266,#3267);
#3269=IFCDIRECTION((0.,0.,1.));
#3270=IFCEXTRUDEDAREASOLID(#3264,#3268,#3269,0.02);
#3271=IFCEXTRUDEDAREASOLID(#3272,#3275,#3279,0.02);
#3272=IFCARBITRARYCLOSEDPROFILEDEF(.AREA.,$,#3273);
#3273=IFCINDEXEDPOLYCURVE(#3274,(IFCLINEINDEX((1,2,3,4,5,6,1))),$);
#3274=IFCCARTESIANPOINTLIST2D(((0.,0.),(0.,0.040000000000000008),(0.11999999999999998,0.040000000000000008),(0.11999999999999998,0.020000000000000004),(0.020000000000000004,0.020000000000000004),(0.020000000000000004,0.)));
#3275=IFCAXIS2PLACEMENT3D(#3276,#3277,#3278);
#3276=IFCCARTESIANPOINT((0.075000000372529033,0.060000000521540642,1.015000000372529));
#3277=IFCDIRECTION((0.,0.,1.));
#3278=IFCDIRECTION((1.,0.,0.));
#3279=IFCDIRECTION((0.,0.,1.));
#3280=IFCCARTESIANPOINTLIST2D(((0.,0.),(1.0423566102981567,0.),(1.0423566102981567,0.38656514883041382),(0.,0.38656514883041382)));
#3281=IFCINDEXEDPOLYCURVE(#3280,(IFCLINEINDEX((1,2,3,4,1))),$);
#3282=IFCCARTESIANPOINTLIST2D(((0.02500000037252903,0.014847695827484131),(1.0173566099256277,0.014847695827484131),(1.0173566099256277,0.36156514845788479),(0.02500000037252903,0.36156514845788479)));
#3283=IFCINDEXEDPOLYCURVE(#3282,(IFCLINEINDEX((1,2,3,4,1))),$);
#3284=IFCARBITRARYPROFILEDEFWITHVOIDS(.AREA.,$,#3281,(#3283));
#3285=IFCCARTESIANPOINT((0.,0.02500000037252903,1.6134348511695862));
#3286=IFCDIRECTION((0.,-1.,0.));
#3287=IFCDIRECTION((1.,0.,0.));
#3288=IFCAXIS2PLACEMENT3D(#3285,#3286,#3287);
#3289=IFCDIRECTION((0.,0.,-1.));
#3290=IFCEXTRUDEDAREASOLID(#3284,#3288,#3289,0.02500000037252903);
#3291=IFCCARTESIANPOINTLIST2D(((0.,0.),(1.0423566102981567,0.),(1.0423566102981567,0.38656514883041382),(0.,0.38656514883041382)));
#3292=IFCINDEXEDPOLYCURVE(#3291,(IFCLINEINDEX((1,2,3,4,1))),$);
#3293=IFCCARTESIANPOINTLIST2D(((0.05000000074505806,0.014847695827484131),(0.99235660955309868,0.014847695827484131),(0.99235660955309868,0.33656514808535576),(0.05000000074505806,0.33656514808535576)));
#3294=IFCINDEXEDPOLYCURVE(#3293,(IFCLINEINDEX((1,2,3,4,1))),$);
#3295=IFCARBITRARYPROFILEDEFWITHVOIDS(.AREA.,$,#3292,(#3294));
#3296=IFCCARTESIANPOINT((0.,0.,1.6134348511695862));
#3297=IFCDIRECTION((0.,-1.,0.));
#3298=IFCDIRECTION((1.,0.,0.));
#3299=IFCAXIS2PLACEMENT3D(#3296,#3297,#3298);
#3300=IFCDIRECTION((0.,0.,-1.));
#3301=IFCEXTRUDEDAREASOLID(#3295,#3299,#3300,0.02500000037252903);
#3302=IFCCARTESIANPOINTLIST2D(((0.,0.),(0.99235660955309868,0.),(0.99235660955309868,0.33656514808535576),(0.,0.33656514808535576)));
#3303=IFCINDEXEDPOLYCURVE(#3302,(IFCLINEINDEX((1,2,3,4,1))),$);
#3304=IFCCARTESIANPOINTLIST2D(((0.035000000149011612,0.035000000149011612),(0.95735660940408707,0.035000000149011612),(0.95735660940408707,0.30156514793634415),(0.035000000149011612,0.30156514793634415)));
#3305=IFCINDEXEDPOLYCURVE(#3304,(IFCLINEINDEX((1,2,3,4,1))),$);
#3306=IFCARBITRARYPROFILEDEFWITHVOIDS(.AREA.,$,#3303,(#3305));
#3307=IFCCARTESIANPOINT((0.02500000037252903,0.02500000037252903,1.6384348515421152));
#3308=IFCDIRECTION((0.,-1.,0.));
#3309=IFCDIRECTION((1.,0.,0.));
#3310=IFCAXIS2PLACEMENT3D(#3307,#3308,#3309);
#3311=IFCDIRECTION((0.,0.,-1.));
#3312=IFCEXTRUDEDAREASOLID(#3306,#3310,#3311,0.035000000149011612);
#3313=IFCINDEXEDPOLYCURVE(#3314,(IFCLINEINDEX((1,2,3,4,1))),$);
#3314=IFCCARTESIANPOINTLIST2D(((0.035000000149011612,0.035000000149011612),(0.95735660940408707,0.035000000149011612),(0.95735660940408707,0.30156514793634415),(0.035000000149011612,0.30156514793634415)));
#3315=IFCARBITRARYCLOSEDPROFILEDEF(.AREA.,$,#3313);
#3316=IFCCARTESIANPOINT((0.02500000037252903,0.037500000447034831,1.6384348515421152));
#3317=IFCDIRECTION((0.,-1.,0.));
#3318=IFCDIRECTION((1.,0.,0.));
#3319=IFCAXIS2PLACEMENT3D(#3316,#3317,#3318);
#3320=IFCDIRECTION((0.,0.,-1.));
#3321=IFCEXTRUDEDAREASOLID(#3315,#3319,#3320,0.01);
#3322=IFCSHAPEREPRESENTATION(#11,'Body','SweptSolid',(#3216,#3225,#3261,#3270,#3271,#3290,#3301,#3312,#3321,#3234,#3243,#3252));
#3323=IFCCARTESIANPOINTLIST2D(((0.,0.),(0.,0.05000000074505806),(0.02500000037252903,0.05000000074505806),(0.02500000037252903,0.02500000037252903),(0.05000000074505806,0.02500000037252903),(0.05000000074505806,0.)));
#3324=IFCINDEXEDPOLYCURVE(#3323,(IFCLINEINDEX((1,2,3,4,5,6,1))),$);
#3325=IFCINDEXEDPOLYCURVE(#3326,(IFCLINEINDEX((1,2,3,4,5,6,1))),$);
#3326=IFCCARTESIANPOINTLIST2D(((1.0423566102981567,0.),(1.0423566102981567,0.05000000074505806),(1.0173566099256277,0.05000000074505806),(1.0173566099256277,0.02500000037252903),(0.99235660955309868,0.02500000037252903),(0.99235660955309868,0.)));
#3327=IFCDIRECTION((1.,0.));
#3328=IFCCARTESIANPOINT((0.9823566097766161,0.05000000074505806));
#3329=IFCAXIS2PLACEMENT2D(#3328,#3327);
#3330=IFCELLIPSE(#3329,0.95735660940408707,0.99235660955309868);
#3331=IFCCARTESIANPOINT((0.9823566097766161,1.0423566102981567));
#3332=IFCCARTESIANPOINT((0.02500000037252903,0.05000000074505806));
#3333=IFCTRIMMEDCURVE(#3330,(#3331),(#3332),.T.,.CARTESIAN.);
#3334=IFCCARTESIANPOINTLIST2D(((1.0173566099256277,0.05000000074505806),(0.9823566097766161,0.05000000074505806),(0.9823566097766161,1.0423566102981567),(1.0173566099256277,1.0423566102981567)));
#3335=IFCINDEXEDPOLYCURVE(#3334,(IFCLINEINDEX((1,2,3,4,1))),$);
#3336=IFCSHAPEREPRESENTATION(#24,'Body','Curve2D',(#3324,#3325,#3333,#3335));
#3337=IFCCARTESIANPOINTLIST2D(((0.,0.),(1.0423566102981567,0.),(1.0423566102981567,2.),(0.,2.)));
#3338=IFCINDEXEDPOLYCURVE(#3337,(IFCLINEINDEX((1,2,3,4,1))),$);
#3339=IFCARBITRARYCLOSEDPROFILEDEF(.AREA.,$,#3338);
#3340=IFCCARTESIANPOINT((0.,-0.60000002384185791,0.));
#3341=IFCDIRECTION((0.,-1.,0.));
#3342=IFCDIRECTION((1.,0.,0.));
#3343=IFCAXIS2PLACEMENT3D(#3340,#3341,#3342);
#3344=IFCDIRECTION((0.,0.,-1.));
#3345=IFCEXTRUDEDAREASOLID(#3339,#3343,#3344,1.2);
#3346=IFCSHAPEREPRESENTATION(#11,'Body','SweptSolid',(#3345));
#3352=IFCCARTESIANPOINT((1.393211985737109,0.01500000147249908,0.));
#3353=IFCDIRECTION((0.,0.,1.));
#3354=IFCDIRECTION((0.99999999999997147,-2.384185719961227E-07,0.));
#3355=IFCAXIS2PLACEMENT3D(#3352,#3353,#3354);
#3356=IFCLOCALPLACEMENT(#631,#3355);
#3357=IFCCARTESIANPOINT((-2.2204460492503131E-16,0.,0.));
#3358=IFCDIRECTION((0.,0.,1.));
#3359=IFCDIRECTION((1.,5.2939559203393771E-23,0.));
#3360=IFCAXIS2PLACEMENT3D(#3357,#3358,#3359);
#3361=IFCLOCALPLACEMENT(#3356,#3360);
#3362=IFCDOORTYPE('0YLjZoZir0CBGAiyw3Y6Ml',$,'Bathroom-GF',$,$,(#3363),(#3365,#3373,#3493),$,$,.DOOR.,.SINGLE_SWING_LEFT.,$,$);
#3363=IFCPROPERTYSET('1AXVkFqFzFBOQRh0OQhD2b',$,'BBIM_Door',$,(#3364));
#3364=IFCPROPERTYSINGLEVALUE('Data',$,IFCTEXT('{"door_type": "SINGLE_SWING_LEFT", "overall_height": 2.0, "overall_width": 0.7133806943893433, "lining_properties": {"lining_depth": 0.05000000074505806, "lining_thickness": 0.0010000000474974513, "lining_offset": 0.0, "lining_to_panel_offset_x": 0.02500000037252903, "lining_to_panel_offset_y": 0.02500000037252903, "transom_thickness": 0.22632312774658203, "transom_offset": 1.8844785690307617, "casing_thickness": 0.11498542129993439, "casing_depth": 0.0010000000474974513, "threshold_thickness": 0.02500000037252903, "threshold_depth": 0.10000000149011612, "threshold_offset": 0.0}, "panel_properties": {"panel_depth": 0.03500000014901161, "panel_width_ratio": 1.0, "frame_thickness": 0.03500000014901161, "frame_depth": 0.03500000014901161}}'),$);
#3365=IFCREPRESENTATIONMAP(#3366,#6071);
#3366=IFCAXIS2PLACEMENT3D(#3367,#3368,#3369);
#3367=IFCCARTESIANPOINT((0.,0.,0.));
#3368=IFCDIRECTION((0.,0.,1.));
#3369=IFCDIRECTION((1.,0.,0.));
#3373=IFCREPRESENTATIONMAP(#3374,#6186);
#3374=IFCAXIS2PLACEMENT3D(#3375,#3376,#3377);
#3375=IFCCARTESIANPOINT((0.,0.,0.));
#3376=IFCDIRECTION((0.,0.,1.));
#3377=IFCDIRECTION((1.,0.,0.));
#3493=IFCREPRESENTATIONMAP(#3494,#6200);
#3494=IFCAXIS2PLACEMENT3D(#3495,#3496,#3497);
#3495=IFCCARTESIANPOINT((0.,0.,0.));
#3496=IFCDIRECTION((0.,0.,1.));
#3497=IFCDIRECTION((1.,0.,0.));
#3577=IFCDOOR('25k3ithIT3uhvFb57DCOSV',$,'Door',$,$,#6225,#3586,$,2.,0.71338069438934326,$,.SINGLE_SWING_LEFT.,$);
#3578=IFCRELDEFINESBYTYPE('3v5zO9LE59uvCD5yta$PtQ',$,$,$,(#3577),#3362);
#3579=IFCCARTESIANPOINT((0.,0.,0.));
#3580=IFCDIRECTION((1.,0.,0.));
#3581=IFCDIRECTION((0.,1.,0.));
#3582=IFCDIRECTION((0.,0.,1.));
#3583=IFCCARTESIANTRANSFORMATIONOPERATOR3D(#3580,#3581,#3579,1.,#3582);
#3584=IFCMAPPEDITEM(#3365,#3583);
#3585=IFCSHAPEREPRESENTATION(#18,'Profile','MappedRepresentation',(#3584));
#3586=IFCPRODUCTDEFINITIONSHAPE($,$,(#3585,#3593,#3600));
#3587=IFCCARTESIANPOINT((0.,0.,0.));
#3588=IFCDIRECTION((1.,0.,0.));
#3589=IFCDIRECTION((0.,1.,0.));
#3590=IFCDIRECTION((0.,0.,1.));
#3591=IFCCARTESIANTRANSFORMATIONOPERATOR3D(#3588,#3589,#3587,1.,#3590);
#3592=IFCMAPPEDITEM(#3373,#3591);
#3593=IFCSHAPEREPRESENTATION(#11,'Body','MappedRepresentation',(#3592));
#3594=IFCCARTESIANPOINT((0.,0.,0.));
#3595=IFCDIRECTION((1.,0.,0.));
#3596=IFCDIRECTION((0.,1.,0.));
#3597=IFCDIRECTION((0.,0.,1.));
#3598=IFCCARTESIANTRANSFORMATIONOPERATOR3D(#3595,#3596,#3594,1.,#3597);
#3599=IFCMAPPEDITEM(#3493,#3598);
#3600=IFCSHAPEREPRESENTATION(#24,'Body','MappedRepresentation',(#3599));
#3601=IFCOPENINGELEMENT('0jXE4JNGT1w8V$NiRqnGGa',$,'Opening',$,$,#6220,#3629,$,.OPENING.);
#3617=IFCCARTESIANPOINT((0.,0.,0.));
#3618=IFCDIRECTION((1.,0.,0.));
#3619=IFCDIRECTION((0.,0.,1.));
#3620=IFCAXIS2PLACEMENT3D(#3617,#3619,#3618);
#3621=IFCREPRESENTATIONMAP(#3620,#6210);
#3622=IFCCARTESIANPOINT((0.,0.,0.));
#3623=IFCDIRECTION((1.,0.,0.));
#3624=IFCDIRECTION((0.,1.,0.));
#3625=IFCDIRECTION((0.,0.,1.));
#3626=IFCCARTESIANTRANSFORMATIONOPERATOR3D(#3623,#3624,#3622,1.,#3625);
#3627=IFCMAPPEDITEM(#3621,#3626);
#3628=IFCSHAPEREPRESENTATION(#11,'Body','MappedRepresentation',(#3627));
#3629=IFCPRODUCTDEFINITIONSHAPE($,$,(#3628));
#3630=IFCRELVOIDSELEMENT('0LqWWbSjz8Extm95ukxw_P',$,$,$,#761,#3601);
#3636=IFCRELFILLSELEMENT('16Btf1CdHBoRQOFqKg9vqx',$,$,$,#3601,#3577);
#3760=IFCSHAPEREPRESENTATION(#11,'Body','SweptSolid',(#6154,#6165,#6116,#6107,#6089,#6080,#6098));
#3761=IFCSHAPEASPECT((#3760),'Lining',$,.T.,#3586);
#3762=IFCSHAPEREPRESENTATION(#11,'Body','SweptSolid',(#6176,#6134,#6135,#6125));
#3763=IFCSHAPEASPECT((#3762),'Framing',$,.T.,#3586);
#3764=IFCSHAPEREPRESENTATION(#11,'Body','SweptSolid',(#6185));
#3765=IFCSHAPEASPECT((#3764),'Glazing',$,.T.,#3586);
#3805=IFCDOORTYPE('0vVIsmFEDDuxV1dMz4lZFA',$,'MaidsRoom-GF',$,$,(#3806),(#3808,#3816,#3936,#4461),$,$,.DOOR.,.SINGLE_SWING_LEFT.,$,$);
#3806=IFCPROPERTYSET('3XsQsXJczCD8p02y9gACEq',$,'BBIM_Door',$,(#3807));
#3807=IFCPROPERTYSINGLEVALUE('Data',$,IFCTEXT('{"door_type": "SLIDING_TO_RIGHT", "overall_height": 2.0, "overall_width": 1.782482624053955, "lining_properties": {"lining_depth": 0.05000000074505806, "lining_thickness": 0.05000000074505806, "lining_offset": 0.0, "transom_thickness": 0.02969539165496826, "transom_offset": 1.598587155342102, "casing_thickness": 0.07500000298023224, "casing_depth": 0.004999999888241291, "threshold_thickness": 0.02500000037252903, "threshold_depth": 0.10000000149011612, "threshold_offset": 0.0}, "panel_properties": {"panel_depth": 0.03500000014901161, "panel_width_ratio": 1.0, "frame_thickness": 0.03500000014901161, "frame_depth": 0.03500000014901161}}'),$);
#3808=IFCREPRESENTATIONMAP(#3809,#4541);
#3809=IFCAXIS2PLACEMENT3D(#3810,#3811,#3812);
#3810=IFCCARTESIANPOINT((0.,0.,0.));
#3811=IFCDIRECTION((0.,0.,1.));
#3812=IFCDIRECTION((1.,0.,0.));
#3816=IFCREPRESENTATIONMAP(#3817,#4636);
#3817=IFCAXIS2PLACEMENT3D(#3818,#3819,#3820);
#3818=IFCCARTESIANPOINT((0.,0.,0.));
#3819=IFCDIRECTION((0.,0.,1.));
#3820=IFCDIRECTION((1.,0.,0.));
#3936=IFCREPRESENTATIONMAP(#3937,#4643);
#3937=IFCAXIS2PLACEMENT3D(#3938,#3939,#3940);
#3938=IFCCARTESIANPOINT((0.,0.,0.));
#3939=IFCDIRECTION((0.,0.,1.));
#3940=IFCDIRECTION((1.,0.,0.));
#3955=IFCWINDOWTYPE('1yO4OgVmD8ZfnQVgbnc7BV',$,'Living-GF',$,$,(#3956),(#3965,#4013,#4035),$,$,.WINDOW.,.SINGLE_PANEL.,$,$);
#3956=IFCPROPERTYSET('3FamAemYX79heggN5Y4Tg7',$,'BBIM_Window',$,(#3957));
#3957=IFCPROPERTYSINGLEVALUE('Data',$,IFCTEXT('{"window_type": "SINGLE_PANEL", "overall_height": 0.8999999761581421, "overall_width": 0.8174973726272583, "lining_properties": {"lining_depth": 0.05000000074505806, "lining_thickness": 0.05000000074505806, "lining_offset": 0.05000000074505806, "lining_to_panel_offset_x": 0.02500000037252903, "lining_to_panel_offset_y": 0.02500000037252903}, "panel_properties": {"frame_depth": [0.03500000014901161, 0.03500000014901161, 0.03500000014901161], "frame_thickness": [0.03500000014901161, 0.03500000014901161, 0.03500000014901161]}}'),$);
#3961=IFCCARTESIANPOINT((0.,0.,0.));
#3962=IFCDIRECTION((1.,0.,0.));
#3963=IFCDIRECTION((0.,0.,1.));
#3964=IFCAXIS2PLACEMENT3D(#3961,#3963,#3962);
#3965=IFCREPRESENTATIONMAP(#3964,#5261);
#4009=IFCCARTESIANPOINT((0.,0.,0.));
#4010=IFCDIRECTION((1.,0.,0.));
#4011=IFCDIRECTION((0.,0.,1.));
#4012=IFCAXIS2PLACEMENT3D(#4009,#4011,#4010);
#4013=IFCREPRESENTATIONMAP(#4012,#5304);
#4031=IFCCARTESIANPOINT((0.,0.,0.));
#4032=IFCDIRECTION((1.,0.,0.));
#4033=IFCDIRECTION((0.,0.,1.));
#4034=IFCAXIS2PLACEMENT3D(#4031,#4033,#4032);
#4035=IFCREPRESENTATIONMAP(#4034,#5321);
#4036=IFCWINDOW('2NCIUsJMLEZRxIKhs5vNa$',$,'Window',$,$,#5346,#4045,$,0.89999997615814209,0.8174973726272583,$,.SINGLE_PANEL.,$);
#4037=IFCRELDEFINESBYTYPE('33WFBtKInFGA82Mmkr9A8I',$,$,$,(#4036),#3955);
#4038=IFCCARTESIANPOINT((0.,0.,0.));
#4039=IFCDIRECTION((1.,0.,0.));
#4040=IFCDIRECTION((0.,1.,0.));
#4041=IFCDIRECTION((0.,0.,1.));
#4042=IFCCARTESIANTRANSFORMATIONOPERATOR3D(#4039,#4040,#4038,1.,#4041);
#4043=IFCMAPPEDITEM(#3965,#4042);
#4044=IFCSHAPEREPRESENTATION(#18,'Profile','MappedRepresentation',(#4043));
#4045=IFCPRODUCTDEFINITIONSHAPE($,$,(#4044,#4052,#4059));
#4046=IFCCARTESIANPOINT((0.,0.,0.));
#4047=IFCDIRECTION((1.,0.,0.));
#4048=IFCDIRECTION((0.,1.,0.));
#4049=IFCDIRECTION((0.,0.,1.));
#4050=IFCCARTESIANTRANSFORMATIONOPERATOR3D(#4047,#4048,#4046,1.,#4049);
#4051=IFCMAPPEDITEM(#4013,#4050);
#4052=IFCSHAPEREPRESENTATION(#11,'Body','MappedRepresentation',(#4051));
#4053=IFCCARTESIANPOINT((0.,0.,0.));
#4054=IFCDIRECTION((1.,0.,0.));
#4055=IFCDIRECTION((0.,1.,0.));
#4056=IFCDIRECTION((0.,0.,1.));
#4057=IFCCARTESIANTRANSFORMATIONOPERATOR3D(#4054,#4055,#4053,1.,#4056);
#4058=IFCMAPPEDITEM(#4035,#4057);
#4059=IFCSHAPEREPRESENTATION(#24,'Body','MappedRepresentation',(#4058));
#4060=IFCOPENINGELEMENT('0zoHNV7vL7c97gDqK$AtTv',$,'Opening',$,$,#5341,#4088,$,.OPENING.);
#4076=IFCCARTESIANPOINT((0.,0.,0.));
#4077=IFCDIRECTION((1.,0.,0.));
#4078=IFCDIRECTION((0.,0.,1.));
#4079=IFCAXIS2PLACEMENT3D(#4076,#4078,#4077);
#4080=IFCREPRESENTATIONMAP(#4079,#5331);
#4081=IFCCARTESIANPOINT((0.,0.,0.));
#4082=IFCDIRECTION((1.,0.,0.));
#4083=IFCDIRECTION((0.,1.,0.));
#4084=IFCDIRECTION((0.,0.,1.));
#4085=IFCCARTESIANTRANSFORMATIONOPERATOR3D(#4082,#4083,#4081,1.,#4084);
#4086=IFCMAPPEDITEM(#4080,#4085);
#4087=IFCSHAPEREPRESENTATION(#11,'Body','MappedRepresentation',(#4086));
#4088=IFCPRODUCTDEFINITIONSHAPE($,$,(#4087));
#4089=IFCRELVOIDSELEMENT('3ZOIdcP8D0TfbcHUzQv4BE',$,$,$,#127,#4060);
#4095=IFCRELFILLSELEMENT('3IUGPvr8j2I9ojL2dFiMcV',$,$,$,#4060,#4036);
#4104=IFCCARTESIANPOINTLIST2D(((0.,0.),(0.90734255313873291,0.),(0.90734255313873291,0.89999997615814209),(0.,0.89999997615814209)));
#4105=IFCINDEXEDPOLYCURVE(#4104,(IFCLINEINDEX((1,2,3,4,1))),$);
#4106=IFCCARTESIANPOINTLIST2D(((0.02500000037252903,0.02500000037252903),(0.88234255276620388,0.02500000037252903),(0.88234255276620388,0.87499997578561306),(0.02500000037252903,0.87499997578561306)));
#4107=IFCINDEXEDPOLYCURVE(#4106,(IFCLINEINDEX((1,2,3,4,1))),$);
#4108=IFCARBITRARYPROFILEDEFWITHVOIDS(.AREA.,$,#4105,(#4107));
#4109=IFCCARTESIANPOINT((0.,0.090000001713633537,0.));
#4110=IFCDIRECTION((0.,-1.,0.));
#4111=IFCDIRECTION((1.,0.,0.));
#4112=IFCAXIS2PLACEMENT3D(#4109,#4110,#4111);
#4113=IFCDIRECTION((0.,0.,-1.));
#4114=IFCEXTRUDEDAREASOLID(#4108,#4112,#4113,0.0099999997764825821);
#4115=IFCCARTESIANPOINTLIST2D(((0.,0.),(0.90734255313873291,0.),(0.90734255313873291,0.89999997615814209),(0.,0.89999997615814209)));
#4116=IFCINDEXEDPOLYCURVE(#4115,(IFCLINEINDEX((1,2,3,4,1))),$);
#4117=IFCCARTESIANPOINTLIST2D(((0.05000000074505806,0.05000000074505806),(0.85734255239367485,0.05000000074505806),(0.85734255239367485,0.84999997541308403),(0.05000000074505806,0.84999997541308403)));
#4118=IFCINDEXEDPOLYCURVE(#4117,(IFCLINEINDEX((1,2,3,4,1))),$);
#4119=IFCARBITRARYPROFILEDEFWITHVOIDS(.AREA.,$,#4116,(#4118));
#4120=IFCCARTESIANPOINT((0.,0.05000000074505806,0.));
#4121=IFCDIRECTION((0.,-1.,0.));
#4122=IFCDIRECTION((1.,0.,0.));
#4123=IFCAXIS2PLACEMENT3D(#4120,#4121,#4122);
#4124=IFCDIRECTION((0.,0.,-1.));
#4125=IFCEXTRUDEDAREASOLID(#4119,#4123,#4124,0.040000000968575478);
#4126=IFCCARTESIANPOINTLIST2D(((0.,0.),(0.85734255239367485,0.),(0.85734255239367485,0.84999997541308403),(0.,0.84999997541308403)));
#4127=IFCINDEXEDPOLYCURVE(#4126,(IFCLINEINDEX((1,2,3,4,1))),$);
#4128=IFCCARTESIANPOINTLIST2D(((0.035000000149011612,0.035000000149011612),(0.82234255224466324,0.035000000149011612),(0.82234255224466324,0.81499997526407242),(0.035000000149011612,0.81499997526407242)));
#4129=IFCINDEXEDPOLYCURVE(#4128,(IFCLINEINDEX((1,2,3,4,1))),$);
#4130=IFCARBITRARYPROFILEDEFWITHVOIDS(.AREA.,$,#4127,(#4129));
#4131=IFCCARTESIANPOINT((0.02500000037252903,0.090000001713633537,0.02500000037252903));
#4132=IFCDIRECTION((0.,-1.,0.));
#4133=IFCDIRECTION((1.,0.,0.));
#4134=IFCAXIS2PLACEMENT3D(#4131,#4132,#4133);
#4135=IFCDIRECTION((0.,0.,-1.));
#4136=IFCEXTRUDEDAREASOLID(#4130,#4134,#4135,0.035000000149011612);
#4137=IFCINDEXEDPOLYCURVE(#4138,(IFCLINEINDEX((1,2,3,4,1))),$);
#4138=IFCCARTESIANPOINTLIST2D(((0.035000000149011612,0.035000000149011612),(0.82234255224466324,0.035000000149011612),(0.82234255224466324,0.81499997526407242),(0.035000000149011612,0.81499997526407242)));
#4139=IFCARBITRARYCLOSEDPROFILEDEF(.AREA.,$,#4137);
#4140=IFCCARTESIANPOINT((0.02500000037252903,0.10250000178813934,0.02500000037252903));
#4141=IFCDIRECTION((0.,-1.,0.));
#4142=IFCDIRECTION((1.,0.,0.));
#4143=IFCAXIS2PLACEMENT3D(#4140,#4141,#4142);
#4144=IFCDIRECTION((0.,0.,-1.));
#4145=IFCEXTRUDEDAREASOLID(#4139,#4143,#4144,0.01);
#4147=IFCSHAPEREPRESENTATION(#11,'Body','SweptSolid',(#5272,#5283,#4125,#4114));
#4148=IFCSHAPEASPECT((#4147),'Lining',$,.T.,#4045);
#4149=IFCSHAPEREPRESENTATION(#11,'Body','SweptSolid',(#5294,#4136));
#4150=IFCSHAPEASPECT((#4149),'Framing',$,.T.,#4045);
#4151=IFCSHAPEREPRESENTATION(#11,'Body','SweptSolid',(#4145,#5303));
#4152=IFCSHAPEASPECT((#4151),'Glazing',$,.T.,#4045);
#4195=IFCWINDOWTYPE('1WxjC$PlX1SuBmxYutdhff',$,'Guest-1-GF',$,$,(#4196),(#4198,#4206,#4254),$,$,.WINDOW.,.SINGLE_PANEL.,$,$);
#4196=IFCPROPERTYSET('3PI$T7sMH6ThN76HUUaXdJ',$,'BBIM_Window',$,(#4197));
#4197=IFCPROPERTYSINGLEVALUE('Data',$,IFCTEXT('{"window_type": "DOUBLE_PANEL_VERTICAL", "overall_height": 0.8999999761581421, "overall_width": 1.154848575592041, "lining_properties": {"lining_depth": 0.05000000074505806, "lining_thickness": 0.05000000074505806, "lining_offset": 0.05000000074505806, "lining_to_panel_offset_x": 0.02500000037252903, "lining_to_panel_offset_y": 0.02500000037252903, "mullion_thickness": 0.05000000074505806, "first_mullion_offset": 0.5686227679252625}, "panel_properties": {"frame_depth": [0.03500000014901161, 0.03500000014901161, 0.03500000014901161], "frame_thickness": [0.03500000014901161, 0.03500000014901161, 0.03500000014901161]}}'),$);
#4198=IFCREPRESENTATIONMAP(#4199,#5104);
#4199=IFCAXIS2PLACEMENT3D(#4200,#4201,#4202);
#4200=IFCCARTESIANPOINT((0.,0.,0.));
#4201=IFCDIRECTION((0.,0.,1.));
#4202=IFCDIRECTION((1.,0.,0.));
#4206=IFCREPRESENTATIONMAP(#4207,#5185);
#4207=IFCAXIS2PLACEMENT3D(#4208,#4209,#4210);
#4208=IFCCARTESIANPOINT((0.,0.,0.));
#4209=IFCDIRECTION((0.,0.,1.));
#4210=IFCDIRECTION((1.,0.,0.));
#4254=IFCREPRESENTATIONMAP(#4255,#5218);
#4255=IFCAXIS2PLACEMENT3D(#4256,#4257,#4258);
#4256=IFCCARTESIANPOINT((0.,0.,0.));
#4257=IFCDIRECTION((0.,0.,1.));
#4258=IFCDIRECTION((1.,0.,0.));
#4276=IFCDOOR('0gSNjzlULEtBemhxDW_I5o',$,'Door',$,$,#4693,#4285,$,2.,1.7824826240539551,$,.SLIDING_TO_RIGHT.,$);
#4277=IFCRELDEFINESBYTYPE('10p3FLslzEnOs5EWPRiJmu',$,$,$,(#4276),#3805);
#4278=IFCCARTESIANPOINT((0.,0.,0.));
#4279=IFCDIRECTION((1.,0.,0.));
#4280=IFCDIRECTION((0.,1.,0.));
#4281=IFCDIRECTION((0.,0.,1.));
#4282=IFCCARTESIANTRANSFORMATIONOPERATOR3D(#4279,#4280,#4278,1.,#4281);
#4283=IFCMAPPEDITEM(#3808,#4282);
#4284=IFCSHAPEREPRESENTATION(#18,'Profile','MappedRepresentation',(#4283));
#4285=IFCPRODUCTDEFINITIONSHAPE($,$,(#4284,#4292,#4299,#4468));
#4286=IFCCARTESIANPOINT((0.,0.,0.));
#4287=IFCDIRECTION((1.,0.,0.));
#4288=IFCDIRECTION((0.,1.,0.));
#4289=IFCDIRECTION((0.,0.,1.));
#4290=IFCCARTESIANTRANSFORMATIONOPERATOR3D(#4287,#4288,#4286,1.,#4289);
#4291=IFCMAPPEDITEM(#3816,#4290);
#4292=IFCSHAPEREPRESENTATION(#11,'Body','MappedRepresentation',(#4291));
#4293=IFCCARTESIANPOINT((0.,0.,0.));
#4294=IFCDIRECTION((1.,0.,0.));
#4295=IFCDIRECTION((0.,1.,0.));
#4296=IFCDIRECTION((0.,0.,1.));
#4297=IFCCARTESIANTRANSFORMATIONOPERATOR3D(#4294,#4295,#4293,1.,#4296);
#4298=IFCMAPPEDITEM(#3936,#4297);
#4299=IFCSHAPEREPRESENTATION(#24,'Body','MappedRepresentation',(#4298));
#4300=IFCOPENINGELEMENT('2jQ6$sAUDAqv6feRQNVu8x',$,'Opening',$,$,#4683,#4328,$,.OPENING.);
#4316=IFCCARTESIANPOINT((0.,0.,0.));
#4317=IFCDIRECTION((1.,0.,0.));
#4318=IFCDIRECTION((0.,0.,1.));
#4319=IFCAXIS2PLACEMENT3D(#4316,#4318,#4317);
#4320=IFCREPRESENTATIONMAP(#4319,#4658);
#4321=IFCCARTESIANPOINT((0.,0.,0.));
#4322=IFCDIRECTION((1.,0.,0.));
#4323=IFCDIRECTION((0.,1.,0.));
#4324=IFCDIRECTION((0.,0.,1.));
#4325=IFCCARTESIANTRANSFORMATIONOPERATOR3D(#4322,#4323,#4321,1.,#4324);
#4326=IFCMAPPEDITEM(#4320,#4325);
#4327=IFCSHAPEREPRESENTATION(#11,'Body','MappedRepresentation',(#4326));
#4328=IFCPRODUCTDEFINITIONSHAPE($,$,(#4327));
#4329=IFCRELVOIDSELEMENT('3OdFCJC393cvHY1h_BkzJ2',$,$,$,#1065,#4300);
#4335=IFCRELFILLSELEMENT('06jAF5PA9AuO4nRml4vqiJ',$,$,$,#4300,#4276);
#4344=IFCCARTESIANPOINTLIST2D(((0.,0.),(0.,1.6134348511695862),(1.0423566102981567,1.6134348511695862),(1.0423566102981567,0.),(0.99235660955309868,0.),(0.99235660955309868,1.5985871553421021),(0.05000000074505806,1.5985871553421021),(0.05000000074505806,0.)));
#4345=IFCINDEXEDPOLYCURVE(#4344,(IFCLINEINDEX((1,2,3,4,5,6,7,8,1))),$);
#4346=IFCARBITRARYCLOSEDPROFILEDEF(.AREA.,$,#4345);
#4347=IFCCARTESIANPOINT((0.,0.,0.));
#4348=IFCDIRECTION((0.,-1.,0.));
#4349=IFCDIRECTION((1.,0.,0.));
#4350=IFCAXIS2PLACEMENT3D(#4347,#4348,#4349);
#4351=IFCDIRECTION((0.,0.,-1.));
#4352=IFCEXTRUDEDAREASOLID(#4346,#4350,#4351,0.05000000074505806);
#4353=IFCCARTESIANPOINTLIST2D(((0.,0.),(0.94235660880804062,0.),(0.94235660880804062,0.10000000149011612),(0.,0.10000000149011612)));
#4354=IFCINDEXEDPOLYCURVE(#4353,(IFCLINEINDEX((1,2,3,4,1))),$);
#4355=IFCARBITRARYCLOSEDPROFILEDEF(.AREA.,$,#4354);
#4356=IFCCARTESIANPOINT((0.05000000074505806,0.,0.));
#4357=IFCDIRECTION((0.,0.,1.));
#4358=IFCDIRECTION((1.,0.,0.));
#4359=IFCAXIS2PLACEMENT3D(#4356,#4357,#4358);
#4360=IFCDIRECTION((0.,0.,1.));
#4361=IFCEXTRUDEDAREASOLID(#4355,#4359,#4360,0.02500000037252903);
#4362=IFCCARTESIANPOINTLIST2D(((0.,0.),(0.,2.0250000022351742),(1.0923566147685051,2.0250000022351742),(1.0923566147685051,0.),(1.0173566117882729,0.),(1.0173566117882729,1.9499999992549419),(0.075000002980232239,1.9499999992549419),(0.075000002980232239,0.)));
#4363=IFCINDEXEDPOLYCURVE(#4362,(IFCLINEINDEX((1,2,3,4,5,6,7,8,1))),$);
#4364=IFCARBITRARYCLOSEDPROFILEDEF(.AREA.,$,#4363);
#4365=IFCCARTESIANPOINT((-0.025000002235174179,-0.004999999888241291,0.));
#4366=IFCDIRECTION((0.,-1.,0.));
#4367=IFCDIRECTION((1.,0.,0.));
#4368=IFCAXIS2PLACEMENT3D(#4365,#4366,#4367);
#4369=IFCDIRECTION((0.,0.,-1.));
#4370=IFCEXTRUDEDAREASOLID(#4364,#4368,#4369,0.004999999888241291);
#4371=IFCCARTESIANPOINTLIST2D(((0.,0.),(0.,2.0250000022351742),(1.0923566147685051,2.0250000022351742),(1.0923566147685051,0.),(1.0173566117882729,0.),(1.0173566117882729,1.9499999992549419),(0.075000002980232239,1.9499999992549419),(0.075000002980232239,0.)));
#4372=IFCINDEXEDPOLYCURVE(#4371,(IFCLINEINDEX((1,2,3,4,5,6,7,8,1))),$);
#4373=IFCARBITRARYCLOSEDPROFILEDEF(.AREA.,$,#4372);
#4374=IFCCARTESIANPOINT((-0.025000002235174179,0.05000000074505806,0.));
#4375=IFCDIRECTION((0.,-1.,0.));
#4376=IFCDIRECTION((1.,0.,0.));
#4377=IFCAXIS2PLACEMENT3D(#4374,#4375,#4376);
#4378=IFCDIRECTION((0.,0.,-1.));
#4379=IFCEXTRUDEDAREASOLID(#4373,#4377,#4378,0.004999999888241291);
#4380=IFCCARTESIANPOINTLIST2D(((0.,0.),(0.94235660880804062,0.),(0.94235660880804062,0.035000000149011612),(0.,0.035000000149011612)));
#4381=IFCINDEXEDPOLYCURVE(#4380,(IFCLINEINDEX((1,2,3,4,1))),$);
#4382=IFCARBITRARYCLOSEDPROFILEDEF(.AREA.,$,#4381);
#4383=IFCCARTESIANPOINT((0.05000000074505806,-0.035000000149011612,0.02500000037252903));
#4384=IFCDIRECTION((0.,0.,1.));
#4385=IFCDIRECTION((1.,0.,0.));
#4386=IFCAXIS2PLACEMENT3D(#4383,#4384,#4385);
#4387=IFCDIRECTION((0.,0.,1.));
#4388=IFCEXTRUDEDAREASOLID(#4382,#4386,#4387,1.5384348500519991);
#4389=IFCCARTESIANPOINTLIST2D(((0.,0.),(0.,-0.040000000000000001),(0.12,-0.040000000000000001),(0.12,-0.02),(0.02,-0.02),(0.02,0.)));
#4390=IFCINDEXEDPOLYCURVE(#4389,(IFCLINEINDEX((1,2,3,4,5,6,1))),$);
#4391=IFCARBITRARYCLOSEDPROFILEDEF(.AREA.,$,#4390);
#4392=IFCCARTESIANPOINT((0.10000000074505806,-0.035000000149011612,1.015000000372529));
#4393=IFCDIRECTION((0.,0.,1.));
#4394=IFCDIRECTION((1.,0.,0.));
#4395=IFCAXIS2PLACEMENT3D(#4392,#4393,#4394);
#4396=IFCDIRECTION((0.,0.,1.));
#4397=IFCEXTRUDEDAREASOLID(#4391,#4395,#4396,0.02);
#4398=IFCEXTRUDEDAREASOLID(#4399,#4402,#4406,0.02);
#4399=IFCARBITRARYCLOSEDPROFILEDEF(.AREA.,$,#4400);
#4400=IFCINDEXEDPOLYCURVE(#4401,(IFCLINEINDEX((1,2,3,4,5,6,1))),$);
#4401=IFCCARTESIANPOINTLIST2D(((0.,0.),(0.,0.040000000000000008),(0.11999999999999998,0.040000000000000008),(0.11999999999999998,0.020000000000000004),(0.020000000000000004,0.020000000000000004),(0.020000000000000004,0.)));
#4402=IFCAXIS2PLACEMENT3D(#4403,#4404,#4405);
#4403=IFCCARTESIANPOINT((0.10000000074505806,0.,1.015000000372529));
#4404=IFCDIRECTION((0.,0.,1.));
#4405=IFCDIRECTION((1.,0.,0.));
#4406=IFCDIRECTION((0.,0.,1.));
#4407=IFCCARTESIANPOINTLIST2D(((0.,0.),(1.0423566102981567,0.),(1.0423566102981567,0.38656514883041382),(0.,0.38656514883041382)));
#4408=IFCINDEXEDPOLYCURVE(#4407,(IFCLINEINDEX((1,2,3,4,1))),$);
#4409=IFCCARTESIANPOINTLIST2D(((0.05000000074505806,0.014847695827484131),(0.99235660955309868,0.014847695827484131),(0.99235660955309868,0.33656514808535576),(0.05000000074505806,0.33656514808535576)));
#4410=IFCINDEXEDPOLYCURVE(#4409,(IFCLINEINDEX((1,2,3,4,1))),$);
#4411=IFCARBITRARYPROFILEDEFWITHVOIDS(.AREA.,$,#4408,(#4410));
#4412=IFCCARTESIANPOINT((0.,0.,1.6134348511695862));
#4413=IFCDIRECTION((0.,-1.,0.));
#4414=IFCDIRECTION((1.,0.,0.));
#4415=IFCAXIS2PLACEMENT3D(#4412,#4413,#4414);
#4416=IFCDIRECTION((0.,0.,-1.));
#4417=IFCEXTRUDEDAREASOLID(#4411,#4415,#4416,0.05000000074505806);
#4418=IFCCARTESIANPOINTLIST2D(((0.,0.),(0.94235660880804062,0.),(0.94235660880804062,0.2865651473402977),(0.,0.2865651473402977)));
#4419=IFCINDEXEDPOLYCURVE(#4418,(IFCLINEINDEX((1,2,3,4,1))),$);
#4420=IFCCARTESIANPOINTLIST2D(((0.035000000149011612,0.035000000149011612),(0.90735660865902901,0.035000000149011612),(0.90735660865902901,0.25156514719128609),(0.035000000149011612,0.25156514719128609)));
#4421=IFCINDEXEDPOLYCURVE(#4420,(IFCLINEINDEX((1,2,3,4,1))),$);
#4422=IFCARBITRARYPROFILEDEFWITHVOIDS(.AREA.,$,#4419,(#4421));
#4423=IFCCARTESIANPOINT((0.05000000074505806,-0.035000000149011612,1.6634348519146442));
#4424=IFCDIRECTION((0.,-1.,0.));
#4425=IFCDIRECTION((1.,0.,0.));
#4426=IFCAXIS2PLACEMENT3D(#4423,#4424,#4425);
#4427=IFCDIRECTION((0.,0.,-1.));
#4428=IFCEXTRUDEDAREASOLID(#4422,#4426,#4427,0.035000000149011612);
#4429=IFCINDEXEDPOLYCURVE(#4430,(IFCLINEINDEX((1,2,3,4,1))),$);
#4430=IFCCARTESIANPOINTLIST2D(((0.035000000149011612,0.035000000149011612),(0.90735660865902901,0.035000000149011612),(0.90735660865902901,0.25156514719128609),(0.035000000149011612,0.25156514719128609)));
#4431=IFCARBITRARYCLOSEDPROFILEDEF(.AREA.,$,#4429);
#4432=IFCCARTESIANPOINT((0.05000000074505806,-0.022500000074505807,1.6634348519146442));
#4433=IFCDIRECTION((0.,-1.,0.));
#4434=IFCDIRECTION((1.,0.,0.));
#4435=IFCAXIS2PLACEMENT3D(#4432,#4433,#4434);
#4436=IFCDIRECTION((0.,0.,-1.));
#4437=IFCEXTRUDEDAREASOLID(#4431,#4435,#4436,0.01);
#4439=IFCSHAPEREPRESENTATION(#11,'Body','SweptSolid',(#4568,#4417,#4352,#4379,#4615,#4559,#4370,#4550,#4577,#4361));
#4440=IFCSHAPEASPECT((#4439),'Lining',$,.T.,#4285);
#4441=IFCSHAPEREPRESENTATION(#11,'Body','SweptSolid',(#4626,#4595,#4397,#4596,#4586,#4428,#4398,#4388));
#4442=IFCSHAPEASPECT((#4441),'Framing',$,.T.,#4285);
#4443=IFCSHAPEREPRESENTATION(#11,'Body','SweptSolid',(#4437,#4635));
#4444=IFCSHAPEASPECT((#4443),'Glazing',$,.T.,#4285);
#4457=IFCCARTESIANPOINT((0.,0.,0.));
#4458=IFCDIRECTION((1.,0.,0.));
#4459=IFCDIRECTION((0.,0.,1.));
#4460=IFCAXIS2PLACEMENT3D(#4457,#4459,#4458);
#4461=IFCREPRESENTATIONMAP(#4460,#4648);
#4462=IFCCARTESIANPOINT((0.,0.,0.));
#4463=IFCDIRECTION((1.,0.,0.));
#4464=IFCDIRECTION((0.,1.,0.));
#4465=IFCDIRECTION((0.,0.,1.));
#4466=IFCCARTESIANTRANSFORMATIONOPERATOR3D(#4463,#4464,#4462,1.,#4465);
#4467=IFCMAPPEDITEM(#4461,#4466);
#4468=IFCSHAPEREPRESENTATION(#25,'Annotation','MappedRepresentation',(#4467));
#4539=IFCCARTESIANPOINTLIST3D(((0.,0.,0.),(1.7824826240539551,0.,0.),(1.7824826240539551,0.,2.),(0.,0.,2.)));
#4540=IFCINDEXEDPOLYCURVE(#4539,(IFCLINEINDEX((1,2,3,4,1))),$);
#4541=IFCSHAPEREPRESENTATION(#18,'Profile','Curve3D',(#4540));
#4542=IFCCARTESIANPOINTLIST2D(((0.,0.),(0.,1.6134348511695862),(1.7824826240539551,1.6134348511695862),(1.7824826240539551,0.),(1.732482623308897,0.),(1.732482623308897,1.5985871553421021),(0.05000000074505806,1.5985871553421021),(0.05000000074505806,0.)));
#4543=IFCINDEXEDPOLYCURVE(#4542,(IFCLINEINDEX((1,2,3,4,5,6,7,8,1))),$);
#4544=IFCARBITRARYCLOSEDPROFILEDEF(.AREA.,$,#4543);
#4545=IFCCARTESIANPOINT((0.,0.,0.));
#4546=IFCDIRECTION((0.,-1.,0.));
#4547=IFCDIRECTION((1.,0.,0.));
#4548=IFCAXIS2PLACEMENT3D(#4545,#4546,#4547);
#4549=IFCDIRECTION((0.,0.,-1.));
#4550=IFCEXTRUDEDAREASOLID(#4544,#4548,#4549,0.05000000074505806);
#4551=IFCCARTESIANPOINTLIST2D(((0.,0.),(1.682482622563839,0.),(1.682482622563839,0.10000000149011612),(0.,0.10000000149011612)));
#4552=IFCINDEXEDPOLYCURVE(#4551,(IFCLINEINDEX((1,2,3,4,1))),$);
#4553=IFCARBITRARYCLOSEDPROFILEDEF(.AREA.,$,#4552);
#4554=IFCCARTESIANPOINT((0.05000000074505806,0.,0.));
#4555=IFCDIRECTION((0.,0.,1.));
#4556=IFCDIRECTION((1.,0.,0.));
#4557=IFCAXIS2PLACEMENT3D(#4554,#4555,#4556);
#4558=IFCDIRECTION((0.,0.,1.));
#4559=IFCEXTRUDEDAREASOLID(#4553,#4557,#4558,0.02500000037252903);
#4560=IFCCARTESIANPOINTLIST2D(((0.,0.),(0.,2.0250000022351742),(1.8324826285243034,2.0250000022351742),(1.8324826285243034,0.),(1.7574826255440712,0.),(1.7574826255440712,1.9499999992549419),(0.075000002980232239,1.9499999992549419),(0.075000002980232239,0.)));
#4561=IFCINDEXEDPOLYCURVE(#4560,(IFCLINEINDEX((1,2,3,4,5,6,7,8,1))),$);
#4562=IFCARBITRARYCLOSEDPROFILEDEF(.AREA.,$,#4561);
#4563=IFCCARTESIANPOINT((-0.025000002235174179,-0.004999999888241291,0.));
#4564=IFCDIRECTION((0.,-1.,0.));
#4565=IFCDIRECTION((1.,0.,0.));
#4566=IFCAXIS2PLACEMENT3D(#4563,#4564,#4565);
#4567=IFCDIRECTION((0.,0.,-1.));
#4568=IFCEXTRUDEDAREASOLID(#4562,#4566,#4567,0.004999999888241291);
#4569=IFCCARTESIANPOINTLIST2D(((0.,0.),(0.,2.0250000022351742),(1.8324826285243034,2.0250000022351742),(1.8324826285243034,0.),(1.7574826255440712,0.),(1.7574826255440712,1.9499999992549419),(0.075000002980232239,1.9499999992549419),(0.075000002980232239,0.)));
#4570=IFCINDEXEDPOLYCURVE(#4569,(IFCLINEINDEX((1,2,3,4,5,6,7,8,1))),$);
#4571=IFCARBITRARYCLOSEDPROFILEDEF(.AREA.,$,#4570);
#4572=IFCCARTESIANPOINT((-0.025000002235174179,0.05000000074505806,0.));
#4573=IFCDIRECTION((0.,-1.,0.));
#4574=IFCDIRECTION((1.,0.,0.));
#4575=IFCAXIS2PLACEMENT3D(#4572,#4573,#4574);
#4576=IFCDIRECTION((0.,0.,-1.));
#4577=IFCEXTRUDEDAREASOLID(#4571,#4575,#4576,0.004999999888241291);
#4578=IFCCARTESIANPOINTLIST2D(((0.,0.),(1.682482622563839,0.),(1.682482622563839,0.035000000149011612),(0.,0.035000000149011612)));
#4579=IFCINDEXEDPOLYCURVE(#4578,(IFCLINEINDEX((1,2,3,4,1))),$);
#4580=IFCARBITRARYCLOSEDPROFILEDEF(.AREA.,$,#4579);
#4581=IFCCARTESIANPOINT((0.05000000074505806,-0.035000000149011612,0.02500000037252903));
#4582=IFCDIRECTION((0.,0.,1.));
#4583=IFCDIRECTION((1.,0.,0.));
#4584=IFCAXIS2PLACEMENT3D(#4581,#4582,#4583);
#4585=IFCDIRECTION((0.,0.,1.));
#4586=IFCEXTRUDEDAREASOLID(#4580,#4584,#4585,1.5384348500519991);
#4587=IFCCARTESIANPOINTLIST2D(((0.,0.),(0.,-0.040000000000000001),(0.12,-0.040000000000000001),(0.12,-0.02),(0.02,-0.02),(0.02,0.)));
#4588=IFCINDEXEDPOLYCURVE(#4587,(IFCLINEINDEX((1,2,3,4,5,6,1))),$);
#4589=IFCARBITRARYCLOSEDPROFILEDEF(.AREA.,$,#4588);
#4590=IFCCARTESIANPOINT((0.10000000074505806,-0.035000000149011612,1.015000000372529));
#4591=IFCDIRECTION((0.,0.,1.));
#4592=IFCDIRECTION((1.,0.,0.));
#4593=IFCAXIS2PLACEMENT3D(#4590,#4591,#4592);
#4594=IFCDIRECTION((0.,0.,1.));
#4595=IFCEXTRUDEDAREASOLID(#4589,#4593,#4594,0.02);
#4596=IFCEXTRUDEDAREASOLID(#4597,#4600,#4604,0.02);
#4597=IFCARBITRARYCLOSEDPROFILEDEF(.AREA.,$,#4598);
#4598=IFCINDEXEDPOLYCURVE(#4599,(IFCLINEINDEX((1,2,3,4,5,6,1))),$);
#4599=IFCCARTESIANPOINTLIST2D(((0.,0.),(0.,0.040000000000000008),(0.11999999999999998,0.040000000000000008),(0.11999999999999998,0.020000000000000004),(0.020000000000000004,0.020000000000000004),(0.020000000000000004,0.)));
#4600=IFCAXIS2PLACEMENT3D(#4601,#4602,#4603);
#4601=IFCCARTESIANPOINT((0.10000000074505806,0.,1.015000000372529));
#4602=IFCDIRECTION((0.,0.,1.));
#4603=IFCDIRECTION((1.,0.,0.));
#4604=IFCDIRECTION((0.,0.,1.));
#4605=IFCCARTESIANPOINTLIST2D(((0.,0.),(1.7824826240539551,0.),(1.7824826240539551,0.38656514883041382),(0.,0.38656514883041382)));
#4606=IFCINDEXEDPOLYCURVE(#4605,(IFCLINEINDEX((1,2,3,4,1))),$);
#4607=IFCCARTESIANPOINTLIST2D(((0.05000000074505806,0.014847695827484131),(1.732482623308897,0.014847695827484131),(1.732482623308897,0.33656514808535576),(0.05000000074505806,0.33656514808535576)));
#4608=IFCINDEXEDPOLYCURVE(#4607,(IFCLINEINDEX((1,2,3,4,1))),$);
#4609=IFCARBITRARYPROFILEDEFWITHVOIDS(.AREA.,$,#4606,(#4608));
#4610=IFCCARTESIANPOINT((0.,0.,1.6134348511695862));
#4611=IFCDIRECTION((0.,-1.,0.));
#4612=IFCDIRECTION((1.,0.,0.));
#4613=IFCAXIS2PLACEMENT3D(#4610,#4611,#4612);
#4614=IFCDIRECTION((0.,0.,-1.));
#4615=IFCEXTRUDEDAREASOLID(#4609,#4613,#4614,0.05000000074505806);
#4616=IFCCARTESIANPOINTLIST2D(((0.,0.),(1.682482622563839,0.),(1.682482622563839,0.2865651473402977),(0.,0.2865651473402977)));
#4617=IFCINDEXEDPOLYCURVE(#4616,(IFCLINEINDEX((1,2,3,4,1))),$);
#4618=IFCCARTESIANPOINTLIST2D(((0.035000000149011612,0.035000000149011612),(1.6474826224148273,0.035000000149011612),(1.6474826224148273,0.25156514719128609),(0.035000000149011612,0.25156514719128609)));
#4619=IFCINDEXEDPOLYCURVE(#4618,(IFCLINEINDEX((1,2,3,4,1))),$);
#4620=IFCARBITRARYPROFILEDEFWITHVOIDS(.AREA.,$,#4617,(#4619));
#4621=IFCCARTESIANPOINT((0.05000000074505806,-0.035000000149011612,1.6634348519146442));
#4622=IFCDIRECTION((0.,-1.,0.));
#4623=IFCDIRECTION((1.,0.,0.));
#4624=IFCAXIS2PLACEMENT3D(#4621,#4622,#4623);
#4625=IFCDIRECTION((0.,0.,-1.));
#4626=IFCEXTRUDEDAREASOLID(#4620,#4624,#4625,0.035000000149011612);
#4627=IFCINDEXEDPOLYCURVE(#4628,(IFCLINEINDEX((1,2,3,4,1))),$);
#4628=IFCCARTESIANPOINTLIST2D(((0.035000000149011612,0.035000000149011612),(1.6474826224148273,0.035000000149011612),(1.6474826224148273,0.25156514719128609),(0.035000000149011612,0.25156514719128609)));
#4629=IFCARBITRARYCLOSEDPROFILEDEF(.AREA.,$,#4627);
#4630=IFCCARTESIANPOINT((0.05000000074505806,-0.022500000074505807,1.6634348519146442));
#4631=IFCDIRECTION((0.,-1.,0.));
#4632=IFCDIRECTION((1.,0.,0.));
#4633=IFCAXIS2PLACEMENT3D(#4630,#4631,#4632);
#4634=IFCDIRECTION((0.,0.,-1.));
#4635=IFCEXTRUDEDAREASOLID(#4629,#4633,#4634,0.01);
#4636=IFCSHAPEREPRESENTATION(#11,'Body','SweptSolid',(#4550,#4586,#4595,#4596,#4615,#4626,#4635,#4559,#4568,#4577));
#4637=IFCCARTESIANPOINTLIST2D(((0.,0.),(0.05000000074505806,0.),(0.05000000074505806,0.05000000074505806),(0.,0.05000000074505806)));
#4638=IFCINDEXEDPOLYCURVE(#4637,(IFCLINEINDEX((1,2,3,4,1))),$);
#4639=IFCINDEXEDPOLYCURVE(#4640,(IFCLINEINDEX((1,2,3,4,1))),$);
#4640=IFCCARTESIANPOINTLIST2D(((1.7824826240539551,0.),(1.732482623308897,0.),(1.732482623308897,0.05000000074505806),(1.7824826240539551,0.05000000074505806)));
#4641=IFCCARTESIANPOINTLIST2D(((2.5737239345908165,-0.035000000149011612),(0.89124131202697754,-0.035000000149011612),(0.89124131202697754,0.),(2.5737239345908165,0.)));
#4642=IFCINDEXEDPOLYCURVE(#4641,(IFCLINEINDEX((1,2,3,4,1))),$);
#4643=IFCSHAPEREPRESENTATION(#24,'Body','Curve2D',(#4638,#4639,#4642));
#4644=IFCCARTESIANPOINTLIST2D(((0.6388689186424017,-0.081587428267465345),(1.1436137054115534,-0.081587428267465345)));
#4645=IFCINDEXEDPOLYCURVE(#4644,$,$);
#4646=IFCCARTESIANPOINTLIST2D(((0.66886891864240172,-0.050529142855162856),(0.6388689186424017,-0.081587428267465345),(0.66886891864240172,-0.11264571367976783)));
#4647=IFCINDEXEDPOLYCURVE(#4646,$,$);
#4648=IFCSHAPEREPRESENTATION(#25,'Annotation','Curve2D',(#4645,#4647));
#4649=IFCCARTESIANPOINTLIST2D(((0.,0.),(1.7824826240539551,0.),(1.7824826240539551,2.),(0.,2.)));
#4650=IFCINDEXEDPOLYCURVE(#4649,(IFCLINEINDEX((1,2,3,4,1))),$);
#4651=IFCARBITRARYCLOSEDPROFILEDEF(.AREA.,$,#4650);
#4652=IFCCARTESIANPOINT((0.,-0.60000002384185791,0.));
#4653=IFCDIRECTION((0.,-1.,0.));
#4654=IFCDIRECTION((1.,0.,0.));
#4655=IFCAXIS2PLACEMENT3D(#4652,#4653,#4654);
#4656=IFCDIRECTION((0.,0.,-1.));
#4657=IFCEXTRUDEDAREASOLID(#4651,#4655,#4656,1.2);
#4658=IFCSHAPEREPRESENTATION(#11,'Body','SweptSolid',(#4657));
#4679=IFCCARTESIANPOINT((0.050473768424351584,0.025002260789798392,0.));
#4680=IFCDIRECTION((0.,0.,1.));
#4681=IFCDIRECTION((0.99999999999974409,-7.1525573730419686E-07,0.));
#4682=IFCAXIS2PLACEMENT3D(#4679,#4680,#4681);
#4683=IFCLOCALPLACEMENT(#1330,#4682);
#4689=IFCCARTESIANPOINT((0.,0.,0.));
#4690=IFCDIRECTION((0.,0.,1.));
#4691=IFCDIRECTION((0.99999999999999989,2.1175823681357508E-22,0.));
#4692=IFCAXIS2PLACEMENT3D(#4689,#4690,#4691);
#4693=IFCLOCALPLACEMENT(#4683,#4692);
#4889=IFCWINDOW('2rkVEnvfDDOw21TjWICUi1',$,'Window',$,$,#5381,#4898,$,0.89999997615814209,1.154848575592041,$,.DOUBLE_PANEL_VERTICAL.,$);
#4890=IFCRELDEFINESBYTYPE('3NevvW2UT9Uw$lBUES$deE',$,$,$,(#4889),#4195);
#4891=IFCCARTESIANPOINT((0.,0.,0.));
#4892=IFCDIRECTION((1.,0.,0.));
#4893=IFCDIRECTION((0.,1.,0.));
#4894=IFCDIRECTION((0.,0.,1.));
#4895=IFCCARTESIANTRANSFORMATIONOPERATOR3D(#4892,#4893,#4891,1.,#4894);
#4896=IFCMAPPEDITEM(#4198,#4895);
#4897=IFCSHAPEREPRESENTATION(#18,'Profile','MappedRepresentation',(#4896));
#4898=IFCPRODUCTDEFINITIONSHAPE($,$,(#4897,#4905,#4912));
#4899=IFCCARTESIANPOINT((0.,0.,0.));
#4900=IFCDIRECTION((1.,0.,0.));
#4901=IFCDIRECTION((0.,1.,0.));
#4902=IFCDIRECTION((0.,0.,1.));
#4903=IFCCARTESIANTRANSFORMATIONOPERATOR3D(#4900,#4901,#4899,1.,#4902);
#4904=IFCMAPPEDITEM(#4206,#4903);
#4905=IFCSHAPEREPRESENTATION(#11,'Body','MappedRepresentation',(#4904));
#4906=IFCCARTESIANPOINT((0.,0.,0.));
#4907=IFCDIRECTION((1.,0.,0.));
#4908=IFCDIRECTION((0.,1.,0.));
#4909=IFCDIRECTION((0.,0.,1.));
#4910=IFCCARTESIANTRANSFORMATIONOPERATOR3D(#4907,#4908,#4906,1.,#4909);
#4911=IFCMAPPEDITEM(#4254,#4910);
#4912=IFCSHAPEREPRESENTATION(#24,'Body','MappedRepresentation',(#4911));
#4913=IFCOPENINGELEMENT('1XBsnxBsL4cAmDivSsrGrr',$,'Opening',$,$,#5371,#4941,$,.OPENING.);
#4929=IFCCARTESIANPOINT((0.,0.,0.));
#4930=IFCDIRECTION((1.,0.,0.));
#4931=IFCDIRECTION((0.,0.,1.));
#4932=IFCAXIS2PLACEMENT3D(#4929,#4931,#4930);
#4933=IFCREPRESENTATIONMAP(#4932,#5228);
#4934=IFCCARTESIANPOINT((0.,0.,0.));
#4935=IFCDIRECTION((1.,0.,0.));
#4936=IFCDIRECTION((0.,1.,0.));
#4937=IFCDIRECTION((0.,0.,1.));
#4938=IFCCARTESIANTRANSFORMATIONOPERATOR3D(#4935,#4936,#4934,1.,#4937);
#4939=IFCMAPPEDITEM(#4933,#4938);
#4940=IFCSHAPEREPRESENTATION(#11,'Body','MappedRepresentation',(#4939));
#4941=IFCPRODUCTDEFINITIONSHAPE($,$,(#4940));
#4942=IFCRELVOIDSELEMENT('0o5nsVHvn9FhHwItqC60QD',$,$,$,#292,#4913);
#4948=IFCRELFILLSELEMENT('3v_M_ylQr1A9hVtDFmyuPh',$,$,$,#4913,#4889);
#4957=IFCCARTESIANPOINTLIST2D(((0.30000001192092896,0.),(0.,0.),(0.,0.89999997615814209),(0.30000001192092896,0.89999997615814209),(0.30000001192092896,0.87499997578561306),(0.02500000037252903,0.87499997578561306),(0.02500000037252903,0.02500000037252903),(0.30000001192092896,0.02500000037252903)));
#4958=IFCINDEXEDPOLYCURVE(#4957,(IFCLINEINDEX((1,2,3,4,5,6,7,8,1))),$);
#4959=IFCARBITRARYCLOSEDPROFILEDEF(.AREA.,$,#4958);
#4960=IFCCARTESIANPOINT((0.,0.090000001713633537,0.));
#4961=IFCDIRECTION((0.,-1.,0.));
#4962=IFCDIRECTION((1.,0.,0.));
#4963=IFCAXIS2PLACEMENT3D(#4960,#4961,#4962);
#4964=IFCDIRECTION((0.,0.,-1.));
#4965=IFCEXTRUDEDAREASOLID(#4959,#4963,#4964,0.0099999997764825821);
#4966=IFCCARTESIANPOINTLIST2D(((0.,0.),(0.30000001192092896,0.),(0.30000001192092896,0.89999997615814209),(0.,0.89999997615814209)));
#4967=IFCINDEXEDPOLYCURVE(#4966,(IFCLINEINDEX((1,2,3,4,1))),$);
#4968=IFCCARTESIANPOINTLIST2D(((0.05000000074505806,0.05000000074505806),(0.27500001154839993,0.05000000074505806),(0.27500001154839993,0.84999997541308403),(0.05000000074505806,0.84999997541308403)));
#4969=IFCINDEXEDPOLYCURVE(#4968,(IFCLINEINDEX((1,2,3,4,1))),$);
#4970=IFCARBITRARYPROFILEDEFWITHVOIDS(.AREA.,$,#4967,(#4969));
#4971=IFCCARTESIANPOINT((0.,0.05000000074505806,0.));
#4972=IFCDIRECTION((0.,-1.,0.));
#4973=IFCDIRECTION((1.,0.,0.));
#4974=IFCAXIS2PLACEMENT3D(#4971,#4972,#4973);
#4975=IFCDIRECTION((0.,0.,-1.));
#4976=IFCEXTRUDEDAREASOLID(#4970,#4974,#4975,0.040000000968575478);
#4977=IFCCARTESIANPOINTLIST2D(((0.,0.),(0.27500001154839993,0.),(0.27500001154839993,0.84999997541308403),(0.,0.84999997541308403)));
#4978=IFCINDEXEDPOLYCURVE(#4977,(IFCLINEINDEX((1,2,3,4,1))),$);
#4979=IFCCARTESIANPOINTLIST2D(((0.035000000149011612,0.035000000149011612),(0.24000001139938831,0.035000000149011612),(0.24000001139938831,0.81499997526407242),(0.035000000149011612,0.81499997526407242)));
#4980=IFCINDEXEDPOLYCURVE(#4979,(IFCLINEINDEX((1,2,3,4,1))),$);
#4981=IFCARBITRARYPROFILEDEFWITHVOIDS(.AREA.,$,#4978,(#4980));
#4982=IFCCARTESIANPOINT((0.02500000037252903,0.090000001713633537,0.02500000037252903));
#4983=IFCDIRECTION((0.,-1.,0.));
#4984=IFCDIRECTION((1.,0.,0.));
#4985=IFCAXIS2PLACEMENT3D(#4982,#4983,#4984);
#4986=IFCDIRECTION((0.,0.,-1.));
#4987=IFCEXTRUDEDAREASOLID(#4981,#4985,#4986,0.035000000149011612);
#4988=IFCINDEXEDPOLYCURVE(#4989,(IFCLINEINDEX((1,2,3,4,1))),$);
#4989=IFCCARTESIANPOINTLIST2D(((0.035000000149011612,0.035000000149011612),(0.24000001139938831,0.035000000149011612),(0.24000001139938831,0.81499997526407242),(0.035000000149011612,0.81499997526407242)));
#4990=IFCARBITRARYCLOSEDPROFILEDEF(.AREA.,$,#4988);
#4991=IFCCARTESIANPOINT((0.02500000037252903,0.10250000178813934,0.02500000037252903));
#4992=IFCDIRECTION((0.,-1.,0.));
#4993=IFCDIRECTION((1.,0.,0.));
#4994=IFCAXIS2PLACEMENT3D(#4991,#4992,#4993);
#4995=IFCDIRECTION((0.,0.,-1.));
#4996=IFCEXTRUDEDAREASOLID(#4990,#4994,#4995,0.01);
#4997=IFCCARTESIANPOINTLIST2D(((0.,0.89999997615814209),(0.60734254121780396,0.89999997615814209),(0.60734254121780396,0.),(0.,0.),(0.,0.02500000037252903),(0.58234254084527493,0.02500000037252903),(0.58234254084527493,0.87499997578561306),(0.,0.87499997578561306)));
#4998=IFCINDEXEDPOLYCURVE(#4997,(IFCLINEINDEX((1,2,3,4,5,6,7,8,1))),$);
#4999=IFCARBITRARYCLOSEDPROFILEDEF(.AREA.,$,#4998);
#5000=IFCCARTESIANPOINT((0.30000001192092896,0.090000001713633537,0.));
#5001=IFCDIRECTION((0.,-1.,0.));
#5002=IFCDIRECTION((1.,0.,0.));
#5003=IFCAXIS2PLACEMENT3D(#5000,#5001,#5002);
#5004=IFCDIRECTION((0.,0.,-1.));
#5005=IFCEXTRUDEDAREASOLID(#4999,#5003,#5004,0.0099999997764825821);
#5006=IFCCARTESIANPOINTLIST2D(((0.,0.),(0.60734254121780396,0.),(0.60734254121780396,0.89999997615814209),(0.,0.89999997615814209)));
#5007=IFCINDEXEDPOLYCURVE(#5006,(IFCLINEINDEX((1,2,3,4,1))),$);
#5008=IFCCARTESIANPOINTLIST2D(((0.02500000037252903,0.05000000074505806),(0.5573425404727459,0.05000000074505806),(0.5573425404727459,0.84999997541308403),(0.02500000037252903,0.84999997541308403)));
#5009=IFCINDEXEDPOLYCURVE(#5008,(IFCLINEINDEX((1,2,3,4,1))),$);
#5010=IFCARBITRARYPROFILEDEFWITHVOIDS(.AREA.,$,#5007,(#5009));
#5011=IFCCARTESIANPOINT((0.30000001192092896,0.05000000074505806,0.));
#5012=IFCDIRECTION((0.,-1.,0.));
#5013=IFCDIRECTION((1.,0.,0.));
#5014=IFCAXIS2PLACEMENT3D(#5011,#5012,#5013);
#5015=IFCDIRECTION((0.,0.,-1.));
#5016=IFCEXTRUDEDAREASOLID(#5010,#5014,#5015,0.040000000968575478);
#5017=IFCCARTESIANPOINTLIST2D(((0.,0.),(0.58234254084527493,0.),(0.58234254084527493,0.84999997541308403),(0.,0.84999997541308403)));
#5018=IFCINDEXEDPOLYCURVE(#5017,(IFCLINEINDEX((1,2,3,4,1))),$);
#5019=IFCCARTESIANPOINTLIST2D(((0.035000000149011612,0.035000000149011612),(0.54734254069626331,0.035000000149011612),(0.54734254069626331,0.81499997526407242),(0.035000000149011612,0.81499997526407242)));
#5020=IFCINDEXEDPOLYCURVE(#5019,(IFCLINEINDEX((1,2,3,4,1))),$);
#5021=IFCARBITRARYPROFILEDEFWITHVOIDS(.AREA.,$,#5018,(#5020));
#5022=IFCCARTESIANPOINT((0.30000001192092896,0.090000001713633537,0.02500000037252903));
#5023=IFCDIRECTION((0.,-1.,0.));
#5024=IFCDIRECTION((1.,0.,0.));
#5025=IFCAXIS2PLACEMENT3D(#5022,#5023,#5024);
#5026=IFCDIRECTION((0.,0.,-1.));
#5027=IFCEXTRUDEDAREASOLID(#5021,#5025,#5026,0.035000000149011612);
#5028=IFCINDEXEDPOLYCURVE(#5029,(IFCLINEINDEX((1,2,3,4,1))),$);
#5029=IFCCARTESIANPOINTLIST2D(((0.035000000149011612,0.035000000149011612),(0.54734254069626331,0.035000000149011612),(0.54734254069626331,0.81499997526407242),(0.035000000149011612,0.81499997526407242)));
#5030=IFCARBITRARYCLOSEDPROFILEDEF(.AREA.,$,#5028);
#5031=IFCCARTESIANPOINT((0.30000001192092896,0.10250000178813934,0.02500000037252903));
#5032=IFCDIRECTION((0.,-1.,0.));
#5033=IFCDIRECTION((1.,0.,0.));
#5034=IFCAXIS2PLACEMENT3D(#5031,#5032,#5033);
#5035=IFCDIRECTION((0.,0.,-1.));
#5036=IFCEXTRUDEDAREASOLID(#5030,#5034,#5035,0.01);
#5038=IFCSHAPEREPRESENTATION(#11,'Body','SweptSolid',(#4965,#4976,#5164,#5113,#5124,#5005,#5016,#5153));
#5039=IFCSHAPEASPECT((#5038),'Lining',$,.T.,#4898);
#5040=IFCSHAPEREPRESENTATION(#11,'Body','SweptSolid',(#5027,#4987,#5175,#5135));
#5041=IFCSHAPEASPECT((#5040),'Framing',$,.T.,#4898);
#5042=IFCSHAPEREPRESENTATION(#11,'Body','SweptSolid',(#5144,#5036,#4996,#5184));
#5043=IFCSHAPEASPECT((#5042),'Glazing',$,.T.,#4898);
#5102=IFCCARTESIANPOINTLIST3D(((0.,0.,0.),(1.154848575592041,0.,0.),(1.154848575592041,0.,0.89999997615814209),(0.,0.,0.89999997615814209)));
#5103=IFCINDEXEDPOLYCURVE(#5102,(IFCLINEINDEX((1,2,3,4,1))),$);
#5104=IFCSHAPEREPRESENTATION(#18,'Profile','Curve3D',(#5103));
#5105=IFCCARTESIANPOINTLIST2D(((0.56862276792526245,0.),(0.,0.),(0.,0.89999997615814209),(0.56862276792526245,0.89999997615814209),(0.56862276792526245,0.87499997578561306),(0.02500000037252903,0.87499997578561306),(0.02500000037252903,0.02500000037252903),(0.56862276792526245,0.02500000037252903)));
#5106=IFCINDEXEDPOLYCURVE(#5105,(IFCLINEINDEX((1,2,3,4,5,6,7,8,1))),$);
#5107=IFCARBITRARYCLOSEDPROFILEDEF(.AREA.,$,#5106);
#5108=IFCCARTESIANPOINT((0.,0.090000001713633537,0.));
#5109=IFCDIRECTION((0.,-1.,0.));
#5110=IFCDIRECTION((1.,0.,0.));
#5111=IFCAXIS2PLACEMENT3D(#5108,#5109,#5110);
#5112=IFCDIRECTION((0.,0.,-1.));
#5113=IFCEXTRUDEDAREASOLID(#5107,#5111,#5112,0.0099999997764825821);
#5114=IFCCARTESIANPOINTLIST2D(((0.,0.),(0.56862276792526245,0.),(0.56862276792526245,0.89999997615814209),(0.,0.89999997615814209)));
#5115=IFCINDEXEDPOLYCURVE(#5114,(IFCLINEINDEX((1,2,3,4,1))),$);
#5116=IFCCARTESIANPOINTLIST2D(((0.05000000074505806,0.05000000074505806),(0.54362276755273342,0.05000000074505806),(0.54362276755273342,0.84999997541308403),(0.05000000074505806,0.84999997541308403)));
#5117=IFCINDEXEDPOLYCURVE(#5116,(IFCLINEINDEX((1,2,3,4,1))),$);
#5118=IFCARBITRARYPROFILEDEFWITHVOIDS(.AREA.,$,#5115,(#5117));
#5119=IFCCARTESIANPOINT((0.,0.05000000074505806,0.));
#5120=IFCDIRECTION((0.,-1.,0.));
#5121=IFCDIRECTION((1.,0.,0.));
#5122=IFCAXIS2PLACEMENT3D(#5119,#5120,#5121);
#5123=IFCDIRECTION((0.,0.,-1.));
#5124=IFCEXTRUDEDAREASOLID(#5118,#5122,#5123,0.040000000968575478);
#5125=IFCCARTESIANPOINTLIST2D(((0.,0.),(0.54362276755273342,0.),(0.54362276755273342,0.84999997541308403),(0.,0.84999997541308403)));
#5126=IFCINDEXEDPOLYCURVE(#5125,(IFCLINEINDEX((1,2,3,4,1))),$);
#5127=IFCCARTESIANPOINTLIST2D(((0.035000000149011612,0.035000000149011612),(0.50862276740372181,0.035000000149011612),(0.50862276740372181,0.81499997526407242),(0.035000000149011612,0.81499997526407242)));
#5128=IFCINDEXEDPOLYCURVE(#5127,(IFCLINEINDEX((1,2,3,4,1))),$);
#5129=IFCARBITRARYPROFILEDEFWITHVOIDS(.AREA.,$,#5126,(#5128));
#5130=IFCCARTESIANPOINT((0.02500000037252903,0.090000001713633537,0.02500000037252903));
#5131=IFCDIRECTION((0.,-1.,0.));
#5132=IFCDIRECTION((1.,0.,0.));
#5133=IFCAXIS2PLACEMENT3D(#5130,#5131,#5132);
#5134=IFCDIRECTION((0.,0.,-1.));
#5135=IFCEXTRUDEDAREASOLID(#5129,#5133,#5134,0.035000000149011612);
#5136=IFCINDEXEDPOLYCURVE(#5137,(IFCLINEINDEX((1,2,3,4,1))),$);
#5137=IFCCARTESIANPOINTLIST2D(((0.035000000149011612,0.035000000149011612),(0.50862276740372181,0.035000000149011612),(0.50862276740372181,0.81499997526407242),(0.035000000149011612,0.81499997526407242)));
#5138=IFCARBITRARYCLOSEDPROFILEDEF(.AREA.,$,#5136);
#5139=IFCCARTESIANPOINT((0.02500000037252903,0.10250000178813934,0.02500000037252903));
#5140=IFCDIRECTION((0.,-1.,0.));
#5141=IFCDIRECTION((1.,0.,0.));
#5142=IFCAXIS2PLACEMENT3D(#5139,#5140,#5141);
#5143=IFCDIRECTION((0.,0.,-1.));
#5144=IFCEXTRUDEDAREASOLID(#5138,#5142,#5143,0.01);
#5145=IFCCARTESIANPOINTLIST2D(((0.,0.89999997615814209),(0.58622580766677856,0.89999997615814209),(0.58622580766677856,0.),(0.,0.),(0.,0.02500000037252903),(0.56122580729424953,0.02500000037252903),(0.56122580729424953,0.87499997578561306),(0.,0.87499997578561306)));
#5146=IFCINDEXEDPOLYCURVE(#5145,(IFCLINEINDEX((1,2,3,4,5,6,7,8,1))),$);
#5147=IFCARBITRARYCLOSEDPROFILEDEF(.AREA.,$,#5146);
#5148=IFCCARTESIANPOINT((0.56862276792526245,0.090000001713633537,0.));
#5149=IFCDIRECTION((0.,-1.,0.));
#5150=IFCDIRECTION((1.,0.,0.));
#5151=IFCAXIS2PLACEMENT3D(#5148,#5149,#5150);
#5152=IFCDIRECTION((0.,0.,-1.));
#5153=IFCEXTRUDEDAREASOLID(#5147,#5151,#5152,0.0099999997764825821);
#5154=IFCCARTESIANPOINTLIST2D(((0.,0.),(0.58622580766677856,0.),(0.58622580766677856,0.89999997615814209),(0.,0.89999997615814209)));
#5155=IFCINDEXEDPOLYCURVE(#5154,(IFCLINEINDEX((1,2,3,4,1))),$);
#5156=IFCCARTESIANPOINTLIST2D(((0.02500000037252903,0.05000000074505806),(0.5362258069217205,0.05000000074505806),(0.5362258069217205,0.84999997541308403),(0.02500000037252903,0.84999997541308403)));
#5157=IFCINDEXEDPOLYCURVE(#5156,(IFCLINEINDEX((1,2,3,4,1))),$);
#5158=IFCARBITRARYPROFILEDEFWITHVOIDS(.AREA.,$,#5155,(#5157));
#5159=IFCCARTESIANPOINT((0.56862276792526245,0.05000000074505806,0.));
#5160=IFCDIRECTION((0.,-1.,0.));
#5161=IFCDIRECTION((1.,0.,0.));
#5162=IFCAXIS2PLACEMENT3D(#5159,#5160,#5161);
#5163=IFCDIRECTION((0.,0.,-1.));
#5164=IFCEXTRUDEDAREASOLID(#5158,#5162,#5163,0.040000000968575478);
#5165=IFCCARTESIANPOINTLIST2D(((0.,0.),(0.56122580729424953,0.),(0.56122580729424953,0.84999997541308403),(0.,0.84999997541308403)));
#5166=IFCINDEXEDPOLYCURVE(#5165,(IFCLINEINDEX((1,2,3,4,1))),$);
#5167=IFCCARTESIANPOINTLIST2D(((0.035000000149011612,0.035000000149011612),(0.52622580714523792,0.035000000149011612),(0.52622580714523792,0.81499997526407242),(0.035000000149011612,0.81499997526407242)));
#5168=IFCINDEXEDPOLYCURVE(#5167,(IFCLINEINDEX((1,2,3,4,1))),$);
#5169=IFCARBITRARYPROFILEDEFWITHVOIDS(.AREA.,$,#5166,(#5168));
#5170=IFCCARTESIANPOINT((0.56862276792526245,0.090000001713633537,0.02500000037252903));
#5171=IFCDIRECTION((0.,-1.,0.));
#5172=IFCDIRECTION((1.,0.,0.));
#5173=IFCAXIS2PLACEMENT3D(#5170,#5171,#5172);
#5174=IFCDIRECTION((0.,0.,-1.));
#5175=IFCEXTRUDEDAREASOLID(#5169,#5173,#5174,0.035000000149011612);
#5176=IFCINDEXEDPOLYCURVE(#5177,(IFCLINEINDEX((1,2,3,4,1))),$);
#5177=IFCCARTESIANPOINTLIST2D(((0.035000000149011612,0.035000000149011612),(0.52622580714523792,0.035000000149011612),(0.52622580714523792,0.81499997526407242),(0.035000000149011612,0.81499997526407242)));
#5178=IFCARBITRARYCLOSEDPROFILEDEF(.AREA.,$,#5176);
#5179=IFCCARTESIANPOINT((0.56862276792526245,0.10250000178813934,0.02500000037252903));
#5180=IFCDIRECTION((0.,-1.,0.));
#5181=IFCDIRECTION((1.,0.,0.));
#5182=IFCAXIS2PLACEMENT3D(#5179,#5180,#5181);
#5183=IFCDIRECTION((0.,0.,-1.));
#5184=IFCEXTRUDEDAREASOLID(#5178,#5182,#5183,0.01);
#5185=IFCSHAPEREPRESENTATION(#11,'Body','SweptSolid',(#5113,#5124,#5135,#5144,#5153,#5164,#5175,#5184));
#5186=IFCCARTESIANPOINTLIST2D(((0.05000000074505806,0.05000000074505806),(0.54362276755273342,0.05000000074505806)));
#5187=IFCINDEXEDPOLYCURVE(#5186,$,$);
#5188=IFCCARTESIANPOINTLIST2D(((0.,0.10000000149011612),(0.02500000037252903,0.10000000149011612),(0.02500000037252903,0.090000001713633537),(0.05000000074505806,0.090000001713633537),(0.05000000074505806,0.05000000074505806),(0.,0.05000000074505806)));
#5189=IFCINDEXEDPOLYCURVE(#5188,(IFCLINEINDEX((1,2,3,4,5,6,1))),$);
#5190=IFCCARTESIANPOINTLIST2D(((0.56862276792526245,0.10000000149011612),(0.56862276792526245,0.10000000149011612),(0.56862276792526245,0.090000001713633537),(0.54362276755273342,0.090000001713633537),(0.54362276755273342,0.05000000074505806),(0.56862276792526245,0.05000000074505806)));
#5191=IFCINDEXEDPOLYCURVE(#5190,$,$);
#5192=IFCCARTESIANPOINTLIST2D(((0.02500000037252903,0.090000001713633537),(0.060000000521540642,0.090000001713633537),(0.060000000521540642,0.12500000186264515),(0.02500000037252903,0.12500000186264515)));
#5193=IFCINDEXEDPOLYCURVE(#5192,(IFCLINEINDEX((1,2,3,4,1))),$);
#5194=IFCINDEXEDPOLYCURVE(#5195,(IFCLINEINDEX((1,2,3,4,1))),$);
#5195=IFCCARTESIANPOINTLIST2D(((0.56862276792526245,0.090000001713633537),(0.53362276777625084,0.090000001713633537),(0.53362276777625084,0.12500000186264515),(0.56862276792526245,0.12500000186264515)));
#5196=IFCCARTESIANPOINTLIST2D(((0.060000000521540642,0.090000001713633537),(0.53362276777625084,0.090000001713633537)));
#5197=IFCINDEXEDPOLYCURVE(#5196,$,$);
#5198=IFCINDEXEDPOLYCURVE(#5199,$,$);
#5199=IFCCARTESIANPOINTLIST2D(((0.060000000521540642,0.12500000186264515),(0.53362276777625084,0.12500000186264515)));
#5200=IFCINDEXEDPOLYCURVE(#5201,$,$);
#5201=IFCCARTESIANPOINTLIST2D(((0.060000000521540642,0.10750000178813934),(0.53362276777625084,0.10750000178813934)));
#5202=IFCCARTESIANPOINTLIST2D(((0.59362276829779148,0.05000000074505806),(1.104848574846983,0.05000000074505806)));
#5203=IFCINDEXEDPOLYCURVE(#5202,$,$);
#5204=IFCCARTESIANPOINTLIST2D(((0.56862276792526245,0.10000000149011612),(0.56862276792526245,0.10000000149011612),(0.56862276792526245,0.090000001713633537),(0.59362276829779148,0.090000001713633537),(0.59362276829779148,0.05000000074505806),(0.56862276792526245,0.05000000074505806)));
#5205=IFCINDEXEDPOLYCURVE(#5204,$,$);
#5206=IFCCARTESIANPOINTLIST2D(((1.154848575592041,0.10000000149011612),(1.129848575219512,0.10000000149011612),(1.129848575219512,0.090000001713633537),(1.104848574846983,0.090000001713633537),(1.104848574846983,0.05000000074505806),(1.154848575592041,0.05000000074505806)));
#5207=IFCINDEXEDPOLYCURVE(#5206,(IFCLINEINDEX((1,2,3,4,5,6,1))),$);
#5208=IFCCARTESIANPOINTLIST2D(((0.56862276792526245,0.090000001713633537),(0.60362276807427406,0.090000001713633537),(0.60362276807427406,0.12500000186264515),(0.56862276792526245,0.12500000186264515)));
#5209=IFCINDEXEDPOLYCURVE(#5208,(IFCLINEINDEX((1,2,3,4,1))),$);
#5210=IFCINDEXEDPOLYCURVE(#5211,(IFCLINEINDEX((1,2,3,4,1))),$);
#5211=IFCCARTESIANPOINTLIST2D(((1.129848575219512,0.090000001713633537),(1.0948485750705004,0.090000001713633537),(1.0948485750705004,0.12500000186264515),(1.129848575219512,0.12500000186264515)));
#5212=IFCCARTESIANPOINTLIST2D(((0.60362276807427406,0.090000001713633537),(1.0948485750705004,0.090000001713633537)));
#5213=IFCINDEXEDPOLYCURVE(#5212,$,$);
#5214=IFCINDEXEDPOLYCURVE(#5215,$,$);
#5215=IFCCARTESIANPOINTLIST2D(((0.60362276807427406,0.12500000186264515),(1.0948485750705004,0.12500000186264515)));
#5216=IFCINDEXEDPOLYCURVE(#5217,$,$);
#5217=IFCCARTESIANPOINTLIST2D(((0.60362276807427406,0.10750000178813934),(1.0948485750705004,0.10750000178813934)));
#5218=IFCSHAPEREPRESENTATION(#24,'Body','Curve2D',(#5187,#5189,#5191,#5193,#5194,#5197,#5198,#5200,#5203,#5205,#5207,#5209,#5210,#5213,#5214,#5216));
#5219=IFCCARTESIANPOINTLIST2D(((0.,0.),(1.154848575592041,0.),(1.154848575592041,0.89999997615814209),(0.,0.89999997615814209)));
#5220=IFCINDEXEDPOLYCURVE(#5219,(IFCLINEINDEX((1,2,3,4,1))),$);
#5221=IFCARBITRARYCLOSEDPROFILEDEF(.AREA.,$,#5220);
#5222=IFCCARTESIANPOINT((0.,-0.60000002384185791,0.));
#5223=IFCDIRECTION((0.,-1.,0.));
#5224=IFCDIRECTION((1.,0.,0.));
#5225=IFCAXIS2PLACEMENT3D(#5222,#5223,#5224);
#5226=IFCDIRECTION((0.,0.,-1.));
#5227=IFCEXTRUDEDAREASOLID(#5221,#5225,#5226,1.2);
#5228=IFCSHAPEREPRESENTATION(#11,'Body','SweptSolid',(#5227));
#5259=IFCCARTESIANPOINTLIST3D(((0.,0.,0.),(0.8174973726272583,0.,0.),(0.8174973726272583,0.,0.89999997615814209),(0.,0.,0.89999997615814209)));
#5260=IFCINDEXEDPOLYCURVE(#5259,(IFCLINEINDEX((1,2,3,4,1))),$);
#5261=IFCSHAPEREPRESENTATION(#18,'Profile','Curve3D',(#5260));
#5262=IFCCARTESIANPOINTLIST2D(((0.,0.),(0.8174973726272583,0.),(0.8174973726272583,0.89999997615814209),(0.,0.89999997615814209)));
#5263=IFCINDEXEDPOLYCURVE(#5262,(IFCLINEINDEX((1,2,3,4,1))),$);
#5264=IFCCARTESIANPOINTLIST2D(((0.02500000037252903,0.02500000037252903),(0.79249737225472927,0.02500000037252903),(0.79249737225472927,0.87499997578561306),(0.02500000037252903,0.87499997578561306)));
#5265=IFCINDEXEDPOLYCURVE(#5264,(IFCLINEINDEX((1,2,3,4,1))),$);
#5266=IFCARBITRARYPROFILEDEFWITHVOIDS(.AREA.,$,#5263,(#5265));
#5267=IFCCARTESIANPOINT((0.,0.090000001713633537,0.));
#5268=IFCDIRECTION((0.,-1.,0.));
#5269=IFCDIRECTION((1.,0.,0.));
#5270=IFCAXIS2PLACEMENT3D(#5267,#5268,#5269);
#5271=IFCDIRECTION((0.,0.,-1.));
#5272=IFCEXTRUDEDAREASOLID(#5266,#5270,#5271,0.0099999997764825821);
#5273=IFCCARTESIANPOINTLIST2D(((0.,0.),(0.8174973726272583,0.),(0.8174973726272583,0.89999997615814209),(0.,0.89999997615814209)));
#5274=IFCINDEXEDPOLYCURVE(#5273,(IFCLINEINDEX((1,2,3,4,1))),$);
#5275=IFCCARTESIANPOINTLIST2D(((0.05000000074505806,0.05000000074505806),(0.76749737188220024,0.05000000074505806),(0.76749737188220024,0.84999997541308403),(0.05000000074505806,0.84999997541308403)));
#5276=IFCINDEXEDPOLYCURVE(#5275,(IFCLINEINDEX((1,2,3,4,1))),$);
#5277=IFCARBITRARYPROFILEDEFWITHVOIDS(.AREA.,$,#5274,(#5276));
#5278=IFCCARTESIANPOINT((0.,0.05000000074505806,0.));
#5279=IFCDIRECTION((0.,-1.,0.));
#5280=IFCDIRECTION((1.,0.,0.));
#5281=IFCAXIS2PLACEMENT3D(#5278,#5279,#5280);
#5282=IFCDIRECTION((0.,0.,-1.));
#5283=IFCEXTRUDEDAREASOLID(#5277,#5281,#5282,0.040000000968575478);
#5284=IFCCARTESIANPOINTLIST2D(((0.,0.),(0.76749737188220024,0.),(0.76749737188220024,0.84999997541308403),(0.,0.84999997541308403)));
#5285=IFCINDEXEDPOLYCURVE(#5284,(IFCLINEINDEX((1,2,3,4,1))),$);
#5286=IFCCARTESIANPOINTLIST2D(((0.035000000149011612,0.035000000149011612),(0.73249737173318863,0.035000000149011612),(0.73249737173318863,0.81499997526407242),(0.035000000149011612,0.81499997526407242)));
#5287=IFCINDEXEDPOLYCURVE(#5286,(IFCLINEINDEX((1,2,3,4,1))),$);
#5288=IFCARBITRARYPROFILEDEFWITHVOIDS(.AREA.,$,#5285,(#5287));
#5289=IFCCARTESIANPOINT((0.02500000037252903,0.090000001713633537,0.02500000037252903));
#5290=IFCDIRECTION((0.,-1.,0.));
#5291=IFCDIRECTION((1.,0.,0.));
#5292=IFCAXIS2PLACEMENT3D(#5289,#5290,#5291);
#5293=IFCDIRECTION((0.,0.,-1.));
#5294=IFCEXTRUDEDAREASOLID(#5288,#5292,#5293,0.035000000149011612);
#5295=IFCINDEXEDPOLYCURVE(#5296,(IFCLINEINDEX((1,2,3,4,1))),$);
#5296=IFCCARTESIANPOINTLIST2D(((0.035000000149011612,0.035000000149011612),(0.73249737173318863,0.035000000149011612),(0.73249737173318863,0.81499997526407242),(0.035000000149011612,0.81499997526407242)));
#5297=IFCARBITRARYCLOSEDPROFILEDEF(.AREA.,$,#5295);
#5298=IFCCARTESIANPOINT((0.02500000037252903,0.10250000178813934,0.02500000037252903));
#5299=IFCDIRECTION((0.,-1.,0.));
#5300=IFCDIRECTION((1.,0.,0.));
#5301=IFCAXIS2PLACEMENT3D(#5298,#5299,#5300);
#5302=IFCDIRECTION((0.,0.,-1.));
#5303=IFCEXTRUDEDAREASOLID(#5297,#5301,#5302,0.01);
#5304=IFCSHAPEREPRESENTATION(#11,'Body','SweptSolid',(#5272,#5283,#5294,#5303));
#5305=IFCCARTESIANPOINTLIST2D(((0.05000000074505806,0.05000000074505806),(0.76749737188220024,0.05000000074505806)));
#5306=IFCINDEXEDPOLYCURVE(#5305,$,$);
#5307=IFCCARTESIANPOINTLIST2D(((0.,0.10000000149011612),(0.02500000037252903,0.10000000149011612),(0.02500000037252903,0.090000001713633537),(0.05000000074505806,0.090000001713633537),(0.05000000074505806,0.05000000074505806),(0.,0.05000000074505806)));
#5308=IFCINDEXEDPOLYCURVE(#5307,(IFCLINEINDEX((1,2,3,4,5,6,1))),$);
#5309=IFCCARTESIANPOINTLIST2D(((0.8174973726272583,0.10000000149011612),(0.79249737225472927,0.10000000149011612),(0.79249737225472927,0.090000001713633537),(0.76749737188220024,0.090000001713633537),(0.76749737188220024,0.05000000074505806),(0.8174973726272583,0.05000000074505806)));
#5310=IFCINDEXEDPOLYCURVE(#5309,(IFCLINEINDEX((1,2,3,4,5,6,1))),$);
#5311=IFCCARTESIANPOINTLIST2D(((0.02500000037252903,0.090000001713633537),(0.060000000521540642,0.090000001713633537),(0.060000000521540642,0.12500000186264515),(0.02500000037252903,0.12500000186264515)));
#5312=IFCINDEXEDPOLYCURVE(#5311,(IFCLINEINDEX((1,2,3,4,1))),$);
#5313=IFCINDEXEDPOLYCURVE(#5314,(IFCLINEINDEX((1,2,3,4,1))),$);
#5314=IFCCARTESIANPOINTLIST2D(((0.79249737225472927,0.090000001713633537),(0.75749737210571766,0.090000001713633537),(0.75749737210571766,0.12500000186264515),(0.79249737225472927,0.12500000186264515)));
#5315=IFCCARTESIANPOINTLIST2D(((0.060000000521540642,0.090000001713633537),(0.75749737210571766,0.090000001713633537)));
#5316=IFCINDEXEDPOLYCURVE(#5315,$,$);
#5317=IFCINDEXEDPOLYCURVE(#5318,$,$);
#5318=IFCCARTESIANPOINTLIST2D(((0.060000000521540642,0.12500000186264515),(0.75749737210571766,0.12500000186264515)));
#5319=IFCINDEXEDPOLYCURVE(#5320,$,$);
#5320=IFCCARTESIANPOINTLIST2D(((0.060000000521540642,0.10750000178813934),(0.75749737210571766,0.10750000178813934)));
#5321=IFCSHAPEREPRESENTATION(#24,'Body','Curve2D',(#5306,#5308,#5310,#5312,#5313,#5316,#5317,#5319));
#5322=IFCCARTESIANPOINTLIST2D(((0.,0.),(0.8174973726272583,0.),(0.8174973726272583,0.89999997615814209),(0.,0.89999997615814209)));
#5323=IFCINDEXEDPOLYCURVE(#5322,(IFCLINEINDEX((1,2,3,4,1))),$);
#5324=IFCARBITRARYCLOSEDPROFILEDEF(.AREA.,$,#5323);
#5325=IFCCARTESIANPOINT((0.,-0.60000002384185791,0.));
#5326=IFCDIRECTION((0.,-1.,0.));
#5327=IFCDIRECTION((1.,0.,0.));
#5328=IFCAXIS2PLACEMENT3D(#5325,#5326,#5327);
#5329=IFCDIRECTION((0.,0.,-1.));
#5330=IFCEXTRUDEDAREASOLID(#5324,#5328,#5329,1.2);
#5331=IFCSHAPEREPRESENTATION(#11,'Body','SweptSolid',(#5330));
#5337=IFCCARTESIANPOINT((1.7761198459103071,2.384185791015625E-07,1.));
#5338=IFCDIRECTION((0.,0.,1.));
#5339=IFCDIRECTION((0.99999999999997158,-2.3841857910155572E-07,0.));
#5340=IFCAXIS2PLACEMENT3D(#5337,#5338,#5339);
#5341=IFCLOCALPLACEMENT(#1559,#5340);
#5342=IFCCARTESIANPOINT((0.,0.,0.));
#5343=IFCDIRECTION((0.,0.,1.));
#5344=IFCDIRECTION((1.,0.,0.));
#5345=IFCAXIS2PLACEMENT3D(#5342,#5343,#5344);
#5346=IFCLOCALPLACEMENT(#5341,#5345);
#5367=IFCCARTESIANPOINT((2.2144647524821881,0.099999338388442993,1.));
#5368=IFCDIRECTION((0.,0.,1.));
#5369=IFCDIRECTION((-0.99999999999992428,3.8941436741876494E-07,0.));
#5370=IFCAXIS2PLACEMENT3D(#5367,#5368,#5369);
#5371=IFCLOCALPLACEMENT(#574,#5370);
#5377=IFCCARTESIANPOINT((-1.1102230246251565E-16,0.,0.));
#5378=IFCDIRECTION((0.,0.,1.));
#5379=IFCDIRECTION((1.,0.,0.));
#5380=IFCAXIS2PLACEMENT3D(#5377,#5378,#5379);
#5381=IFCLOCALPLACEMENT(#5371,#5380);
#5382=IFCWINDOWTYPE('2xcTqs3bXFH9C$HzlCO0wk',$,'Guest-2-GF',$,$,(#5383),(#5385,#5393,#5441),$,$,.WINDOW.,.SINGLE_PANEL.,$,$);
#5383=IFCPROPERTYSET('3hD6J1vOD2jA_8d7NUP_W0',$,'BBIM_Window',$,(#5384));
#5384=IFCPROPERTYSINGLEVALUE('Data',$,IFCTEXT('{"window_type": "SINGLE_PANEL", "overall_height": 0.8999999761581421, "overall_width": 0.8028246164321899, "lining_properties": {"lining_depth": 0.05000000074505806, "lining_thickness": 0.05000000074505806, "lining_offset": 0.05000000074505806, "lining_to_panel_offset_x": 0.02500000037252903, "lining_to_panel_offset_y": 0.02500000037252903}, "panel_properties": {"frame_depth": [0.03500000014901161, 0.03500000014901161, 0.03500000014901161], "frame_thickness": [0.03500000014901161, 0.03500000014901161, 0.03500000014901161]}}'),$);
#5385=IFCREPRESENTATIONMAP(#5386,#5624);
#5386=IFCAXIS2PLACEMENT3D(#5387,#5388,#5389);
#5387=IFCCARTESIANPOINT((0.,0.,0.));
#5388=IFCDIRECTION((0.,0.,1.));
#5389=IFCDIRECTION((1.,0.,0.));
#5393=IFCREPRESENTATIONMAP(#5394,#5667);
#5394=IFCAXIS2PLACEMENT3D(#5395,#5396,#5397);
#5395=IFCCARTESIANPOINT((0.,0.,0.));
#5396=IFCDIRECTION((0.,0.,1.));
#5397=IFCDIRECTION((1.,0.,0.));
#5441=IFCREPRESENTATIONMAP(#5442,#5684);
#5442=IFCAXIS2PLACEMENT3D(#5443,#5444,#5445);
#5443=IFCCARTESIANPOINT((0.,0.,0.));
#5444=IFCDIRECTION((0.,0.,1.));
#5445=IFCDIRECTION((1.,0.,0.));
#5463=IFCWINDOW('0Lo8JUelrEvwfkrgJ6hAiw',$,'Window',$,$,#5729,#5472,$,0.89999997615814209,0.80282461643218994,$,.SINGLE_PANEL.,$);
#5464=IFCRELDEFINESBYTYPE('0__WYOT459BA$UWhAA8yiY',$,$,$,(#5463),#5382);
#5465=IFCCARTESIANPOINT((0.,0.,0.));
#5466=IFCDIRECTION((1.,0.,0.));
#5467=IFCDIRECTION((0.,1.,0.));
#5468=IFCDIRECTION((0.,0.,1.));
#5469=IFCCARTESIANTRANSFORMATIONOPERATOR3D(#5466,#5467,#5465,1.,#5468);
#5470=IFCMAPPEDITEM(#5385,#5469);
#5471=IFCSHAPEREPRESENTATION(#18,'Profile','MappedRepresentation',(#5470));
#5472=IFCPRODUCTDEFINITIONSHAPE($,$,(#5471,#5479,#5486));
#5473=IFCCARTESIANPOINT((0.,0.,0.));
#5474=IFCDIRECTION((1.,0.,0.));
#5475=IFCDIRECTION((0.,1.,0.));
#5476=IFCDIRECTION((0.,0.,1.));
#5477=IFCCARTESIANTRANSFORMATIONOPERATOR3D(#5474,#5475,#5473,1.,#5476);
#5478=IFCMAPPEDITEM(#5393,#5477);
#5479=IFCSHAPEREPRESENTATION(#11,'Body','MappedRepresentation',(#5478));
#5480=IFCCARTESIANPOINT((0.,0.,0.));
#5481=IFCDIRECTION((1.,0.,0.));
#5482=IFCDIRECTION((0.,1.,0.));
#5483=IFCDIRECTION((0.,0.,1.));
#5484=IFCCARTESIANTRANSFORMATIONOPERATOR3D(#5481,#5482,#5480,1.,#5483);
#5485=IFCMAPPEDITEM(#5441,#5484);
#5486=IFCSHAPEREPRESENTATION(#24,'Body','MappedRepresentation',(#5485));
#5487=IFCOPENINGELEMENT('2zmf74YGT7eQnyLdrpzsR2',$,'Opening',$,$,#5719,#5515,$,.OPENING.);
#5503=IFCCARTESIANPOINT((0.,0.,0.));
#5504=IFCDIRECTION((1.,0.,0.));
#5505=IFCDIRECTION((0.,0.,1.));
#5506=IFCAXIS2PLACEMENT3D(#5503,#5505,#5504);
#5507=IFCREPRESENTATIONMAP(#5506,#5694);
#5508=IFCCARTESIANPOINT((0.,0.,0.));
#5509=IFCDIRECTION((1.,0.,0.));
#5510=IFCDIRECTION((0.,1.,0.));
#5511=IFCDIRECTION((0.,0.,1.));
#5512=IFCCARTESIANTRANSFORMATIONOPERATOR3D(#5509,#5510,#5508,1.,#5511);
#5513=IFCMAPPEDITEM(#5507,#5512);
#5514=IFCSHAPEREPRESENTATION(#11,'Body','MappedRepresentation',(#5513));
#5515=IFCPRODUCTDEFINITIONSHAPE($,$,(#5514));
#5516=IFCRELVOIDSELEMENT('3xEW_l5151XAQ_KryAtbiU',$,$,$,#267,#5487);
#5522=IFCRELFILLSELEMENT('1sbdEp66H4HBZ9K3uCQBCK',$,$,$,#5487,#5463);
#5531=IFCCARTESIANPOINTLIST2D(((0.,0.),(0.75955104827880859,0.),(0.75955104827880859,0.89999997615814209),(0.,0.89999997615814209)));
#5532=IFCINDEXEDPOLYCURVE(#5531,(IFCLINEINDEX((1,2,3,4,1))),$);
#5533=IFCCARTESIANPOINTLIST2D(((0.02500000037252903,0.02500000037252903),(0.73455104790627956,0.02500000037252903),(0.73455104790627956,0.87499997578561306),(0.02500000037252903,0.87499997578561306)));
#5534=IFCINDEXEDPOLYCURVE(#5533,(IFCLINEINDEX((1,2,3,4,1))),$);
#5535=IFCARBITRARYPROFILEDEFWITHVOIDS(.AREA.,$,#5532,(#5534));
#5536=IFCCARTESIANPOINT((0.,0.090000001713633537,0.));
#5537=IFCDIRECTION((0.,-1.,0.));
#5538=IFCDIRECTION((1.,0.,0.));
#5539=IFCAXIS2PLACEMENT3D(#5536,#5537,#5538);
#5540=IFCDIRECTION((0.,0.,-1.));
#5541=IFCEXTRUDEDAREASOLID(#5535,#5539,#5540,0.0099999997764825821);
#5542=IFCCARTESIANPOINTLIST2D(((0.,0.),(0.75955104827880859,0.),(0.75955104827880859,0.89999997615814209),(0.,0.89999997615814209)));
#5543=IFCINDEXEDPOLYCURVE(#5542,(IFCLINEINDEX((1,2,3,4,1))),$);
#5544=IFCCARTESIANPOINTLIST2D(((0.05000000074505806,0.05000000074505806),(0.70955104753375053,0.05000000074505806),(0.70955104753375053,0.84999997541308403),(0.05000000074505806,0.84999997541308403)));
#5545=IFCINDEXEDPOLYCURVE(#5544,(IFCLINEINDEX((1,2,3,4,1))),$);
#5546=IFCARBITRARYPROFILEDEFWITHVOIDS(.AREA.,$,#5543,(#5545));
#5547=IFCCARTESIANPOINT((0.,0.05000000074505806,0.));
#5548=IFCDIRECTION((0.,-1.,0.));
#5549=IFCDIRECTION((1.,0.,0.));
#5550=IFCAXIS2PLACEMENT3D(#5547,#5548,#5549);
#5551=IFCDIRECTION((0.,0.,-1.));
#5552=IFCEXTRUDEDAREASOLID(#5546,#5550,#5551,0.040000000968575478);
#5553=IFCCARTESIANPOINTLIST2D(((0.,0.),(0.70955104753375053,0.),(0.70955104753375053,0.84999997541308403),(0.,0.84999997541308403)));
#5554=IFCINDEXEDPOLYCURVE(#5553,(IFCLINEINDEX((1,2,3,4,1))),$);
#5555=IFCCARTESIANPOINTLIST2D(((0.035000000149011612,0.035000000149011612),(0.67455104738473892,0.035000000149011612),(0.67455104738473892,0.81499997526407242),(0.035000000149011612,0.81499997526407242)));
#5556=IFCINDEXEDPOLYCURVE(#5555,(IFCLINEINDEX((1,2,3,4,1))),$);
#5557=IFCARBITRARYPROFILEDEFWITHVOIDS(.AREA.,$,#5554,(#5556));
#5558=IFCCARTESIANPOINT((0.02500000037252903,0.090000001713633537,0.02500000037252903));
#5559=IFCDIRECTION((0.,-1.,0.));
#5560=IFCDIRECTION((1.,0.,0.));
#5561=IFCAXIS2PLACEMENT3D(#5558,#5559,#5560);
#5562=IFCDIRECTION((0.,0.,-1.));
#5563=IFCEXTRUDEDAREASOLID(#5557,#5561,#5562,0.035000000149011612);
#5564=IFCINDEXEDPOLYCURVE(#5565,(IFCLINEINDEX((1,2,3,4,1))),$);
#5565=IFCCARTESIANPOINTLIST2D(((0.035000000149011612,0.035000000149011612),(0.67455104738473892,0.035000000149011612),(0.67455104738473892,0.81499997526407242),(0.035000000149011612,0.81499997526407242)));
#5566=IFCARBITRARYCLOSEDPROFILEDEF(.AREA.,$,#5564);
#5567=IFCCARTESIANPOINT((0.02500000037252903,0.10250000178813934,0.02500000037252903));
#5568=IFCDIRECTION((0.,-1.,0.));
#5569=IFCDIRECTION((1.,0.,0.));
#5570=IFCAXIS2PLACEMENT3D(#5567,#5568,#5569);
#5571=IFCDIRECTION((0.,0.,-1.));
#5572=IFCEXTRUDEDAREASOLID(#5566,#5570,#5571,0.01);
#5574=IFCSHAPEREPRESENTATION(#11,'Body','SweptSolid',(#5552,#5646,#5541,#5635));
#5575=IFCSHAPEASPECT((#5574),'Lining',$,.T.,#5472);
#5576=IFCSHAPEREPRESENTATION(#11,'Body','SweptSolid',(#5657,#5563));
#5577=IFCSHAPEASPECT((#5576),'Framing',$,.T.,#5472);
#5578=IFCSHAPEREPRESENTATION(#11,'Body','SweptSolid',(#5666,#5572));
#5579=IFCSHAPEASPECT((#5578),'Glazing',$,.T.,#5472);
#5622=IFCCARTESIANPOINTLIST3D(((0.,0.,0.),(0.80282461643218994,0.,0.),(0.80282461643218994,0.,0.89999997615814209),(0.,0.,0.89999997615814209)));
#5623=IFCINDEXEDPOLYCURVE(#5622,(IFCLINEINDEX((1,2,3,4,1))),$);
#5624=IFCSHAPEREPRESENTATION(#18,'Profile','Curve3D',(#5623));
#5625=IFCCARTESIANPOINTLIST2D(((0.,0.),(0.80282461643218994,0.),(0.80282461643218994,0.89999997615814209),(0.,0.89999997615814209)));
#5626=IFCINDEXEDPOLYCURVE(#5625,(IFCLINEINDEX((1,2,3,4,1))),$);
#5627=IFCCARTESIANPOINTLIST2D(((0.02500000037252903,0.02500000037252903),(0.77782461605966091,0.02500000037252903),(0.77782461605966091,0.87499997578561306),(0.02500000037252903,0.87499997578561306)));
#5628=IFCINDEXEDPOLYCURVE(#5627,(IFCLINEINDEX((1,2,3,4,1))),$);
#5629=IFCARBITRARYPROFILEDEFWITHVOIDS(.AREA.,$,#5626,(#5628));
#5630=IFCCARTESIANPOINT((0.,0.090000001713633537,0.));
#5631=IFCDIRECTION((0.,-1.,0.));
#5632=IFCDIRECTION((1.,0.,0.));
#5633=IFCAXIS2PLACEMENT3D(#5630,#5631,#5632);
#5634=IFCDIRECTION((0.,0.,-1.));
#5635=IFCEXTRUDEDAREASOLID(#5629,#5633,#5634,0.0099999997764825821);
#5636=IFCCARTESIANPOINTLIST2D(((0.,0.),(0.80282461643218994,0.),(0.80282461643218994,0.89999997615814209),(0.,0.89999997615814209)));
#5637=IFCINDEXEDPOLYCURVE(#5636,(IFCLINEINDEX((1,2,3,4,1))),$);
#5638=IFCCARTESIANPOINTLIST2D(((0.05000000074505806,0.05000000074505806),(0.75282461568713188,0.05000000074505806),(0.75282461568713188,0.84999997541308403),(0.05000000074505806,0.84999997541308403)));
#5639=IFCINDEXEDPOLYCURVE(#5638,(IFCLINEINDEX((1,2,3,4,1))),$);
#5640=IFCARBITRARYPROFILEDEFWITHVOIDS(.AREA.,$,#5637,(#5639));
#5641=IFCCARTESIANPOINT((0.,0.05000000074505806,0.));
#5642=IFCDIRECTION((0.,-1.,0.));
#5643=IFCDIRECTION((1.,0.,0.));
#5644=IFCAXIS2PLACEMENT3D(#5641,#5642,#5643);
#5645=IFCDIRECTION((0.,0.,-1.));
#5646=IFCEXTRUDEDAREASOLID(#5640,#5644,#5645,0.040000000968575478);
#5647=IFCCARTESIANPOINTLIST2D(((0.,0.),(0.75282461568713188,0.),(0.75282461568713188,0.84999997541308403),(0.,0.84999997541308403)));
#5648=IFCINDEXEDPOLYCURVE(#5647,(IFCLINEINDEX((1,2,3,4,1))),$);
#5649=IFCCARTESIANPOINTLIST2D(((0.035000000149011612,0.035000000149011612),(0.71782461553812027,0.035000000149011612),(0.71782461553812027,0.81499997526407242),(0.035000000149011612,0.81499997526407242)));
#5650=IFCINDEXEDPOLYCURVE(#5649,(IFCLINEINDEX((1,2,3,4,1))),$);
#5651=IFCARBITRARYPROFILEDEFWITHVOIDS(.AREA.,$,#5648,(#5650));
#5652=IFCCARTESIANPOINT((0.02500000037252903,0.090000001713633537,0.02500000037252903));
#5653=IFCDIRECTION((0.,-1.,0.));
#5654=IFCDIRECTION((1.,0.,0.));
#5655=IFCAXIS2PLACEMENT3D(#5652,#5653,#5654);
#5656=IFCDIRECTION((0.,0.,-1.));
#5657=IFCEXTRUDEDAREASOLID(#5651,#5655,#5656,0.035000000149011612);
#5658=IFCINDEXEDPOLYCURVE(#5659,(IFCLINEINDEX((1,2,3,4,1))),$);
#5659=IFCCARTESIANPOINTLIST2D(((0.035000000149011612,0.035000000149011612),(0.71782461553812027,0.035000000149011612),(0.71782461553812027,0.81499997526407242),(0.035000000149011612,0.81499997526407242)));
#5660=IFCARBITRARYCLOSEDPROFILEDEF(.AREA.,$,#5658);
#5661=IFCCARTESIANPOINT((0.02500000037252903,0.10250000178813934,0.02500000037252903));
#5662=IFCDIRECTION((0.,-1.,0.));
#5663=IFCDIRECTION((1.,0.,0.));
#5664=IFCAXIS2PLACEMENT3D(#5661,#5662,#5663);
#5665=IFCDIRECTION((0.,0.,-1.));
#5666=IFCEXTRUDEDAREASOLID(#5660,#5664,#5665,0.01);
#5667=IFCSHAPEREPRESENTATION(#11,'Body','SweptSolid',(#5635,#5646,#5657,#5666));
#5668=IFCCARTESIANPOINTLIST2D(((0.05000000074505806,0.05000000074505806),(0.75282461568713188,0.05000000074505806)));
#5669=IFCINDEXEDPOLYCURVE(#5668,$,$);
#5670=IFCCARTESIANPOINTLIST2D(((0.,0.10000000149011612),(0.02500000037252903,0.10000000149011612),(0.02500000037252903,0.090000001713633537),(0.05000000074505806,0.090000001713633537),(0.05000000074505806,0.05000000074505806),(0.,0.05000000074505806)));
#5671=IFCINDEXEDPOLYCURVE(#5670,(IFCLINEINDEX((1,2,3,4,5,6,1))),$);
#5672=IFCCARTESIANPOINTLIST2D(((0.80282461643218994,0.10000000149011612),(0.77782461605966091,0.10000000149011612),(0.77782461605966091,0.090000001713633537),(0.75282461568713188,0.090000001713633537),(0.75282461568713188,0.05000000074505806),(0.80282461643218994,0.05000000074505806)));
#5673=IFCINDEXEDPOLYCURVE(#5672,(IFCLINEINDEX((1,2,3,4,5,6,1))),$);
#5674=IFCCARTESIANPOINTLIST2D(((0.02500000037252903,0.090000001713633537),(0.060000000521540642,0.090000001713633537),(0.060000000521540642,0.12500000186264515),(0.02500000037252903,0.12500000186264515)));
#5675=IFCINDEXEDPOLYCURVE(#5674,(IFCLINEINDEX((1,2,3,4,1))),$);
#5676=IFCINDEXEDPOLYCURVE(#5677,(IFCLINEINDEX((1,2,3,4,1))),$);
#5677=IFCCARTESIANPOINTLIST2D(((0.77782461605966091,0.090000001713633537),(0.7428246159106493,0.090000001713633537),(0.7428246159106493,0.12500000186264515),(0.77782461605966091,0.12500000186264515)));
#5678=IFCCARTESIANPOINTLIST2D(((0.060000000521540642,0.090000001713633537),(0.7428246159106493,0.090000001713633537)));
#5679=IFCINDEXEDPOLYCURVE(#5678,$,$);
#5680=IFCINDEXEDPOLYCURVE(#5681,$,$);
#5681=IFCCARTESIANPOINTLIST2D(((0.060000000521540642,0.12500000186264515),(0.7428246159106493,0.12500000186264515)));
#5682=IFCINDEXEDPOLYCURVE(#5683,$,$);
#5683=IFCCARTESIANPOINTLIST2D(((0.060000000521540642,0.10750000178813934),(0.7428246159106493,0.10750000178813934)));
#5684=IFCSHAPEREPRESENTATION(#24,'Body','Curve2D',(#5669,#5671,#5673,#5675,#5676,#5679,#5680,#5682));
#5685=IFCCARTESIANPOINTLIST2D(((0.,0.),(0.80282461643218994,0.),(0.80282461643218994,0.89999997615814209),(0.,0.89999997615814209)));
#5686=IFCINDEXEDPOLYCURVE(#5685,(IFCLINEINDEX((1,2,3,4,1))),$);
#5687=IFCARBITRARYCLOSEDPROFILEDEF(.AREA.,$,#5686);
#5688=IFCCARTESIANPOINT((0.,-0.60000002384185791,0.));
#5689=IFCDIRECTION((0.,-1.,0.));
#5690=IFCDIRECTION((1.,0.,0.));
#5691=IFCAXIS2PLACEMENT3D(#5688,#5689,#5690);
#5692=IFCDIRECTION((0.,0.,-1.));
#5693=IFCEXTRUDEDAREASOLID(#5687,#5691,#5692,1.2);
#5694=IFCSHAPEREPRESENTATION(#11,'Body','SweptSolid',(#5693));
#5715=IFCCARTESIANPOINT((3.0103015418752559,7.2640293646841769E-07,1.));
#5716=IFCDIRECTION((0.,0.,1.));
#5717=IFCDIRECTION((0.99999999999999289,1.1920928244535129E-07,0.));
#5718=IFCAXIS2PLACEMENT3D(#5715,#5716,#5717);
#5719=IFCLOCALPLACEMENT(#542,#5718);
#5725=IFCCARTESIANPOINT((0.,-4.4408920985006262E-16,0.));
#5726=IFCDIRECTION((0.,0.,1.));
#5727=IFCDIRECTION((1.,0.,0.));
#5728=IFCAXIS2PLACEMENT3D(#5725,#5726,#5727);
#5729=IFCLOCALPLACEMENT(#5719,#5728);
#5730=IFCWINDOWTYPE('2Q0xThriz3kxrREwchEvSt',$,'MaidsRoom-GF',$,$,(#5731),(#5733,#5741,#5789),$,$,.WINDOW.,.SINGLE_PANEL.,$,$);
#5731=IFCPROPERTYSET('2Kzlukj0D7UfSVKrjoUX3O',$,'BBIM_Window',$,(#5732));
#5732=IFCPROPERTYSINGLEVALUE('Data',$,IFCTEXT('{"window_type": "SINGLE_PANEL", "overall_height": 0.8999999761581421, "overall_width": 0.8089338541030884, "lining_properties": {"lining_depth": 0.05000000074505806, "lining_thickness": 0.05000000074505806, "lining_offset": 0.05000000074505806, "lining_to_panel_offset_x": 0.02500000037252903, "lining_to_panel_offset_y": 0.02500000037252903}, "panel_properties": {"frame_depth": [0.03500000014901161, 0.03500000014901161, 0.03500000014901161], "frame_thickness": [0.03500000014901161, 0.03500000014901161, 0.03500000014901161]}}'),$);
#5733=IFCREPRESENTATIONMAP(#5734,#5878);
#5734=IFCAXIS2PLACEMENT3D(#5735,#5736,#5737);
#5735=IFCCARTESIANPOINT((0.,0.,0.));
#5736=IFCDIRECTION((0.,0.,1.));
#5737=IFCDIRECTION((1.,0.,0.));
#5741=IFCREPRESENTATIONMAP(#5742,#5921);
#5742=IFCAXIS2PLACEMENT3D(#5743,#5744,#5745);
#5743=IFCCARTESIANPOINT((0.,0.,0.));
#5744=IFCDIRECTION((0.,0.,1.));
#5745=IFCDIRECTION((1.,0.,0.));
#5789=IFCREPRESENTATIONMAP(#5790,#5944);
#5790=IFCAXIS2PLACEMENT3D(#5791,#5792,#5793);
#5791=IFCCARTESIANPOINT((0.,0.,0.));
#5792=IFCDIRECTION((0.,0.,1.));
#5793=IFCDIRECTION((1.,0.,0.));
#5811=IFCWINDOW('3F0yBZUEH2bPSQoYN70Ch3',$,'Window',$,$,#6230,#5820,$,0.89999997615814209,0.80893385410308838,$,.SINGLE_PANEL.,$);
#5812=IFCRELDEFINESBYTYPE('2ifyRT9V59Fgq7j1HlMF6t',$,$,$,(#5811),#5730);
#5813=IFCCARTESIANPOINT((0.,0.,0.));
#5814=IFCDIRECTION((1.,0.,0.));
#5815=IFCDIRECTION((0.,1.,0.));
#5816=IFCDIRECTION((0.,0.,1.));
#5817=IFCCARTESIANTRANSFORMATIONOPERATOR3D(#5814,#5815,#5813,1.,#5816);
#5818=IFCMAPPEDITEM(#5733,#5817);
#5819=IFCSHAPEREPRESENTATION(#18,'Profile','MappedRepresentation',(#5818));
#5820=IFCPRODUCTDEFINITIONSHAPE($,$,(#5819,#5827,#5834));
#5821=IFCCARTESIANPOINT((0.,0.,0.));
#5822=IFCDIRECTION((1.,0.,0.));
#5823=IFCDIRECTION((0.,1.,0.));
#5824=IFCDIRECTION((0.,0.,1.));
#5825=IFCCARTESIANTRANSFORMATIONOPERATOR3D(#5822,#5823,#5821,1.,#5824);
#5826=IFCMAPPEDITEM(#5741,#5825);
#5827=IFCSHAPEREPRESENTATION(#11,'Body','MappedRepresentation',(#5826));
#5828=IFCCARTESIANPOINT((0.,0.,0.));
#5829=IFCDIRECTION((1.,0.,0.));
#5830=IFCDIRECTION((0.,1.,0.));
#5831=IFCDIRECTION((0.,0.,1.));
#5832=IFCCARTESIANTRANSFORMATIONOPERATOR3D(#5829,#5830,#5828,1.,#5831);
#5833=IFCMAPPEDITEM(#5789,#5832);
#5834=IFCSHAPEREPRESENTATION(#24,'Body','MappedRepresentation',(#5833));
#5835=IFCOPENINGELEMENT('3vZ2zVTMX9FhQLrU_gXi51',$,'Opening',$,$,#5979,#5863,$,.OPENING.);
#5851=IFCCARTESIANPOINT((0.,0.,0.));
#5852=IFCDIRECTION((1.,0.,0.));
#5853=IFCDIRECTION((0.,0.,1.));
#5854=IFCAXIS2PLACEMENT3D(#5851,#5853,#5852);
#5855=IFCREPRESENTATIONMAP(#5854,#5954);
#5856=IFCCARTESIANPOINT((0.,0.,0.));
#5857=IFCDIRECTION((1.,0.,0.));
#5858=IFCDIRECTION((0.,1.,0.));
#5859=IFCDIRECTION((0.,0.,1.));
#5860=IFCCARTESIANTRANSFORMATIONOPERATOR3D(#5857,#5858,#5856,1.,#5859);
#5861=IFCMAPPEDITEM(#5855,#5860);
#5862=IFCSHAPEREPRESENTATION(#11,'Body','MappedRepresentation',(#5861));
#5863=IFCPRODUCTDEFINITIONSHAPE($,$,(#5862));
#5864=IFCRELVOIDSELEMENT('0WMYYjnu52cAzER$8LUwOk',$,$,$,#242,#5835);
#5870=IFCRELFILLSELEMENT('367ZypMj18WOkjCdtUhDaa',$,$,$,#5835,#5811);
#5876=IFCCARTESIANPOINTLIST3D(((0.,0.,0.),(0.80893385410308838,0.,0.),(0.80893385410308838,0.,0.89999997615814209),(0.,0.,0.89999997615814209)));
#5877=IFCINDEXEDPOLYCURVE(#5876,(IFCLINEINDEX((1,2,3,4,1))),$);
#5878=IFCSHAPEREPRESENTATION(#18,'Profile','Curve3D',(#5877));
#5879=IFCCARTESIANPOINTLIST2D(((0.,0.),(0.80893385410308838,0.),(0.80893385410308838,0.89999997615814209),(0.,0.89999997615814209)));
#5880=IFCINDEXEDPOLYCURVE(#5879,(IFCLINEINDEX((1,2,3,4,1))),$);
#5881=IFCCARTESIANPOINTLIST2D(((0.02500000037252903,0.02500000037252903),(0.78393385373055935,0.02500000037252903),(0.78393385373055935,0.87499997578561306),(0.02500000037252903,0.87499997578561306)));
#5882=IFCINDEXEDPOLYCURVE(#5881,(IFCLINEINDEX((1,2,3,4,1))),$);
#5883=IFCARBITRARYPROFILEDEFWITHVOIDS(.AREA.,$,#5880,(#5882));
#5884=IFCCARTESIANPOINT((0.,0.090000001713633537,0.));
#5885=IFCDIRECTION((0.,-1.,0.));
#5886=IFCDIRECTION((1.,0.,0.));
#5887=IFCAXIS2PLACEMENT3D(#5884,#5885,#5886);
#5888=IFCDIRECTION((0.,0.,-1.));
#5889=IFCEXTRUDEDAREASOLID(#5883,#5887,#5888,0.0099999997764825821);
#5890=IFCCARTESIANPOINTLIST2D(((0.,0.),(0.80893385410308838,0.),(0.80893385410308838,0.89999997615814209),(0.,0.89999997615814209)));
#5891=IFCINDEXEDPOLYCURVE(#5890,(IFCLINEINDEX((1,2,3,4,1))),$);
#5892=IFCCARTESIANPOINTLIST2D(((0.05000000074505806,0.05000000074505806),(0.75893385335803032,0.05000000074505806),(0.75893385335803032,0.84999997541308403),(0.05000000074505806,0.84999997541308403)));
#5893=IFCINDEXEDPOLYCURVE(#5892,(IFCLINEINDEX((1,2,3,4,1))),$);
#5894=IFCARBITRARYPROFILEDEFWITHVOIDS(.AREA.,$,#5891,(#5893));
#5895=IFCCARTESIANPOINT((0.,0.05000000074505806,0.));
#5896=IFCDIRECTION((0.,-1.,0.));
#5897=IFCDIRECTION((1.,0.,0.));
#5898=IFCAXIS2PLACEMENT3D(#5895,#5896,#5897);
#5899=IFCDIRECTION((0.,0.,-1.));
#5900=IFCEXTRUDEDAREASOLID(#5894,#5898,#5899,0.040000000968575478);
#5901=IFCCARTESIANPOINTLIST2D(((0.,0.),(0.75893385335803032,0.),(0.75893385335803032,0.84999997541308403),(0.,0.84999997541308403)));
#5902=IFCINDEXEDPOLYCURVE(#5901,(IFCLINEINDEX((1,2,3,4,1))),$);
#5903=IFCCARTESIANPOINTLIST2D(((0.035000000149011612,0.035000000149011612),(0.72393385320901871,0.035000000149011612),(0.72393385320901871,0.81499997526407242),(0.035000000149011612,0.81499997526407242)));
#5904=IFCINDEXEDPOLYCURVE(#5903,(IFCLINEINDEX((1,2,3,4,1))),$);
#5905=IFCARBITRARYPROFILEDEFWITHVOIDS(.AREA.,$,#5902,(#5904));
#5906=IFCCARTESIANPOINT((0.02500000037252903,0.090000001713633537,0.02500000037252903));
#5907=IFCDIRECTION((0.,-1.,0.));
#5908=IFCDIRECTION((1.,0.,0.));
#5909=IFCAXIS2PLACEMENT3D(#5906,#5907,#5908);
#5910=IFCDIRECTION((0.,0.,-1.));
#5911=IFCEXTRUDEDAREASOLID(#5905,#5909,#5910,0.035000000149011612);
#5912=IFCINDEXEDPOLYCURVE(#5913,(IFCLINEINDEX((1,2,3,4,1))),$);
#5913=IFCCARTESIANPOINTLIST2D(((0.035000000149011612,0.035000000149011612),(0.72393385320901871,0.035000000149011612),(0.72393385320901871,0.81499997526407242),(0.035000000149011612,0.81499997526407242)));
#5914=IFCARBITRARYCLOSEDPROFILEDEF(.AREA.,$,#5912);
#5915=IFCCARTESIANPOINT((0.02500000037252903,0.10250000178813934,0.02500000037252903));
#5916=IFCDIRECTION((0.,-1.,0.));
#5917=IFCDIRECTION((1.,0.,0.));
#5918=IFCAXIS2PLACEMENT3D(#5915,#5916,#5917);
#5919=IFCDIRECTION((0.,0.,-1.));
#5920=IFCEXTRUDEDAREASOLID(#5914,#5918,#5919,0.01);
#5921=IFCSHAPEREPRESENTATION(#11,'Body','SweptSolid',(#5889,#5900,#5911,#5920));
#5922=IFCSHAPEREPRESENTATION(#11,'Body','SweptSolid',(#5889,#5900));
#5923=IFCSHAPEASPECT((#5922),'Lining',$,.T.,#5820);
#5924=IFCSHAPEREPRESENTATION(#11,'Body','SweptSolid',(#5911));
#5925=IFCSHAPEASPECT((#5924),'Framing',$,.T.,#5820);
#5926=IFCSHAPEREPRESENTATION(#11,'Body','SweptSolid',(#5920));
#5927=IFCSHAPEASPECT((#5926),'Glazing',$,.T.,#5820);
#5928=IFCCARTESIANPOINTLIST2D(((0.05000000074505806,0.05000000074505806),(0.75893385335803032,0.05000000074505806)));
#5929=IFCINDEXEDPOLYCURVE(#5928,$,$);
#5930=IFCCARTESIANPOINTLIST2D(((0.,0.10000000149011612),(0.02500000037252903,0.10000000149011612),(0.02500000037252903,0.090000001713633537),(0.05000000074505806,0.090000001713633537),(0.05000000074505806,0.05000000074505806),(0.,0.05000000074505806)));
#5931=IFCINDEXEDPOLYCURVE(#5930,(IFCLINEINDEX((1,2,3,4,5,6,1))),$);
#5932=IFCCARTESIANPOINTLIST2D(((0.80893385410308838,0.10000000149011612),(0.78393385373055935,0.10000000149011612),(0.78393385373055935,0.090000001713633537),(0.75893385335803032,0.090000001713633537),(0.75893385335803032,0.05000000074505806),(0.80893385410308838,0.05000000074505806)));
#5933=IFCINDEXEDPOLYCURVE(#5932,(IFCLINEINDEX((1,2,3,4,5,6,1))),$);
#5934=IFCCARTESIANPOINTLIST2D(((0.02500000037252903,0.090000001713633537),(0.060000000521540642,0.090000001713633537),(0.060000000521540642,0.12500000186264515),(0.02500000037252903,0.12500000186264515)));
#5935=IFCINDEXEDPOLYCURVE(#5934,(IFCLINEINDEX((1,2,3,4,1))),$);
#5936=IFCINDEXEDPOLYCURVE(#5937,(IFCLINEINDEX((1,2,3,4,1))),$);
#5937=IFCCARTESIANPOINTLIST2D(((0.78393385373055935,0.090000001713633537),(0.74893385358154774,0.090000001713633537),(0.74893385358154774,0.12500000186264515),(0.78393385373055935,0.12500000186264515)));
#5938=IFCCARTESIANPOINTLIST2D(((0.060000000521540642,0.090000001713633537),(0.74893385358154774,0.090000001713633537)));
#5939=IFCINDEXEDPOLYCURVE(#5938,$,$);
#5940=IFCINDEXEDPOLYCURVE(#5941,$,$);
#5941=IFCCARTESIANPOINTLIST2D(((0.060000000521540642,0.12500000186264515),(0.74893385358154774,0.12500000186264515)));
#5942=IFCINDEXEDPOLYCURVE(#5943,$,$);
#5943=IFCCARTESIANPOINTLIST2D(((0.060000000521540642,0.10750000178813934),(0.74893385358154774,0.10750000178813934)));
#5944=IFCSHAPEREPRESENTATION(#24,'Body','Curve2D',(#5929,#5931,#5933,#5935,#5936,#5939,#5940,#5942));
#5945=IFCCARTESIANPOINTLIST2D(((0.,0.),(0.80893385410308838,0.),(0.80893385410308838,0.89999997615814209),(0.,0.89999997615814209)));
#5946=IFCINDEXEDPOLYCURVE(#5945,(IFCLINEINDEX((1,2,3,4,1))),$);
#5947=IFCARBITRARYCLOSEDPROFILEDEF(.AREA.,$,#5946);
#5948=IFCCARTESIANPOINT((0.,-0.60000002384185791,0.));
#5949=IFCDIRECTION((0.,-1.,0.));
#5950=IFCDIRECTION((1.,0.,0.));
#5951=IFCAXIS2PLACEMENT3D(#5948,#5949,#5950);
#5952=IFCDIRECTION((0.,0.,-1.));
#5953=IFCEXTRUDEDAREASOLID(#5947,#5951,#5952,1.2);
#5954=IFCSHAPEREPRESENTATION(#11,'Body','SweptSolid',(#5953));
#5975=IFCCARTESIANPOINT((0.74939167499555115,-1.850132731462395E-07,1.));
#5976=IFCDIRECTION((0.,0.,1.));
#5977=IFCDIRECTION((0.99999999999997158,-2.3841857910149749E-07,0.));
#5978=IFCAXIS2PLACEMENT3D(#5975,#5976,#5977);
#5979=IFCLOCALPLACEMENT(#253,#5978);
#6069=IFCCARTESIANPOINTLIST3D(((0.,0.,0.),(0.71338069438934326,0.,0.),(0.71338069438934326,0.,2.),(0.,0.,2.)));
#6070=IFCINDEXEDPOLYCURVE(#6069,(IFCLINEINDEX((1,2,3,4,1))),$);
#6071=IFCSHAPEREPRESENTATION(#18,'Profile','Curve3D',(#6070));
#6072=IFCCARTESIANPOINTLIST2D(((0.,0.),(0.,1.9976401329040527),(0.71338069438934326,1.9976401329040527),(0.71338069438934326,0.),(0.71238069434184581,0.),(0.71238069434184581,1.9726401325315237),(0.0010000000474974513,1.9726401325315237),(0.0010000000474974513,0.)));
#6073=IFCINDEXEDPOLYCURVE(#6072,(IFCLINEINDEX((1,2,3,4,5,6,7,8,1))),$);
#6074=IFCARBITRARYCLOSEDPROFILEDEF(.AREA.,$,#6073);
#6075=IFCCARTESIANPOINT((0.,0.02500000037252903,0.));
#6076=IFCDIRECTION((0.,-1.,0.));
#6077=IFCDIRECTION((1.,0.,0.));
#6078=IFCAXIS2PLACEMENT3D(#6075,#6076,#6077);
#6079=IFCDIRECTION((0.,0.,-1.));
#6080=IFCEXTRUDEDAREASOLID(#6074,#6078,#6079,0.02500000037252903);
#6081=IFCCARTESIANPOINTLIST2D(((0.,0.),(0.,1.9976401329040527),(0.71338069438934326,1.9976401329040527),(0.71338069438934326,0.),(0.71238069434184581,0.),(0.71238069434184581,1.8844785690307617),(0.0010000000474974513,1.8844785690307617),(0.0010000000474974513,0.)));
#6082=IFCINDEXEDPOLYCURVE(#6081,(IFCLINEINDEX((1,2,3,4,5,6,7,8,1))),$);
#6083=IFCARBITRARYCLOSEDPROFILEDEF(.AREA.,$,#6082);
#6084=IFCCARTESIANPOINT((0.,0.,0.));
#6085=IFCDIRECTION((0.,-1.,0.));
#6086=IFCDIRECTION((1.,0.,0.));
#6087=IFCAXIS2PLACEMENT3D(#6084,#6085,#6086);
#6088=IFCDIRECTION((0.,0.,-1.));
#6089=IFCEXTRUDEDAREASOLID(#6083,#6087,#6088,0.02500000037252903);
#6090=IFCCARTESIANPOINTLIST2D(((0.,0.),(0.71138069429434836,0.),(0.71138069429434836,0.10000000149011612),(0.,0.10000000149011612)));
#6091=IFCINDEXEDPOLYCURVE(#6090,(IFCLINEINDEX((1,2,3,4,1))),$);
#6092=IFCARBITRARYCLOSEDPROFILEDEF(.AREA.,$,#6091);
#6093=IFCCARTESIANPOINT((0.0010000000474974513,0.,0.));
#6094=IFCDIRECTION((0.,0.,1.));
#6095=IFCDIRECTION((1.,0.,0.));
#6096=IFCAXIS2PLACEMENT3D(#6093,#6094,#6095);
#6097=IFCDIRECTION((0.,0.,1.));
#6098=IFCEXTRUDEDAREASOLID(#6092,#6096,#6097,0.02500000037252903);
#6099=IFCCARTESIANPOINTLIST2D(((0.,0.),(0.,2.1139854212524369),(0.94135153689421713,2.1139854212524369),(0.94135153689421713,0.),(0.82636611559428275,0.),(0.82636611559428275,1.9989999999525025),(0.11498542129993439,1.9989999999525025),(0.11498542129993439,0.)));
#6100=IFCINDEXEDPOLYCURVE(#6099,(IFCLINEINDEX((1,2,3,4,5,6,7,8,1))),$);
#6101=IFCARBITRARYCLOSEDPROFILEDEF(.AREA.,$,#6100);
#6102=IFCCARTESIANPOINT((-0.11398542125243694,-0.0010000000474974513,0.));
#6103=IFCDIRECTION((0.,-1.,0.));
#6104=IFCDIRECTION((1.,0.,0.));
#6105=IFCAXIS2PLACEMENT3D(#6102,#6103,#6104);
#6106=IFCDIRECTION((0.,0.,-1.));
#6107=IFCEXTRUDEDAREASOLID(#6101,#6105,#6106,0.0010000000474974513);
#6108=IFCCARTESIANPOINTLIST2D(((0.,0.),(0.,2.1139854212524369),(0.94135153689421713,2.1139854212524369),(0.94135153689421713,0.),(0.82636611559428275,0.),(0.82636611559428275,2.0871615634532645),(0.11498542129993439,2.0871615634532645),(0.11498542129993439,0.)));
#6109=IFCINDEXEDPOLYCURVE(#6108,(IFCLINEINDEX((1,2,3,4,5,6,7,8,1))),$);
#6110=IFCARBITRARYCLOSEDPROFILEDEF(.AREA.,$,#6109);
#6111=IFCCARTESIANPOINT((-0.11398542125243694,0.05000000074505806,0.));
#6112=IFCDIRECTION((0.,-1.,0.));
#6113=IFCDIRECTION((1.,0.,0.));
#6114=IFCAXIS2PLACEMENT3D(#6111,#6112,#6113);
#6115=IFCDIRECTION((0.,0.,-1.));
#6116=IFCEXTRUDEDAREASOLID(#6110,#6114,#6115,0.0010000000474974513);
#6117=IFCCARTESIANPOINTLIST2D(((0.,0.),(0.6633806936442852,0.),(0.6633806936442852,0.035000000149011612),(0.,0.035000000149011612)));
#6118=IFCINDEXEDPOLYCURVE(#6117,(IFCLINEINDEX((1,2,3,4,1))),$);
#6119=IFCARBITRARYCLOSEDPROFILEDEF(.AREA.,$,#6118);
#6120=IFCCARTESIANPOINT((0.02500000037252903,0.02500000037252903,0.02500000037252903));
#6121=IFCDIRECTION((0.,0.,1.));
#6122=IFCDIRECTION((1.,0.,0.));
#6123=IFCAXIS2PLACEMENT3D(#6120,#6121,#6122);
#6124=IFCDIRECTION((0.,0.,1.));
#6125=IFCEXTRUDEDAREASOLID(#6119,#6123,#6124,1.9476401321589947);
#6126=IFCCARTESIANPOINTLIST2D(((0.,0.),(0.,-0.040000000000000001),(-0.11999999999999988,-0.040000000000000001),(-0.11999999999999988,-0.02),(-0.020000000000000018,-0.02),(-0.020000000000000018,0.)));
#6127=IFCINDEXEDPOLYCURVE(#6126,(IFCLINEINDEX((1,2,3,4,5,6,1))),$);
#6128=IFCARBITRARYCLOSEDPROFILEDEF(.AREA.,$,#6127);
#6129=IFCCARTESIANPOINT((0.63838069401681419,0.02500000037252903,1.015000000372529));
#6130=IFCDIRECTION((0.,0.,1.));
#6131=IFCDIRECTION((1.,0.,0.));
#6132=IFCAXIS2PLACEMENT3D(#6129,#6130,#6131);
#6133=IFCDIRECTION((0.,0.,1.));
#6134=IFCEXTRUDEDAREASOLID(#6128,#6132,#6133,0.02);
#6135=IFCEXTRUDEDAREASOLID(#6136,#6139,#6143,0.02);
#6136=IFCARBITRARYCLOSEDPROFILEDEF(.AREA.,$,#6137);
#6137=IFCINDEXEDPOLYCURVE(#6138,(IFCLINEINDEX((1,2,3,4,5,6,1))),$);
#6138=IFCCARTESIANPOINTLIST2D(((0.,0.),(0.,0.040000000000000008),(-0.11999999999999988,0.040000000000000008),(-0.11999999999999988,0.020000000000000004),(-0.020000000000000018,0.020000000000000004),(-0.020000000000000018,0.)));
#6139=IFCAXIS2PLACEMENT3D(#6140,#6141,#6142);
#6140=IFCCARTESIANPOINT((0.63838069401681419,0.060000000521540642,1.015000000372529));
#6141=IFCDIRECTION((0.,0.,1.));
#6142=IFCDIRECTION((1.,0.,0.));
#6143=IFCDIRECTION((0.,0.,1.));
#6144=IFCCARTESIANPOINTLIST2D(((0.,0.),(0.71338069438934326,0.),(0.71338069438934326,0.0023598670959472656),(0.,0.0023598670959472656)));
#6145=IFCINDEXEDPOLYCURVE(#6144,(IFCLINEINDEX((1,2,3,4,1))),$);
#6146=IFCCARTESIANPOINTLIST2D(((0.0010000000474974513,0.02500000037252903),(0.71238069434184581,0.02500000037252903),(0.71238069434184581,0.0013598670484498143),(0.0010000000474974513,0.0013598670484498143)));
#6147=IFCINDEXEDPOLYCURVE(#6146,(IFCLINEINDEX((1,2,3,4,1))),$);
#6148=IFCARBITRARYPROFILEDEFWITHVOIDS(.AREA.,$,#6145,(#6147));
#6149=IFCCARTESIANPOINT((0.,0.02500000037252903,1.9976401329040527));
#6150=IFCDIRECTION((0.,-1.,0.));
#6151=IFCDIRECTION((1.,0.,0.));
#6152=IFCAXIS2PLACEMENT3D(#6149,#6150,#6151);
#6153=IFCDIRECTION((0.,0.,-1.));
#6154=IFCEXTRUDEDAREASOLID(#6148,#6152,#6153,0.02500000037252903);
#6155=IFCCARTESIANPOINTLIST2D(((0.,0.),(0.71338069438934326,0.),(0.71338069438934326,0.0023598670959472656),(0.,0.0023598670959472656)));
#6156=IFCINDEXEDPOLYCURVE(#6155,(IFCLINEINDEX((1,2,3,4,1))),$);
#6157=IFCCARTESIANPOINTLIST2D(((0.0010000000474974513,0.11316156387329102),(0.71238069434184581,0.11316156387329102),(0.71238069434184581,0.0013598670484498143),(0.0010000000474974513,0.0013598670484498143)));
#6158=IFCINDEXEDPOLYCURVE(#6157,(IFCLINEINDEX((1,2,3,4,1))),$);
#6159=IFCARBITRARYPROFILEDEFWITHVOIDS(.AREA.,$,#6156,(#6158));
#6160=IFCCARTESIANPOINT((0.,0.,1.9976401329040527));
#6161=IFCDIRECTION((0.,-1.,0.));
#6162=IFCDIRECTION((1.,0.,0.));
#6163=IFCAXIS2PLACEMENT3D(#6160,#6161,#6162);
#6164=IFCDIRECTION((0.,0.,-1.));
#6165=IFCEXTRUDEDAREASOLID(#6159,#6163,#6164,0.02500000037252903);
#6166=IFCCARTESIANPOINTLIST2D(((0.,0.),(0.6633806936442852,0.),(0.6633806936442852,-0.047640133649110794),(0.,-0.047640133649110794)));
#6167=IFCINDEXEDPOLYCURVE(#6166,(IFCLINEINDEX((1,2,3,4,1))),$);
#6168=IFCCARTESIANPOINTLIST2D(((0.035000000149011612,0.035000000149011612),(0.62838069349527359,0.035000000149011612),(0.62838069349527359,-0.082640133798122406),(0.035000000149011612,-0.082640133798122406)));
#6169=IFCINDEXEDPOLYCURVE(#6168,(IFCLINEINDEX((1,2,3,4,1))),$);
#6170=IFCARBITRARYPROFILEDEFWITHVOIDS(.AREA.,$,#6167,(#6169));
#6171=IFCCARTESIANPOINT((0.02500000037252903,0.02500000037252903,2.0226401332765818));
#6172=IFCDIRECTION((0.,-1.,0.));
#6173=IFCDIRECTION((1.,0.,0.));
#6174=IFCAXIS2PLACEMENT3D(#6171,#6172,#6173);
#6175=IFCDIRECTION((0.,0.,-1.));
#6176=IFCEXTRUDEDAREASOLID(#6170,#6174,#6175,0.035000000149011612);
#6177=IFCINDEXEDPOLYCURVE(#6178,(IFCLINEINDEX((1,2,3,4,1))),$);
#6178=IFCCARTESIANPOINTLIST2D(((0.035000000149011612,0.035000000149011612),(0.62838069349527359,0.035000000149011612),(0.62838069349527359,-0.082640133798122406),(0.035000000149011612,-0.082640133798122406)));
#6179=IFCARBITRARYCLOSEDPROFILEDEF(.AREA.,$,#6177);
#6180=IFCCARTESIANPOINT((0.02500000037252903,0.037500000447034831,2.0226401332765818));
#6181=IFCDIRECTION((0.,-1.,0.));
#6182=IFCDIRECTION((1.,0.,0.));
#6183=IFCAXIS2PLACEMENT3D(#6180,#6181,#6182);
#6184=IFCDIRECTION((0.,0.,-1.));
#6185=IFCEXTRUDEDAREASOLID(#6179,#6183,#6184,0.01);
#6186=IFCSHAPEREPRESENTATION(#11,'Body','SweptSolid',(#6080,#6089,#6125,#6134,#6135,#6154,#6165,#6176,#6185,#6098,#6107,#6116));
#6187=IFCCARTESIANPOINTLIST2D(((0.,0.),(0.0010000000474974513,0.),(0.0010000000474974513,0.05000000074505806),(0.,0.05000000074505806)));
#6188=IFCINDEXEDPOLYCURVE(#6187,(IFCLINEINDEX((1,2,3,4,1))),$);
#6189=IFCINDEXEDPOLYCURVE(#6190,(IFCLINEINDEX((1,2,3,4,1))),$);
#6190=IFCCARTESIANPOINTLIST2D(((0.71338069438934326,0.),(0.71238069434184581,0.),(0.71238069434184581,0.05000000074505806),(0.71338069438934326,0.05000000074505806)));
#6191=IFCDIRECTION((1.,0.));
#6192=IFCCARTESIANPOINT((0.060000000521540642,0.05000000074505806));
#6193=IFCAXIS2PLACEMENT2D(#6192,#6191);
#6194=IFCELLIPSE(#6193,0.62838069349527359,0.6633806936442852);
#6195=IFCCARTESIANPOINT((0.68838069401681423,0.05000000074505806));
#6196=IFCCARTESIANPOINT((0.060000000521540642,0.71338069438934326));
#6197=IFCTRIMMEDCURVE(#6194,(#6195),(#6196),.T.,.CARTESIAN.);
#6198=IFCCARTESIANPOINTLIST2D(((0.02500000037252903,0.05000000074505806),(0.060000000521540642,0.05000000074505806),(0.060000000521540642,0.71338069438934326),(0.02500000037252903,0.71338069438934326)));
#6199=IFCINDEXEDPOLYCURVE(#6198,(IFCLINEINDEX((1,2,3,4,1))),$);
#6200=IFCSHAPEREPRESENTATION(#24,'Body','Curve2D',(#6188,#6189,#6197,#6199));
#6201=IFCCARTESIANPOINTLIST2D(((0.,0.),(0.71338069438934326,0.),(0.71338069438934326,2.),(0.,2.)));
#6202=IFCINDEXEDPOLYCURVE(#6201,(IFCLINEINDEX((1,2,3,4,1))),$);
#6203=IFCARBITRARYCLOSEDPROFILEDEF(.AREA.,$,#6202);
#6204=IFCCARTESIANPOINT((0.,-0.60000002384185791,0.));
#6205=IFCDIRECTION((0.,-1.,0.));
#6206=IFCDIRECTION((1.,0.,0.));
#6207=IFCAXIS2PLACEMENT3D(#6204,#6205,#6206);
#6208=IFCDIRECTION((0.,0.,-1.));
#6209=IFCEXTRUDEDAREASOLID(#6203,#6207,#6208,1.2);
#6210=IFCSHAPEREPRESENTATION(#11,'Body','SweptSolid',(#6209));
#6216=IFCCARTESIANPOINT((0.067589280068872881,0.015000118064293355,0.));
#6217=IFCDIRECTION((0.,0.,1.));
#6218=IFCDIRECTION((0.99999999999999289,-1.1920928955077312E-07,0.));
#6219=IFCAXIS2PLACEMENT3D(#6216,#6217,#6218);
#6220=IFCLOCALPLACEMENT(#803,#6219);
#6221=IFCCARTESIANPOINT((-1.3322676295501878E-15,0.,0.));
#6222=IFCDIRECTION((0.,0.,1.));
#6223=IFCDIRECTION((1.,0.,0.));
#6224=IFCAXIS2PLACEMENT3D(#6221,#6222,#6223);
#6225=IFCLOCALPLACEMENT(#6220,#6224);
#6226=IFCCARTESIANPOINT((0.,0.,0.));
#6227=IFCDIRECTION((0.,0.,1.));
#6228=IFCDIRECTION((1.,0.,0.));
#6229=IFCAXIS2PLACEMENT3D(#6226,#6227,#6228);
#6230=IFCLOCALPLACEMENT(#5979,#6229);
#6231=IFCCARTESIANPOINT((0.,0.,3.));
#6232=IFCDIRECTION((0.,0.,1.));
#6233=IFCDIRECTION((1.,0.,0.));
#6234=IFCAXIS2PLACEMENT3D(#6231,#6232,#6233);
#6235=IFCLOCALPLACEMENT(#56,#6234);
#6259=IFCSLAB('2pcv_c3QH24htWuTCsA$T1',$,'Slab',$,$,#6267,#6274,$,$);
#6260=IFCRELCONTAINEDINSPATIALSTRUCTURE('3kuoQl_Jf0xBhAK$7ju2In',$,$,$,(#6341,#6259),#63);
#6261=IFCMATERIALLAYERSETUSAGE(#1684,.AXIS3.,.POSITIVE.,-0.10000000149011612,$);
#6262=IFCRELASSOCIATESMATERIAL('0PNYYIBuj68hjTAJPrkrz$',$,$,$,(#6259),#6261);
#6263=IFCCARTESIANPOINT((4.2257342338562012,6.469855785369873,0.));
#6264=IFCDIRECTION((0.,0.,1.));
#6265=IFCDIRECTION((1.,0.,0.));
#6266=IFCAXIS2PLACEMENT3D(#6263,#6264,#6265);
#6267=IFCLOCALPLACEMENT(#6235,#6266);
#6268=IFCCARTESIANPOINTLIST2D(((0.,0.),(-3.4500002861022949,-4.76837158203125E-07),(-3.4499998092651367,-1.4500002861022949),(-6.9999995231628418,-1.4499988555908203),(-6.9999985694885254,-6.5999999046325684),(-3.9999990463256836,-6.5999999046325684),(-4.0000004768371582,-9.0500001907348633),(-4.76837158203125E-07,-9.0500001907348633),(0.,0.)));
#6269=IFCINDEXEDPOLYCURVE(#6268,$,$);
#6270=IFCDIRECTION((0.,0.,1.));
#6271=IFCARBITRARYCLOSEDPROFILEDEF(.AREA.,$,#6269);
#6272=IFCEXTRUDEDAREASOLID(#6271,#6281,#6270,0.10000000000000001);
#6273=IFCSHAPEREPRESENTATION(#11,'Body','SweptSolid',(#6272));
#6274=IFCPRODUCTDEFINITIONSHAPE($,$,(#6273));
#6275=IFCPROPERTYSET('35L7kQ$2f1Ie$ioV9RBPaq',$,'EPset_Parametric',$,(#6277));
#6276=IFCRELDEFINESBYPROPERTIES('2RrFNxrqrErfqg2qlwF91K',$,$,$,(#6259),#6275);
#6277=IFCPROPERTYSINGLEVALUE('Engine',$,IFCLABEL('Bonsai.DumbLayer3'),$);
#6278=IFCCARTESIANPOINT((-0.,-0.,-0.10000000149011612));
#6279=IFCDIRECTION((0.,0.,1.));
#6280=IFCDIRECTION((1.,0.,0.));
#6281=IFCAXIS2PLACEMENT3D(#6278,#6279,#6280);
#6282=IFCROOFTYPE('3HHBZpUwLBuA9U2k3Dz0Cg',$,'Unnamed',$,$,(#6283),(#6312,#6340),$,$,.HIP_ROOF.);
#6283=IFCPROPERTYSET('1JqWcQ9T5EzhMdsokNC6lm',$,'BBIM_Roof',$,(#6284));
#6284=IFCPROPERTYSINGLEVALUE('Data',$,IFCTEXT('{"roof_type": "HIP/GABLE ROOF", "generation_method": "ANGLE", "roof_thickness": 0.10000000149011612, "rafter_edge_angle": 1.5707963705062866, "angle": 0.1745329201221466, "percentage": 17.63269805908203, "path_data": {"edges": [[0, 1], [1, 2], [2, 3], [3, 0]], "verts": [[-5.0, -5.0, 0.0], [-5.0, 5.0, 0.0], [5.0, 5.0, 0.0], [5.0, -5.0, 0.0]]}}'),$);
#6308=IFCCARTESIANPOINT((0.,0.,0.));
#6309=IFCDIRECTION((1.,0.,0.));
#6310=IFCDIRECTION((0.,0.,1.));
#6311=IFCAXIS2PLACEMENT3D(#6308,#6310,#6309);
#6312=IFCREPRESENTATIONMAP(#6311,#6331);
#6313=IFCINDEXEDPOLYGONALFACE((3,1,2));
#6314=IFCINDEXEDPOLYGONALFACE((2,4,3));
#6315=IFCINDEXEDPOLYGONALFACE((1,3,5));
#6316=IFCINDEXEDPOLYGONALFACE((4,5,3));
#6317=IFCINDEXEDPOLYGONALFACE((6,7,8));
#6318=IFCINDEXEDPOLYGONALFACE((8,2,1));
#6319=IFCINDEXEDPOLYGONALFACE((8,1,6));
#6320=IFCINDEXEDPOLYGONALFACE((8,7,9));
#6321=IFCINDEXEDPOLYGONALFACE((2,8,9));
#6322=IFCINDEXEDPOLYGONALFACE((2,9,4));
#6323=IFCINDEXEDPOLYGONALFACE((10,7,6));
#6324=IFCINDEXEDPOLYGONALFACE((6,1,5));
#6325=IFCINDEXEDPOLYGONALFACE((6,5,10));
#6326=IFCINDEXEDPOLYGONALFACE((9,7,10));
#6327=IFCINDEXEDPOLYGONALFACE((4,9,10));
#6328=IFCINDEXEDPOLYGONALFACE((4,10,5));
#6329=IFCCARTESIANPOINTLIST3D(((-5.,-5.,0.),(5.,-5.,0.),(0.,0.,0.88163489103317261),(5.,5.,0.),(-5.,5.,0.),(-5.,-5.,-0.10154265910387039),(0.,0.,0.78009223937988281),(5.,-5.,-0.10154265910387039),(5.,5.,-0.10154265910387039),(-5.,5.,-0.10154265910387039)));
#6330=IFCPOLYGONALFACESET(#6329,.T.,(#6313,#6314,#6315,#6316,#6317,#6318,#6319,#6320,#6321,#6322,#6323,#6324,#6325,#6326,#6327,#6328),$);
#6331=IFCSHAPEREPRESENTATION(#11,'Body','Tessellation',(#6330));
#6333=IFCCARTESIANPOINT((-5.,-5.,-0.10154265910387039));
#6334=IFCBOUNDINGBOX(#6333,10.,10.,0.9831775426864624);
#6335=IFCSHAPEREPRESENTATION(#13,'Box','BoundingBox',(#6334));
#6336=IFCCARTESIANPOINT((0.,0.,0.));
#6337=IFCDIRECTION((1.,0.,0.));
#6338=IFCDIRECTION((0.,0.,1.));
#6339=IFCAXIS2PLACEMENT3D(#6336,#6338,#6337);
#6340=IFCREPRESENTATIONMAP(#6339,#6335);
#6341=IFCROOF('3z21czNnX3BxmOdI1GyTwm',$,'Roof',$,$,#6367,#6350,$,$);
#6342=IFCRELDEFINESBYTYPE('2lylB6hF94oe2vgsj43CeO',$,$,$,(#6341),#6282);
#6343=IFCCARTESIANPOINT((0.,0.,0.));
#6344=IFCDIRECTION((1.,0.,0.));
#6345=IFCDIRECTION((0.,1.,0.));
#6346=IFCDIRECTION((0.,0.,1.));
#6347=IFCCARTESIANTRANSFORMATIONOPERATOR3D(#6344,#6345,#6343,1.,#6346);
#6348=IFCMAPPEDITEM(#6312,#6347);
#6349=IFCSHAPEREPRESENTATION(#11,'Body','MappedRepresentation',(#6348));
#6350=IFCPRODUCTDEFINITIONSHAPE($,$,(#6349,#6357));
#6351=IFCCARTESIANPOINT((0.,0.,0.));
#6352=IFCDIRECTION((1.,0.,0.));
#6353=IFCDIRECTION((0.,1.,0.));
#6354=IFCDIRECTION((0.,0.,1.));
#6355=IFCCARTESIANTRANSFORMATIONOPERATOR3D(#6352,#6353,#6351,1.,#6354);
#6356=IFCMAPPEDITEM(#6340,#6355);
#6357=IFCSHAPEREPRESENTATION(#13,'Box','MappedRepresentation',(#6356));
#6363=IFCCARTESIANPOINT((0.7546992301940918,2.0557188987731934,0.10154271125793457));
#6364=IFCDIRECTION((0.,0.,1.));
#6365=IFCDIRECTION((1.,0.,0.));
#6366=IFCAXIS2PLACEMENT3D(#6363,#6364,#6365);
#6367=IFCLOCALPLACEMENT(#6235,#6366);
ENDSEC;
END-ISO-10303-21;
